Role,Module,Route,API endpoint,Action,Expected access,Navigation visibility,Direct URL access,Backend/API authorization,Ownership restriction,Automated test,Browser result,Live result,Status,Evidence,Blocker
owner,Admin & Reports,/admin,N/A (page resource; endpoint matrix tracked separately),View,ALLOW (current source policy),VISIBLE,ALLOW,Page/layout gate; action and endpoint capabilities require separate rows,Tenant scope required,NOT TESTED,NOT TESTED,NOT TESTED,NOT TESTED,apps/web/src/app/(dashboard)/admin/page.tsx; apps/web/src/lib/operations/nav-config.ts; apps/web/src/lib/protected-route.ts,
owner,Admin & Reports,/admin/data-quality,N/A (page resource; endpoint matrix tracked separately),View,ALLOW (current source policy),PARENT VISIBLE,ALLOW,Page/layout gate; action and endpoint capabilities require separate rows,Tenant scope required,NOT TESTED,NOT TESTED,NOT TESTED,NOT TESTED,apps/web/src/app/(dashboard)/admin/data-quality/page.tsx; apps/web/src/lib/operations/nav-config.ts; apps/web/src/lib/protected-route.ts,
owner,Admin & Reports,/admin/mapping-config,N/A (page resource; endpoint matrix tracked separately),View,ALLOW (current source policy),PARENT VISIBLE,ALLOW,Page/layout gate; action and endpoint capabilities require separate rows,Tenant scope required,NOT TESTED,NOT TESTED,NOT TESTED,NOT TESTED,apps/web/src/app/(dashboard)/admin/mapping-config/page.tsx; apps/web/src/lib/operations/nav-config.ts; apps/web/src/lib/protected-route.ts,
owner,Admin & Reports,/admin/material-items,N/A (page resource; endpoint matrix tracked separately),View,ALLOW (current source policy),PARENT VISIBLE,ALLOW,Page/layout gate; action and endpoint capabilities require separate rows,Tenant scope required,NOT TESTED,NOT TESTED,NOT TESTED,NOT TESTED,apps/web/src/app/(dashboard)/admin/material-items/page.tsx; apps/web/src/lib/operations/nav-config.ts; apps/web/src/lib/protected-route.ts,
owner,Admin & Reports,/admin/rate-cards,N/A (page resource; endpoint matrix tracked separately),View,ALLOW (current source policy),PARENT VISIBLE,ALLOW,Page/layout gate; action and endpoint capabilities require separate rows,Tenant scope required,NOT TESTED,NOT TESTED,NOT TESTED,NOT TESTED,apps/web/src/app/(dashboard)/admin/rate-cards/page.tsx; apps/web/src/lib/operations/nav-config.ts; apps/web/src/lib/protected-route.ts,
owner,Admin & Reports,/admin/users,N/A (page resource; endpoint matrix tracked separately),View,ALLOW (current source policy),PARENT VISIBLE,ALLOW,Page/layout gate; action and endpoint capabilities require separate rows,Tenant scope required,NOT TESTED,NOT TESTED,NOT TESTED,NOT TESTED,apps/web/src/app/(dashboard)/admin/users/page.tsx; apps/web/src/lib/operations/nav-config.ts; apps/web/src/lib/protected-route.ts,
owner,Admin & Reports,/admin/users/[id],N/A (page resource; endpoint matrix tracked separately),View,ALLOW (current source policy),PARENT VISIBLE,ALLOW,Page/layout gate; action and endpoint capabilities require separate rows,Tenant scope required,NOT TESTED,NOT TESTED,NOT TESTED,NOT TESTED,apps/web/src/app/(dashboard)/admin/users/[id]/page.tsx; apps/web/src/lib/operations/nav-config.ts; apps/web/src/lib/protected-route.ts,
owner,Admin & Reports,/admin/users/new,N/A (page resource; endpoint matrix tracked separately),View,ALLOW (current source policy),PARENT VISIBLE,ALLOW,Page/layout gate; action and endpoint capabilities require separate rows,Tenant scope required,NOT TESTED,NOT TESTED,NOT TESTED,NOT TESTED,apps/web/src/app/(dashboard)/admin/users/new/page.tsx; apps/web/src/lib/operations/nav-config.ts; apps/web/src/lib/protected-route.ts,
owner,Assets,/assets,N/A (page resource; endpoint matrix tracked separately),View,ALLOW (current source policy),HIDDEN BY CONTROLLED-ROLLOUT FLAG,ALLOW,Page/layout gate; action and endpoint capabilities require separate rows,Tenant scope required,NOT TESTED,NOT TESTED,NOT TESTED,NOT TESTED,apps/web/src/app/(dashboard)/assets/page.tsx; apps/web/src/lib/operations/nav-config.ts; apps/web/src/lib/protected-route.ts,
owner,Assets,/assets/[assetId],N/A (page resource; endpoint matrix tracked separately),View,ALLOW (current source policy),HIDDEN BY CONTROLLED-ROLLOUT FLAG,ALLOW,Page/layout gate; action and endpoint capabilities require separate rows,Tenant scope required,NOT TESTED,NOT TESTED,NOT TESTED,NOT TESTED,apps/web/src/app/(dashboard)/assets/[assetId]/page.tsx; apps/web/src/lib/operations/nav-config.ts; apps/web/src/lib/protected-route.ts,
owner,BOM Engine,/bom,N/A (page resource; endpoint matrix tracked separately),View,ALLOW (current source policy),VISIBLE,ALLOW,Page/layout gate; action and endpoint capabilities require separate rows,Tenant scope required,NOT TESTED,NOT TESTED,NOT TESTED,NOT TESTED,apps/web/src/app/(dashboard)/bom/page.tsx; apps/web/src/lib/operations/nav-config.ts; apps/web/src/lib/protected-route.ts,
owner,Finance & Billing,/claims,N/A (page resource; endpoint matrix tracked separately),View,ALLOW (current source policy),VISIBLE,ALLOW,Page/layout gate; action and endpoint capabilities require separate rows,Tenant scope required,NOT TESTED,NOT TESTED,NOT TESTED,NOT TESTED,apps/web/src/app/(dashboard)/claims/page.tsx; apps/web/src/lib/operations/nav-config.ts; apps/web/src/lib/protected-route.ts,
owner,Finance & Billing,/claims/[id],N/A (page resource; endpoint matrix tracked separately),View,ALLOW (current source policy),PARENT VISIBLE,ALLOW,Page/layout gate; action and endpoint capabilities require separate rows,Tenant scope required,NOT TESTED,NOT TESTED,NOT TESTED,NOT TESTED,apps/web/src/app/(dashboard)/claims/[id]/page.tsx; apps/web/src/lib/operations/nav-config.ts; apps/web/src/lib/protected-route.ts,
owner,Finance & Billing,/claims/new,N/A (page resource; endpoint matrix tracked separately),View,ALLOW (current source policy),PARENT VISIBLE,ALLOW,Page/layout gate; action and endpoint capabilities require separate rows,Tenant scope required,NOT TESTED,NOT TESTED,NOT TESTED,NOT TESTED,apps/web/src/app/(dashboard)/claims/new/page.tsx; apps/web/src/lib/operations/nav-config.ts; apps/web/src/lib/protected-route.ts,
owner,Cortex,/cortex,N/A (page resource; endpoint matrix tracked separately),View,ALLOW (current source policy),VISIBLE,ALLOW,Page/layout gate; action and endpoint capabilities require separate rows,Tenant scope required,NOT TESTED,NOT TESTED,NOT TESTED,NOT TESTED,apps/web/src/app/(dashboard)/cortex/page.tsx; apps/web/src/lib/operations/nav-config.ts; apps/web/src/lib/protected-route.ts,
owner,CRM & Proposal,/crm,N/A (page resource; endpoint matrix tracked separately),View,ALLOW (current source policy),NO CONFIGURED NAV ITEM,ALLOW BY CATCH-ALL; PAGE GATE VARIES,Page/layout gate; action and endpoint capabilities require separate rows,Tenant scope required,NOT TESTED,NOT TESTED,NOT TESTED,PARTIAL,apps/web/src/app/(dashboard)/crm/page.tsx; apps/web/src/lib/operations/nav-config.ts; apps/web/src/lib/protected-route.ts,
owner,CRM & Proposal,/crm/accounts,N/A (page resource; endpoint matrix tracked separately),View,ALLOW (current source policy),VISIBLE,ALLOW,Page/layout gate; action and endpoint capabilities require separate rows,Tenant scope required,NOT TESTED,NOT TESTED,NOT TESTED,NOT TESTED,apps/web/src/app/(dashboard)/crm/accounts/page.tsx; apps/web/src/lib/operations/nav-config.ts; apps/web/src/lib/protected-route.ts,
owner,CRM & Proposal,/crm/accounts/[id],N/A (page resource; endpoint matrix tracked separately),View,ALLOW (current source policy),PARENT VISIBLE,ALLOW,Page/layout gate; action and endpoint capabilities require separate rows,Tenant scope required,NOT TESTED,NOT TESTED,NOT TESTED,NOT TESTED,apps/web/src/app/(dashboard)/crm/accounts/[id]/page.tsx; apps/web/src/lib/operations/nav-config.ts; apps/web/src/lib/protected-route.ts,
owner,CRM & Proposal,/crm/accounts/new,N/A (page resource; endpoint matrix tracked separately),View,ALLOW (current source policy),PARENT VISIBLE,ALLOW,Page/layout gate; action and endpoint capabilities require separate rows,Tenant scope required,NOT TESTED,NOT TESTED,NOT TESTED,NOT TESTED,apps/web/src/app/(dashboard)/crm/accounts/new/page.tsx; apps/web/src/lib/operations/nav-config.ts; apps/web/src/lib/protected-route.ts,
owner,CRM & Proposal,/crm/kyc-queue,N/A (page resource; endpoint matrix tracked separately),View,ALLOW (current source policy),VISIBLE,ALLOW,Page/layout gate; action and endpoint capabilities require separate rows,Tenant scope required,NOT TESTED,NOT TESTED,NOT TESTED,NOT TESTED,apps/web/src/app/(dashboard)/crm/kyc-queue/page.tsx; apps/web/src/lib/operations/nav-config.ts; apps/web/src/lib/protected-route.ts,
owner,CRM & Proposal,/crm/opportunities,N/A (page resource; endpoint matrix tracked separately),View,ALLOW (current source policy),NO CONFIGURED NAV ITEM,ALLOW BY CATCH-ALL; PAGE GATE VARIES,Page/layout gate; action and endpoint capabilities require separate rows,Tenant scope required,NOT TESTED,NOT TESTED,NOT TESTED,PARTIAL,apps/web/src/app/(dashboard)/crm/opportunities/page.tsx; apps/web/src/lib/operations/nav-config.ts; apps/web/src/lib/protected-route.ts,
owner,CRM & Proposal,/crm/opportunities/[id],N/A (page resource; endpoint matrix tracked separately),View,ALLOW (current source policy),NO CONFIGURED NAV ITEM,ALLOW BY CATCH-ALL; PAGE GATE VARIES,Page/layout gate; action and endpoint capabilities require separate rows,Tenant scope required,NOT TESTED,NOT TESTED,NOT TESTED,PARTIAL,apps/web/src/app/(dashboard)/crm/opportunities/[id]/page.tsx; apps/web/src/lib/operations/nav-config.ts; apps/web/src/lib/protected-route.ts,
owner,CRM & Proposal,/crm/opportunities/[id]/proposal,N/A (page resource; endpoint matrix tracked separately),View,ALLOW (current source policy),NO CONFIGURED NAV ITEM,ALLOW BY CATCH-ALL; PAGE GATE VARIES,Page/layout gate; action and endpoint capabilities require separate rows,Tenant scope required,NOT TESTED,NOT TESTED,NOT TESTED,PARTIAL,apps/web/src/app/(dashboard)/crm/opportunities/[id]/proposal/page.tsx; apps/web/src/lib/operations/nav-config.ts; apps/web/src/lib/protected-route.ts,
owner,CRM & Proposal,/crm/opportunities/[id]/proposal/change-requests,N/A (page resource; endpoint matrix tracked separately),View,ALLOW (current source policy),NO CONFIGURED NAV ITEM,ALLOW BY CATCH-ALL; PAGE GATE VARIES,Page/layout gate; action and endpoint capabilities require separate rows,Tenant scope required,NOT TESTED,NOT TESTED,NOT TESTED,PARTIAL,apps/web/src/app/(dashboard)/crm/opportunities/[id]/proposal/change-requests/page.tsx; apps/web/src/lib/operations/nav-config.ts; apps/web/src/lib/protected-route.ts,
owner,CRM & Proposal,/crm/opportunities/[id]/proposal/design,N/A (page resource; endpoint matrix tracked separately),View,ALLOW (current source policy),NO CONFIGURED NAV ITEM,ALLOW BY CATCH-ALL; PAGE GATE VARIES,Page/layout gate; action and endpoint capabilities require separate rows,Tenant scope required,NOT TESTED,NOT TESTED,NOT TESTED,PARTIAL,apps/web/src/app/(dashboard)/crm/opportunities/[id]/proposal/design/page.tsx; apps/web/src/lib/operations/nav-config.ts; apps/web/src/lib/protected-route.ts,
owner,CRM & Proposal,/crm/opportunities/[id]/proposal/inspection,N/A (page resource; endpoint matrix tracked separately),View,ALLOW (current source policy),NO CONFIGURED NAV ITEM,ALLOW BY CATCH-ALL; PAGE GATE VARIES,Page/layout gate; action and endpoint capabilities require separate rows,Tenant scope required,NOT TESTED,NOT TESTED,NOT TESTED,PARTIAL,apps/web/src/app/(dashboard)/crm/opportunities/[id]/proposal/inspection/page.tsx; apps/web/src/lib/operations/nav-config.ts; apps/web/src/lib/protected-route.ts,
owner,CRM & Proposal,/crm/opportunities/[id]/proposal/pprf,N/A (page resource; endpoint matrix tracked separately),View,ALLOW (current source policy),NO CONFIGURED NAV ITEM,ALLOW BY CATCH-ALL; PAGE GATE VARIES,Page/layout gate; action and endpoint capabilities require separate rows,Tenant scope required,NOT TESTED,NOT TESTED,NOT TESTED,PARTIAL,apps/web/src/app/(dashboard)/crm/opportunities/[id]/proposal/pprf/page.tsx; apps/web/src/lib/operations/nav-config.ts; apps/web/src/lib/protected-route.ts,
owner,CRM & Proposal,/crm/opportunities/new/pprf,N/A (page resource; endpoint matrix tracked separately),View,ALLOW (current source policy),NO CONFIGURED NAV ITEM,ALLOW BY CATCH-ALL; PAGE GATE VARIES,Page/layout gate; action and endpoint capabilities require separate rows,Tenant scope required,NOT TESTED,NOT TESTED,NOT TESTED,PARTIAL,apps/web/src/app/(dashboard)/crm/opportunities/new/pprf/page.tsx; apps/web/src/lib/operations/nav-config.ts; apps/web/src/lib/protected-route.ts,
owner,Dashboard,/dashboard,N/A (page resource; endpoint matrix tracked separately),View,ALLOW (current source policy),VISIBLE,ALLOW,Page/layout gate; action and endpoint capabilities require separate rows,Tenant scope required,NOT TESTED,PASSED - real Supabase login and render,NOT TESTED,PARTIAL,apps/web/src/app/(dashboard)/dashboard/page.tsx; isolated Chromium role matrix 2026-09-02,Full route-state and action coverage remains
owner,Documents,/documents,N/A (page resource; endpoint matrix tracked separately),View,ALLOW (current source policy),VISIBLE,ALLOW,Page/layout gate; action and endpoint capabilities require separate rows,Tenant scope required,NOT TESTED,NOT TESTED,NOT TESTED,NOT TESTED,apps/web/src/app/(dashboard)/documents/page.tsx; apps/web/src/lib/operations/nav-config.ts; apps/web/src/lib/protected-route.ts,
owner,Finance,/finance,N/A (page resource; endpoint matrix tracked separately),View,ALLOW (current source policy),VISIBLE,ALLOW,Page/layout gate; action and endpoint capabilities require separate rows,Tenant scope required,NOT TESTED,NOT TESTED,NOT TESTED,NOT TESTED,apps/web/src/app/(dashboard)/finance/page.tsx; apps/web/src/lib/operations/nav-config.ts; apps/web/src/lib/protected-route.ts,
owner,Finance,/finance/cash,N/A (page resource; endpoint matrix tracked separately),View,ALLOW (current source policy),VISIBLE,ALLOW,Page/layout gate; action and endpoint capabilities require separate rows,Tenant scope required,NOT TESTED,NOT TESTED,NOT TESTED,NOT TESTED,apps/web/src/app/(dashboard)/finance/cash/page.tsx; apps/web/src/lib/operations/nav-config.ts; apps/web/src/lib/protected-route.ts,
owner,Finance,/finance/cash/[id],N/A (page resource; endpoint matrix tracked separately),View,ALLOW (current source policy),PARENT VISIBLE,ALLOW,Page/layout gate; action and endpoint capabilities require separate rows,Tenant scope required,NOT TESTED,NOT TESTED,NOT TESTED,NOT TESTED,apps/web/src/app/(dashboard)/finance/cash/[id]/page.tsx; apps/web/src/lib/operations/nav-config.ts; apps/web/src/lib/protected-route.ts,
owner,Finance,/finance/cash/new,N/A (page resource; endpoint matrix tracked separately),View,ALLOW (current source policy),PARENT VISIBLE,ALLOW,Page/layout gate; action and endpoint capabilities require separate rows,Tenant scope required,NOT TESTED,NOT TESTED,NOT TESTED,NOT TESTED,apps/web/src/app/(dashboard)/finance/cash/new/page.tsx; apps/web/src/lib/operations/nav-config.ts; apps/web/src/lib/protected-route.ts,
owner,Finance,/finance/journals/[id],N/A (page resource; endpoint matrix tracked separately),View,ALLOW (current source policy),PARENT VISIBLE,ALLOW,Page/layout gate; action and endpoint capabilities require separate rows,Tenant scope required,NOT TESTED,NOT TESTED,NOT TESTED,NOT TESTED,apps/web/src/app/(dashboard)/finance/journals/[id]/page.tsx; apps/web/src/lib/operations/nav-config.ts; apps/web/src/lib/protected-route.ts,
owner,Finance,/finance/journals/new,N/A (page resource; endpoint matrix tracked separately),View,ALLOW (current source policy),PARENT VISIBLE,ALLOW,Page/layout gate; action and endpoint capabilities require separate rows,Tenant scope required,NOT TESTED,NOT TESTED,NOT TESTED,NOT TESTED,apps/web/src/app/(dashboard)/finance/journals/new/page.tsx; apps/web/src/lib/operations/nav-config.ts; apps/web/src/lib/protected-route.ts,
owner,Finance,/finance/ledger,N/A (page resource; endpoint matrix tracked separately),View,ALLOW (current source policy),PARENT VISIBLE,ALLOW,Page/layout gate; action and endpoint capabilities require separate rows,Tenant scope required,NOT TESTED,NOT TESTED,NOT TESTED,NOT TESTED,apps/web/src/app/(dashboard)/finance/ledger/page.tsx; apps/web/src/lib/operations/nav-config.ts; apps/web/src/lib/protected-route.ts,
owner,Finance,/finance/payables,N/A (page resource; endpoint matrix tracked separately),View,ALLOW (current source policy),VISIBLE,ALLOW,Page/layout gate; action and endpoint capabilities require separate rows,Tenant scope required,NOT TESTED,NOT TESTED,NOT TESTED,NOT TESTED,apps/web/src/app/(dashboard)/finance/payables/page.tsx; apps/web/src/lib/operations/nav-config.ts; apps/web/src/lib/protected-route.ts,
owner,Finance,/finance/payables/[id],N/A (page resource; endpoint matrix tracked separately),View,ALLOW (current source policy),PARENT VISIBLE,ALLOW,Page/layout gate; action and endpoint capabilities require separate rows,Tenant scope required,NOT TESTED,NOT TESTED,NOT TESTED,NOT TESTED,apps/web/src/app/(dashboard)/finance/payables/[id]/page.tsx; apps/web/src/lib/operations/nav-config.ts; apps/web/src/lib/protected-route.ts,
owner,Finance,/finance/payables/[id]/edit,N/A (page resource; endpoint matrix tracked separately),View,ALLOW (current source policy),PARENT VISIBLE,ALLOW,Page/layout gate; action and endpoint capabilities require separate rows,Tenant scope required,NOT TESTED,NOT TESTED,NOT TESTED,NOT TESTED,apps/web/src/app/(dashboard)/finance/payables/[id]/edit/page.tsx; apps/web/src/lib/operations/nav-config.ts; apps/web/src/lib/protected-route.ts,
owner,Finance,/finance/payables/new,N/A (page resource; endpoint matrix tracked separately),View,ALLOW (current source policy),PARENT VISIBLE,ALLOW,Page/layout gate; action and endpoint capabilities require separate rows,Tenant scope required,NOT TESTED,NOT TESTED,NOT TESTED,NOT TESTED,apps/web/src/app/(dashboard)/finance/payables/new/page.tsx; apps/web/src/lib/operations/nav-config.ts; apps/web/src/lib/protected-route.ts,
owner,Finance,/finance/receivables,N/A (page resource; endpoint matrix tracked separately),View,ALLOW (current source policy),VISIBLE,ALLOW,Page/layout gate; action and endpoint capabilities require separate rows,Tenant scope required,NOT TESTED,NOT TESTED,NOT TESTED,NOT TESTED,apps/web/src/app/(dashboard)/finance/receivables/page.tsx; apps/web/src/lib/operations/nav-config.ts; apps/web/src/lib/protected-route.ts,
owner,Finance,/finance/reconciliation,N/A (page resource; endpoint matrix tracked separately),View,ALLOW (current source policy),VISIBLE,ALLOW,Page/layout gate; action and endpoint capabilities require separate rows,Tenant scope required,NOT TESTED,NOT TESTED,NOT TESTED,NOT TESTED,apps/web/src/app/(dashboard)/finance/reconciliation/page.tsx; apps/web/src/lib/operations/nav-config.ts; apps/web/src/lib/protected-route.ts,
owner,Finance,/finance/reconciliation/[id],N/A (page resource; endpoint matrix tracked separately),View,ALLOW (current source policy),PARENT VISIBLE,ALLOW,Page/layout gate; action and endpoint capabilities require separate rows,Tenant scope required,NOT TESTED,NOT TESTED,NOT TESTED,NOT TESTED,apps/web/src/app/(dashboard)/finance/reconciliation/[id]/page.tsx; apps/web/src/lib/operations/nav-config.ts; apps/web/src/lib/protected-route.ts,
owner,Finance,/finance/reconciliation/new,N/A (page resource; endpoint matrix tracked separately),View,ALLOW (current source policy),PARENT VISIBLE,ALLOW,Page/layout gate; action and endpoint capabilities require separate rows,Tenant scope required,NOT TESTED,NOT TESTED,NOT TESTED,NOT TESTED,apps/web/src/app/(dashboard)/finance/reconciliation/new/page.tsx; apps/web/src/lib/operations/nav-config.ts; apps/web/src/lib/protected-route.ts,
owner,Proposal Print,/inspection/[id],N/A (page resource; endpoint matrix tracked separately),View,ALLOW (current source policy),NO CONFIGURED NAV ITEM,ALLOW BY CATCH-ALL; PAGE GATE VARIES,Page/layout gate; action and endpoint capabilities require separate rows,Tenant scope required,NOT TESTED,NOT TESTED,NOT TESTED,PARTIAL,apps/web/src/app/(print)/inspection/[id]/page.tsx; apps/web/src/lib/operations/nav-config.ts; apps/web/src/lib/protected-route.ts,
owner,Inventory,/inventory,N/A (page resource; endpoint matrix tracked separately),View,ALLOW (current source policy),VISIBLE,ALLOW,Page/layout gate; action and endpoint capabilities require separate rows,Tenant scope required,NOT TESTED,NOT TESTED,NOT TESTED,NOT TESTED,apps/web/src/app/(dashboard)/inventory/page.tsx; apps/web/src/lib/operations/nav-config.ts; apps/web/src/lib/protected-route.ts,
owner,Inventory,/inventory/movements,N/A (page resource; endpoint matrix tracked separately),View,ALLOW (current source policy),PARENT VISIBLE,ALLOW,Page/layout gate; action and endpoint capabilities require separate rows,Tenant scope required,NOT TESTED,NOT TESTED,NOT TESTED,NOT TESTED,apps/web/src/app/(dashboard)/inventory/movements/page.tsx; apps/web/src/lib/operations/nav-config.ts; apps/web/src/lib/protected-route.ts,
owner,Inventory,/inventory/movements/[id],N/A (page resource; endpoint matrix tracked separately),View,ALLOW (current source policy),PARENT VISIBLE,ALLOW,Page/layout gate; action and endpoint capabilities require separate rows,Tenant scope required,NOT TESTED,NOT TESTED,NOT TESTED,NOT TESTED,apps/web/src/app/(dashboard)/inventory/movements/[id]/page.tsx; apps/web/src/lib/operations/nav-config.ts; apps/web/src/lib/protected-route.ts,
owner,Inventory,/inventory/movements/new,N/A (page resource; endpoint matrix tracked separately),View,ALLOW (current source policy),PARENT VISIBLE,ALLOW,Page/layout gate; action and endpoint capabilities require separate rows,Tenant scope required,NOT TESTED,NOT TESTED,NOT TESTED,NOT TESTED,apps/web/src/app/(dashboard)/inventory/movements/new/page.tsx; apps/web/src/lib/operations/nav-config.ts; apps/web/src/lib/protected-route.ts,
owner,Inventory,/inventory/receipts,N/A (page resource; endpoint matrix tracked separately),View,ALLOW (current source policy),PARENT VISIBLE,ALLOW,Page/layout gate; action and endpoint capabilities require separate rows,Tenant scope required,NOT TESTED,NOT TESTED,NOT TESTED,NOT TESTED,apps/web/src/app/(dashboard)/inventory/receipts/page.tsx; apps/web/src/lib/operations/nav-config.ts; apps/web/src/lib/protected-route.ts,
owner,Inventory,/inventory/receipts/[id],N/A (page resource; endpoint matrix tracked separately),View,ALLOW (current source policy),PARENT VISIBLE,ALLOW,Page/layout gate; action and endpoint capabilities require separate rows,Tenant scope required,NOT TESTED,NOT TESTED,NOT TESTED,NOT TESTED,apps/web/src/app/(dashboard)/inventory/receipts/[id]/page.tsx; apps/web/src/lib/operations/nav-config.ts; apps/web/src/lib/protected-route.ts,
owner,Inventory,/inventory/receipts/new,N/A (page resource; endpoint matrix tracked separately),View,ALLOW (current source policy),PARENT VISIBLE,ALLOW,Page/layout gate; action and endpoint capabilities require separate rows,Tenant scope required,NOT TESTED,NOT TESTED,NOT TESTED,NOT TESTED,apps/web/src/app/(dashboard)/inventory/receipts/new/page.tsx; apps/web/src/lib/operations/nav-config.ts; apps/web/src/lib/protected-route.ts,
owner,Finance,/invoices,N/A (page resource; endpoint matrix tracked separately),View,ALLOW (current source policy),VISIBLE,ALLOW,Page/layout gate; action and endpoint capabilities require separate rows,Tenant scope required,NOT TESTED,NOT TESTED,NOT TESTED,NOT TESTED,apps/web/src/app/(dashboard)/invoices/page.tsx; apps/web/src/lib/operations/nav-config.ts; apps/web/src/lib/protected-route.ts,
owner,Finance,/invoices/[id],N/A (page resource; endpoint matrix tracked separately),View,ALLOW (current source policy),PARENT VISIBLE,ALLOW,Page/layout gate; action and endpoint capabilities require separate rows,Tenant scope required,NOT TESTED,NOT TESTED,NOT TESTED,NOT TESTED,apps/web/src/app/(dashboard)/invoices/[id]/page.tsx; apps/web/src/lib/operations/nav-config.ts; apps/web/src/lib/protected-route.ts,
owner,Finance,/invoices/[id]/bir2307,N/A (page resource; endpoint matrix tracked separately),View,ALLOW (current source policy),PARENT VISIBLE,ALLOW,Page/layout gate; action and endpoint capabilities require separate rows,Tenant scope required,NOT TESTED,NOT TESTED,NOT TESTED,NOT TESTED,apps/web/src/app/(print)/invoices/[id]/bir2307/page.tsx; apps/web/src/lib/operations/nav-config.ts; apps/web/src/lib/protected-route.ts,
owner,Finance,/invoices/[id]/print,N/A (page resource; endpoint matrix tracked separately),View,ALLOW (current source policy),PARENT VISIBLE,ALLOW,Page/layout gate; action and endpoint capabilities require separate rows,Tenant scope required,NOT TESTED,NOT TESTED,NOT TESTED,NOT TESTED,apps/web/src/app/(print)/invoices/[id]/print/page.tsx; apps/web/src/lib/operations/nav-config.ts; apps/web/src/lib/protected-route.ts,
owner,Pre-Construction,/permits,N/A (page resource; endpoint matrix tracked separately),View,ALLOW (current source policy),VISIBLE,ALLOW,Page/layout gate; action and endpoint capabilities require separate rows,Tenant scope required,NOT TESTED,NOT TESTED,NOT TESTED,NOT TESTED,apps/web/src/app/(dashboard)/permits/page.tsx; apps/web/src/lib/operations/nav-config.ts; apps/web/src/lib/protected-route.ts,
owner,Pipeline,/pipeline,N/A (page resource; endpoint matrix tracked separately),View,ALLOW (current source policy),NO CONFIGURED NAV ITEM,ALLOW BY CATCH-ALL; PAGE GATE VARIES,Page/layout gate; action and endpoint capabilities require separate rows,Tenant scope required,NOT TESTED,NOT TESTED,NOT TESTED,PARTIAL,apps/web/src/app/(dashboard)/pipeline/page.tsx; apps/web/src/lib/operations/nav-config.ts; apps/web/src/lib/protected-route.ts,
owner,Pipeline,/pipeline/board,N/A (page resource; endpoint matrix tracked separately),View,ALLOW (current source policy),VISIBLE,ALLOW,Page/layout gate; action and endpoint capabilities require separate rows,Tenant scope required,NOT TESTED,NOT TESTED,NOT TESTED,NOT TESTED,apps/web/src/app/(dashboard)/pipeline/board/page.tsx; apps/web/src/lib/operations/nav-config.ts; apps/web/src/lib/protected-route.ts,
owner,Pipeline,/pipeline/conversion,N/A (page resource; endpoint matrix tracked separately),View,ALLOW (current source policy),NO CONFIGURED NAV ITEM,ALLOW BY CATCH-ALL; PAGE GATE VARIES,Page/layout gate; action and endpoint capabilities require separate rows,Tenant scope required,NOT TESTED,NOT TESTED,NOT TESTED,PARTIAL,apps/web/src/app/(dashboard)/pipeline/conversion/page.tsx; apps/web/src/lib/operations/nav-config.ts; apps/web/src/lib/protected-route.ts,
owner,Process & SLA,/process,N/A (page resource; endpoint matrix tracked separately),View,ALLOW (current source policy),VISIBLE,ALLOW,Page/layout gate; action and endpoint capabilities require separate rows,Tenant scope required,NOT TESTED,NOT TESTED,NOT TESTED,NOT TESTED,apps/web/src/app/(dashboard)/process/page.tsx; apps/web/src/lib/operations/nav-config.ts; apps/web/src/lib/protected-route.ts,
owner,Procurement,/procurement,N/A (page resource; endpoint matrix tracked separately),View,ALLOW (current source policy),NO CONFIGURED NAV ITEM,ALLOW BY CATCH-ALL; PAGE GATE VARIES,Page/layout gate; action and endpoint capabilities require separate rows,Tenant scope required,NOT TESTED,NOT TESTED,NOT TESTED,PARTIAL,apps/web/src/app/(dashboard)/procurement/page.tsx; apps/web/src/lib/operations/nav-config.ts; apps/web/src/lib/protected-route.ts,
owner,Procurement,/procurement/deliveries,N/A (page resource; endpoint matrix tracked separately),View,ALLOW (current source policy),VISIBLE,ALLOW,Page/layout gate; action and endpoint capabilities require separate rows,Tenant scope required,NOT TESTED,NOT TESTED,NOT TESTED,NOT TESTED,apps/web/src/app/(dashboard)/procurement/deliveries/page.tsx; apps/web/src/lib/operations/nav-config.ts; apps/web/src/lib/protected-route.ts,
owner,Procurement,/procurement/deliveries/[id],N/A (page resource; endpoint matrix tracked separately),View,ALLOW (current source policy),PARENT VISIBLE,ALLOW,Page/layout gate; action and endpoint capabilities require separate rows,Tenant scope required,NOT TESTED,NOT TESTED,NOT TESTED,NOT TESTED,apps/web/src/app/(dashboard)/procurement/deliveries/[id]/page.tsx; apps/web/src/lib/operations/nav-config.ts; apps/web/src/lib/protected-route.ts,
owner,Procurement,/procurement/deliveries/new,N/A (page resource; endpoint matrix tracked separately),View,ALLOW (current source policy),PARENT VISIBLE,ALLOW,Page/layout gate; action and endpoint capabilities require separate rows,Tenant scope required,NOT TESTED,NOT TESTED,NOT TESTED,NOT TESTED,apps/web/src/app/(dashboard)/procurement/deliveries/new/page.tsx; apps/web/src/lib/operations/nav-config.ts; apps/web/src/lib/protected-route.ts,
owner,Procurement,/procurement/rfqs,N/A (page resource; endpoint matrix tracked separately),View,ALLOW (current source policy),VISIBLE,ALLOW,Page/layout gate; action and endpoint capabilities require separate rows,Tenant scope required,NOT TESTED,NOT TESTED,NOT TESTED,NOT TESTED,apps/web/src/app/(dashboard)/procurement/rfqs/page.tsx; apps/web/src/lib/operations/nav-config.ts; apps/web/src/lib/protected-route.ts,
owner,Procurement,/procurement/rfqs/[id],N/A (page resource; endpoint matrix tracked separately),View,ALLOW (current source policy),PARENT VISIBLE,ALLOW,Page/layout gate; action and endpoint capabilities require separate rows,Tenant scope required,NOT TESTED,NOT TESTED,NOT TESTED,NOT TESTED,apps/web/src/app/(dashboard)/procurement/rfqs/[id]/page.tsx; apps/web/src/lib/operations/nav-config.ts; apps/web/src/lib/protected-route.ts,
owner,Projects,/projects,N/A (page resource; endpoint matrix tracked separately),View,ALLOW (current source policy),VISIBLE,ALLOW,Page/layout gate; action and endpoint capabilities require separate rows,Tenant scope required,NOT TESTED,NOT TESTED,NOT TESTED,NOT TESTED,apps/web/src/app/(dashboard)/projects/page.tsx; apps/web/src/lib/operations/nav-config.ts; apps/web/src/lib/protected-route.ts,
owner,Projects,/projects/[id],N/A (page resource; endpoint matrix tracked separately),View,ALLOW (current source policy),PARENT VISIBLE,ALLOW,Page/layout gate; action and endpoint capabilities require separate rows,Tenant scope required,NOT TESTED,NOT TESTED,NOT TESTED,NOT TESTED,apps/web/src/app/(dashboard)/projects/[id]/page.tsx; apps/web/src/lib/operations/nav-config.ts; apps/web/src/lib/protected-route.ts,
owner,Projects,/projects/[id]/access,N/A (page resource; endpoint matrix tracked separately),View,ALLOW (current source policy),PARENT VISIBLE,ALLOW,Page/layout gate; action and endpoint capabilities require separate rows,Tenant scope required,NOT TESTED,NOT TESTED,NOT TESTED,NOT TESTED,apps/web/src/app/(dashboard)/projects/[id]/access/page.tsx; apps/web/src/lib/operations/nav-config.ts; apps/web/src/lib/protected-route.ts,
owner,Projects,/projects/[id]/audit,N/A (page resource; endpoint matrix tracked separately),View,ALLOW (audit.read policy),AUDIT TAB VISIBLE,ALLOW,Project detail projection plus audit.read route gate,Tenant and requested project scope,PASSED - all-role projection and route tests,PASSED - direct audit route,NOT RUN,PARTIAL,project-detail-access.test.tsx; project-sensitive-routes.test.tsx; isolated Chromium 2026-09-03,Database-backed budget trigger not exercised in the broader project-detail slice
owner,Projects,/projects/[id]/billing,N/A (page resource; endpoint matrix tracked separately),View,ALLOW (current source policy),PARENT VISIBLE,ALLOW,Page/layout gate; action and endpoint capabilities require separate rows,Tenant scope required,NOT TESTED,NOT TESTED,NOT TESTED,NOT TESTED,apps/web/src/app/(dashboard)/projects/[id]/billing/page.tsx; apps/web/src/lib/operations/nav-config.ts; apps/web/src/lib/protected-route.ts,
owner,Projects,/projects/[id]/bom,N/A (page resource; endpoint matrix tracked separately),View,ALLOW (current source policy),PARENT VISIBLE,ALLOW,Page/layout gate; action and endpoint capabilities require separate rows,Tenant scope required,NOT TESTED,NOT TESTED,NOT TESTED,NOT TESTED,apps/web/src/app/(dashboard)/projects/[id]/bom/page.tsx; apps/web/src/lib/operations/nav-config.ts; apps/web/src/lib/protected-route.ts,
owner,Projects,/projects/[id]/bom/togal,N/A (page resource; endpoint matrix tracked separately),View,ALLOW (current source policy),PARENT VISIBLE,ALLOW,Page/layout gate; action and endpoint capabilities require separate rows,Tenant scope required,NOT TESTED,NOT TESTED,NOT TESTED,NOT TESTED,apps/web/src/app/(dashboard)/projects/[id]/bom/togal/page.tsx; apps/web/src/lib/operations/nav-config.ts; apps/web/src/lib/protected-route.ts,
owner,Projects,/projects/[id]/checklist,N/A (page resource; endpoint matrix tracked separately),View,ALLOW (current source policy),PARENT VISIBLE,ALLOW,Page/layout gate; action and endpoint capabilities require separate rows,Tenant scope required,NOT TESTED,NOT TESTED,NOT TESTED,NOT TESTED,apps/web/src/app/(dashboard)/projects/[id]/checklist/page.tsx; apps/web/src/lib/operations/nav-config.ts; apps/web/src/lib/protected-route.ts,
owner,Projects,/projects/[id]/coc,N/A (page resource; endpoint matrix tracked separately),View,ALLOW (current source policy),PARENT VISIBLE,ALLOW,Page/layout gate; action and endpoint capabilities require separate rows,Tenant scope required,NOT TESTED,NOT TESTED,NOT TESTED,NOT TESTED,apps/web/src/app/(dashboard)/projects/[id]/coc/page.tsx; apps/web/src/lib/operations/nav-config.ts; apps/web/src/lib/protected-route.ts,
owner,Projects,/projects/[id]/comments,N/A (page resource; endpoint matrix tracked separately),View,ALLOW (current source policy),PARENT VISIBLE,ALLOW,Page/layout gate; action and endpoint capabilities require separate rows,Tenant scope required,NOT TESTED,NOT TESTED,NOT TESTED,NOT TESTED,apps/web/src/app/(dashboard)/projects/[id]/comments/page.tsx; apps/web/src/lib/operations/nav-config.ts; apps/web/src/lib/protected-route.ts,
owner,Projects,/projects/[id]/cost,N/A (page resource; endpoint matrix tracked separately),View,ALLOW (current source policy),PARENT VISIBLE,ALLOW,Page/layout gate; action and endpoint capabilities require separate rows,Tenant scope required,NOT TESTED,NOT TESTED,NOT TESTED,NOT TESTED,apps/web/src/app/(dashboard)/projects/[id]/cost/page.tsx; apps/web/src/lib/operations/nav-config.ts; apps/web/src/lib/protected-route.ts,
owner,Projects,/projects/[id]/cost/budget,N/A (page resource; endpoint matrix tracked separately),View,ALLOW (current source policy),PARENT VISIBLE,ALLOW,Page/layout gate; action and endpoint capabilities require separate rows,Tenant scope required,NOT TESTED,NOT TESTED,NOT TESTED,NOT TESTED,apps/web/src/app/(dashboard)/projects/[id]/cost/budget/page.tsx; apps/web/src/lib/operations/nav-config.ts; apps/web/src/lib/protected-route.ts,
owner,Projects,/projects/[id]/documents,N/A (page resource; endpoint matrix tracked separately),View,ALLOW (current source policy),PARENT VISIBLE,ALLOW,Page/layout gate; action and endpoint capabilities require separate rows,Tenant scope required,NOT TESTED,NOT TESTED,NOT TESTED,NOT TESTED,apps/web/src/app/(dashboard)/projects/[id]/documents/page.tsx; apps/web/src/lib/operations/nav-config.ts; apps/web/src/lib/protected-route.ts,
owner,Projects,/projects/[id]/permits,N/A (page resource; endpoint matrix tracked separately),View,ALLOW (current source policy),PARENT VISIBLE,ALLOW,Page/layout gate; action and endpoint capabilities require separate rows,Tenant scope required,NOT TESTED,NOT TESTED,NOT TESTED,NOT TESTED,apps/web/src/app/(dashboard)/projects/[id]/permits/page.tsx; apps/web/src/lib/operations/nav-config.ts; apps/web/src/lib/protected-route.ts,
owner,Projects,/projects/[id]/progress,N/A (page resource; endpoint matrix tracked separately),View,ALLOW (current source policy),PARENT VISIBLE,ALLOW,Page/layout gate; action and endpoint capabilities require separate rows,Tenant scope required,NOT TESTED,NOT TESTED,NOT TESTED,NOT TESTED,apps/web/src/app/(dashboard)/projects/[id]/progress/page.tsx; apps/web/src/lib/operations/nav-config.ts; apps/web/src/lib/protected-route.ts,
owner,Projects,/projects/[id]/reports,N/A (page resource; endpoint matrix tracked separately),View,ALLOW (current source policy),PARENT VISIBLE,ALLOW,Page/layout gate; action and endpoint capabilities require separate rows,Tenant scope required,NOT TESTED,NOT TESTED,NOT TESTED,NOT TESTED,apps/web/src/app/(dashboard)/projects/[id]/reports/page.tsx; apps/web/src/lib/operations/nav-config.ts; apps/web/src/lib/protected-route.ts,
owner,Projects,/projects/[id]/scope,N/A (page resource; endpoint matrix tracked separately),View,ALLOW (current source policy),PARENT VISIBLE,ALLOW,Page/layout gate; action and endpoint capabilities require separate rows,Tenant scope required,NOT TESTED,NOT TESTED,NOT TESTED,NOT TESTED,apps/web/src/app/(dashboard)/projects/[id]/scope/page.tsx; apps/web/src/lib/operations/nav-config.ts; apps/web/src/lib/protected-route.ts,
owner,Projects,/projects/[id]/turnover,N/A (page resource; endpoint matrix tracked separately),View,ALLOW (current source policy),PARENT VISIBLE,ALLOW,Page/layout gate; action and endpoint capabilities require separate rows,Tenant scope required,NOT TESTED,NOT TESTED,NOT TESTED,NOT TESTED,apps/web/src/app/(dashboard)/projects/[id]/turnover/page.tsx; apps/web/src/lib/operations/nav-config.ts; apps/web/src/lib/protected-route.ts,
owner,Projects,/projects/[id]/vos,N/A (page resource; endpoint matrix tracked separately),View,ALLOW (current source policy),PARENT VISIBLE,ALLOW,Page/layout gate; action and endpoint capabilities require separate rows,Tenant scope required,NOT TESTED,NOT TESTED,NOT TESTED,NOT TESTED,apps/web/src/app/(dashboard)/projects/[id]/vos/page.tsx; apps/web/src/lib/operations/nav-config.ts; apps/web/src/lib/protected-route.ts,
owner,Projects,/projects/[id]/vos/[voId],N/A (page resource; endpoint matrix tracked separately),View,ALLOW (current source policy),PARENT VISIBLE,ALLOW,Page/layout gate; action and endpoint capabilities require separate rows,Tenant scope required,NOT TESTED,NOT TESTED,NOT TESTED,NOT TESTED,apps/web/src/app/(dashboard)/projects/[id]/vos/[voId]/page.tsx; apps/web/src/lib/operations/nav-config.ts; apps/web/src/lib/protected-route.ts,
owner,Projects,/projects/new,N/A (page resource; endpoint matrix tracked separately),View,ALLOW (current source policy),PARENT VISIBLE,ALLOW,Page/layout gate; action and endpoint capabilities require separate rows,Tenant scope required,NOT TESTED,NOT TESTED,NOT TESTED,NOT TESTED,apps/web/src/app/(dashboard)/projects/new/page.tsx; apps/web/src/lib/operations/nav-config.ts; apps/web/src/lib/protected-route.ts,
owner,Post-Construction,/punchlist,N/A (page resource; endpoint matrix tracked separately),View,ALLOW (current source policy),VISIBLE,ALLOW,Page/layout gate; action and endpoint capabilities require separate rows,Tenant scope required,NOT TESTED,NOT TESTED,NOT TESTED,NOT TESTED,apps/web/src/app/(dashboard)/punchlist/page.tsx; apps/web/src/lib/operations/nav-config.ts; apps/web/src/lib/protected-route.ts,
owner,Post-Construction,/punchlist/[id],N/A (page resource; endpoint matrix tracked separately),View,ALLOW (current source policy),PARENT VISIBLE,ALLOW,Page/layout gate; action and endpoint capabilities require separate rows,Tenant scope required,NOT TESTED,NOT TESTED,NOT TESTED,NOT TESTED,apps/web/src/app/(dashboard)/punchlist/[id]/page.tsx; apps/web/src/lib/operations/nav-config.ts; apps/web/src/lib/protected-route.ts,
owner,Post-Construction,/punchlist/new,N/A (page resource; endpoint matrix tracked separately),View,ALLOW (current source policy),PARENT VISIBLE,ALLOW,Page/layout gate; action and endpoint capabilities require separate rows,Tenant scope required,NOT TESTED,NOT TESTED,NOT TESTED,NOT TESTED,apps/web/src/app/(dashboard)/punchlist/new/page.tsx; apps/web/src/lib/operations/nav-config.ts; apps/web/src/lib/protected-route.ts,
owner,Procurement,/purchase-orders,N/A (page resource; endpoint matrix tracked separately),View,ALLOW (current source policy),VISIBLE,ALLOW,Page/layout gate; action and endpoint capabilities require separate rows,Tenant scope required,NOT TESTED,NOT TESTED,NOT TESTED,NOT TESTED,apps/web/src/app/(dashboard)/purchase-orders/page.tsx; apps/web/src/lib/operations/nav-config.ts; apps/web/src/lib/protected-route.ts,
owner,Procurement,/purchase-orders/[id],N/A (page resource; endpoint matrix tracked separately),View,ALLOW (current source policy),PARENT VISIBLE,ALLOW,Page/layout gate; action and endpoint capabilities require separate rows,Tenant scope required,NOT TESTED,NOT TESTED,NOT TESTED,NOT TESTED,apps/web/src/app/(dashboard)/purchase-orders/[id]/page.tsx; apps/web/src/lib/operations/nav-config.ts; apps/web/src/lib/protected-route.ts,
owner,Procurement,/purchase-orders/[id]/print,N/A (page resource; endpoint matrix tracked separately),View,ALLOW (current source policy),PARENT VISIBLE,ALLOW,Page/layout gate; action and endpoint capabilities require separate rows,Tenant scope required,NOT TESTED,NOT TESTED,NOT TESTED,NOT TESTED,apps/web/src/app/(print)/purchase-orders/[id]/print/page.tsx; apps/web/src/lib/operations/nav-config.ts; apps/web/src/lib/protected-route.ts,
owner,Admin & Reports,/reports,N/A (page resource; endpoint matrix tracked separately),View,ALLOW (current source policy),VISIBLE,ALLOW,Page/layout gate; action and endpoint capabilities require separate rows,Tenant scope required,NOT TESTED,NOT TESTED,NOT TESTED,NOT TESTED,apps/web/src/app/(dashboard)/reports/page.tsx; apps/web/src/lib/operations/nav-config.ts; apps/web/src/lib/protected-route.ts,
owner,Settings & Profile,/settings,N/A (page resource; endpoint matrix tracked separately),View,ALLOW (current source policy),VISIBLE,ALLOW,Page/layout gate; action and endpoint capabilities require separate rows,Tenant scope required,NOT TESTED,NOT TESTED,NOT TESTED,NOT TESTED,apps/web/src/app/(dashboard)/settings/page.tsx; apps/web/src/lib/operations/nav-config.ts; apps/web/src/lib/protected-route.ts,
owner,Construction Cadence,/tasks,N/A (page resource; endpoint matrix tracked separately),View,ALLOW (current source policy),VISIBLE,ALLOW,Page/layout gate; action and endpoint capabilities require separate rows,Tenant scope required,NOT TESTED,NOT TESTED,NOT TESTED,NOT TESTED,apps/web/src/app/(dashboard)/tasks/page.tsx; apps/web/src/lib/operations/nav-config.ts; apps/web/src/lib/protected-route.ts,
owner,Warranty & CX,/warranty,N/A (page resource; endpoint matrix tracked separately),View,ALLOW (current source policy),VISIBLE,ALLOW,Page/layout gate; action and endpoint capabilities require separate rows,Tenant scope required,NOT TESTED,NOT TESTED,NOT TESTED,NOT TESTED,apps/web/src/app/(dashboard)/warranty/page.tsx; apps/web/src/lib/operations/nav-config.ts; apps/web/src/lib/protected-route.ts,
owner,Warranty & CX,/warranty/[id],N/A (page resource; endpoint matrix tracked separately),View,ALLOW (current source policy),PARENT VISIBLE,ALLOW,Page/layout gate; action and endpoint capabilities require separate rows,Tenant scope required,NOT TESTED,NOT TESTED,NOT TESTED,NOT TESTED,apps/web/src/app/(dashboard)/warranty/[id]/page.tsx; apps/web/src/lib/operations/nav-config.ts; apps/web/src/lib/protected-route.ts,
owner,Warranty & CX,/warranty/cnps,N/A (page resource; endpoint matrix tracked separately),View,ALLOW (current source policy),VISIBLE,ALLOW,Page/layout gate; action and endpoint capabilities require separate rows,Tenant scope required,NOT TESTED,NOT TESTED,NOT TESTED,NOT TESTED,apps/web/src/app/(dashboard)/warranty/cnps/page.tsx; apps/web/src/lib/operations/nav-config.ts; apps/web/src/lib/protected-route.ts,
owner,Construction Cadence,/weekly-report/[id],N/A (page resource; endpoint matrix tracked separately),View,ALLOW (current source policy),NO CONFIGURED NAV ITEM,ALLOW BY CATCH-ALL; PAGE GATE VARIES,Page/layout gate; action and endpoint capabilities require separate rows,Tenant scope required,NOT TESTED,NOT TESTED,NOT TESTED,PARTIAL,apps/web/src/app/(print)/weekly-report/[id]/page.tsx; apps/web/src/lib/operations/nav-config.ts; apps/web/src/lib/protected-route.ts,
estimator,Admin & Reports,/admin,N/A (page resource; endpoint matrix tracked separately),View,DENY (central capability policy),HIDDEN,DENY/REDIRECT,Shared route policy plus page capability gate,Tenant scope required,PASSED - all-role route policy tests,BLOCKED,NOT RUN,PARTIAL,apps/web/src/lib/operations/nav-config.test.ts; apps/web/src/app/(dashboard)/admin/page.tsx,No supplied browser identity; estimator material search still links to a denied Admin destination
estimator,Admin & Reports,/admin/data-quality,N/A (page resource; endpoint matrix tracked separately),View,DENY (central capability policy),PARENT HIDDEN,DENY/REDIRECT,Shared route policy plus page capability gate,Tenant scope required,PASSED - nested route policy tests,BLOCKED,NOT RUN,PARTIAL,apps/web/src/lib/operations/nav-config.test.ts; apps/web/src/app/(dashboard)/admin/data-quality/page.tsx,No supplied browser identity
estimator,Admin & Reports,/admin/mapping-config,N/A (page resource; endpoint matrix tracked separately),View,DENY (central capability policy),PARENT HIDDEN,DENY/REDIRECT,Shared route policy plus page capability gate,Tenant scope required,PASSED - nested route policy tests,BLOCKED,NOT RUN,PARTIAL,apps/web/src/lib/operations/nav-config.test.ts; apps/web/src/app/(dashboard)/admin/mapping-config/page.tsx,No supplied browser identity
estimator,Admin & Reports,/admin/material-items,N/A (page resource; endpoint matrix tracked separately),View,DENY (central capability policy),PARENT HIDDEN,DENY/REDIRECT,Shared route policy plus admin.rate_card page gate,Tenant scope required,PASSED - nested route policy tests,BLOCKED,NOT RUN,PARTIAL,apps/web/src/lib/operations/nav-config.test.ts; apps/web/src/app/(dashboard)/admin/material-items/page.tsx,No supplied browser identity; universal search destination mismatch remains queued
estimator,Admin & Reports,/admin/rate-cards,N/A (page resource; endpoint matrix tracked separately),View,DENY (central capability policy),PARENT HIDDEN,DENY/REDIRECT,Shared route policy plus admin.rate_card page gate,Tenant scope required,PASSED - nested route policy tests,BLOCKED,NOT RUN,PARTIAL,apps/web/src/lib/operations/nav-config.test.ts; apps/web/src/app/(dashboard)/admin/rate-cards/page.tsx,No supplied browser identity
estimator,Admin & Reports,/admin/users,N/A (page resource; endpoint matrix tracked separately),View,DENY (central capability policy),PARENT HIDDEN,DENY/REDIRECT,Shared route policy plus admin.users page gate,Tenant scope required,PASSED - nested route policy tests,BLOCKED,NOT RUN,PARTIAL,apps/web/src/lib/operations/nav-config.test.ts; apps/web/src/app/(dashboard)/admin/users/page.tsx,No supplied browser identity
estimator,Admin & Reports,/admin/users/[id],N/A (page resource; endpoint matrix tracked separately),View,DENY (central capability policy),PARENT HIDDEN,DENY/REDIRECT,Shared route policy plus admin.users page gate,Tenant scope required,PASSED - nested route policy tests,BLOCKED,NOT RUN,PARTIAL,apps/web/src/lib/operations/nav-config.test.ts; apps/web/src/app/(dashboard)/admin/users/[id]/page.tsx,No supplied browser identity
estimator,Admin & Reports,/admin/users/new,N/A (page resource; endpoint matrix tracked separately),View,DENY (central capability policy),PARENT HIDDEN,DENY/REDIRECT,Shared route policy plus admin.users page gate,Tenant scope required,PASSED - nested route policy tests,BLOCKED,NOT RUN,PARTIAL,apps/web/src/lib/operations/nav-config.test.ts; apps/web/src/app/(dashboard)/admin/users/new/page.tsx,No supplied browser identity
estimator,Assets,/assets,N/A (page resource; endpoint matrix tracked separately),View,ALLOW (current source policy),HIDDEN BY CONTROLLED-ROLLOUT FLAG,ALLOW,Page/layout gate; action and endpoint capabilities require separate rows,Tenant scope required,NOT TESTED,BLOCKED,NOT TESTED,NOT TESTED,apps/web/src/app/(dashboard)/assets/page.tsx; apps/web/src/lib/operations/nav-config.ts; apps/web/src/lib/protected-route.ts,No supplied or seeded browser identity for this canonical role
estimator,Assets,/assets/[assetId],N/A (page resource; endpoint matrix tracked separately),View,ALLOW (current source policy),HIDDEN BY CONTROLLED-ROLLOUT FLAG,ALLOW,Page/layout gate; action and endpoint capabilities require separate rows,Tenant scope required,NOT TESTED,BLOCKED,NOT TESTED,NOT TESTED,apps/web/src/app/(dashboard)/assets/[assetId]/page.tsx; apps/web/src/lib/operations/nav-config.ts; apps/web/src/lib/protected-route.ts,No supplied or seeded browser identity for this canonical role
estimator,BOM Engine,/bom,N/A (page resource; endpoint matrix tracked separately),View,ALLOW (current source policy),VISIBLE,ALLOW,Page/layout gate; action and endpoint capabilities require separate rows,Tenant scope required,NOT TESTED,BLOCKED,NOT TESTED,NOT TESTED,apps/web/src/app/(dashboard)/bom/page.tsx; apps/web/src/lib/operations/nav-config.ts; apps/web/src/lib/protected-route.ts,No supplied or seeded browser identity for this canonical role
estimator,Finance & Billing,/claims,N/A (page resource; endpoint matrix tracked separately),View,ALLOW (current source policy),VISIBLE,ALLOW,Page/layout gate; action and endpoint capabilities require separate rows,Tenant scope required,NOT TESTED,BLOCKED,NOT TESTED,NOT TESTED,apps/web/src/app/(dashboard)/claims/page.tsx; apps/web/src/lib/operations/nav-config.ts; apps/web/src/lib/protected-route.ts,No supplied or seeded browser identity for this canonical role
estimator,Finance & Billing,/claims/[id],N/A (page resource; endpoint matrix tracked separately),View,ALLOW (current source policy),PARENT VISIBLE,ALLOW,Page/layout gate; action and endpoint capabilities require separate rows,Tenant scope required,NOT TESTED,BLOCKED,NOT TESTED,NOT TESTED,apps/web/src/app/(dashboard)/claims/[id]/page.tsx; apps/web/src/lib/operations/nav-config.ts; apps/web/src/lib/protected-route.ts,No supplied or seeded browser identity for this canonical role
estimator,Finance & Billing,/claims/new,N/A (page resource; endpoint matrix tracked separately),View,ALLOW (current source policy),PARENT VISIBLE,ALLOW,Page/layout gate; action and endpoint capabilities require separate rows,Tenant scope required,NOT TESTED,BLOCKED,NOT TESTED,NOT TESTED,apps/web/src/app/(dashboard)/claims/new/page.tsx; apps/web/src/lib/operations/nav-config.ts; apps/web/src/lib/protected-route.ts,No supplied or seeded browser identity for this canonical role
estimator,Cortex,/cortex,N/A (page resource; endpoint matrix tracked separately),View,ALLOW (current source policy),VISIBLE,ALLOW,Page/layout gate; action and endpoint capabilities require separate rows,Tenant scope required,NOT TESTED,BLOCKED,NOT TESTED,NOT TESTED,apps/web/src/app/(dashboard)/cortex/page.tsx; apps/web/src/lib/operations/nav-config.ts; apps/web/src/lib/protected-route.ts,No supplied or seeded browser identity for this canonical role
estimator,CRM & Proposal,/crm,N/A (page resource; endpoint matrix tracked separately),View,ALLOW (current source policy),NO CONFIGURED NAV ITEM,ALLOW BY CATCH-ALL; PAGE GATE VARIES,Page/layout gate; action and endpoint capabilities require separate rows,Tenant scope required,NOT TESTED,BLOCKED,NOT TESTED,PARTIAL,apps/web/src/app/(dashboard)/crm/page.tsx; apps/web/src/lib/operations/nav-config.ts; apps/web/src/lib/protected-route.ts,No supplied or seeded browser identity for this canonical role
estimator,CRM & Proposal,/crm/accounts,N/A (page resource; endpoint matrix tracked separately),View,ALLOW (current source policy),VISIBLE,ALLOW,Page/layout gate; action and endpoint capabilities require separate rows,Tenant scope required,NOT TESTED,BLOCKED,NOT TESTED,NOT TESTED,apps/web/src/app/(dashboard)/crm/accounts/page.tsx; apps/web/src/lib/operations/nav-config.ts; apps/web/src/lib/protected-route.ts,No supplied or seeded browser identity for this canonical role
estimator,CRM & Proposal,/crm/accounts/[id],N/A (page resource; endpoint matrix tracked separately),View,ALLOW (current source policy),PARENT VISIBLE,ALLOW,Page/layout gate; action and endpoint capabilities require separate rows,Tenant scope required,NOT TESTED,BLOCKED,NOT TESTED,NOT TESTED,apps/web/src/app/(dashboard)/crm/accounts/[id]/page.tsx; apps/web/src/lib/operations/nav-config.ts; apps/web/src/lib/protected-route.ts,No supplied or seeded browser identity for this canonical role
estimator,CRM & Proposal,/crm/accounts/new,N/A (page resource; endpoint matrix tracked separately),View,ALLOW (current source policy),PARENT VISIBLE,ALLOW,Page/layout gate; action and endpoint capabilities require separate rows,Tenant scope required,NOT TESTED,BLOCKED,NOT TESTED,NOT TESTED,apps/web/src/app/(dashboard)/crm/accounts/new/page.tsx; apps/web/src/lib/operations/nav-config.ts; apps/web/src/lib/protected-route.ts,No supplied or seeded browser identity for this canonical role
estimator,CRM & Proposal,/crm/kyc-queue,N/A (page resource; endpoint matrix tracked separately),View,DENY (current source policy),HIDDEN,DENY/REDIRECT,Page/layout gate; action and endpoint capabilities require separate rows,Tenant scope required,NOT TESTED,BLOCKED,NOT TESTED,NOT TESTED,apps/web/src/app/(dashboard)/crm/kyc-queue/page.tsx; apps/web/src/lib/operations/nav-config.ts; apps/web/src/lib/protected-route.ts,No supplied or seeded browser identity for this canonical role
estimator,CRM & Proposal,/crm/opportunities,N/A (page resource; endpoint matrix tracked separately),View,ALLOW (current source policy),NO CONFIGURED NAV ITEM,ALLOW BY CATCH-ALL; PAGE GATE VARIES,Page/layout gate; action and endpoint capabilities require separate rows,Tenant scope required,NOT TESTED,BLOCKED,NOT TESTED,PARTIAL,apps/web/src/app/(dashboard)/crm/opportunities/page.tsx; apps/web/src/lib/operations/nav-config.ts; apps/web/src/lib/protected-route.ts,No supplied or seeded browser identity for this canonical role
estimator,CRM & Proposal,/crm/opportunities/[id],N/A (page resource; endpoint matrix tracked separately),View,ALLOW (current source policy),NO CONFIGURED NAV ITEM,ALLOW BY CATCH-ALL; PAGE GATE VARIES,Page/layout gate; action and endpoint capabilities require separate rows,Tenant scope required,NOT TESTED,BLOCKED,NOT TESTED,PARTIAL,apps/web/src/app/(dashboard)/crm/opportunities/[id]/page.tsx; apps/web/src/lib/operations/nav-config.ts; apps/web/src/lib/protected-route.ts,No supplied or seeded browser identity for this canonical role
estimator,CRM & Proposal,/crm/opportunities/[id]/proposal,N/A (page resource; endpoint matrix tracked separately),View,ALLOW (current source policy),NO CONFIGURED NAV ITEM,ALLOW BY CATCH-ALL; PAGE GATE VARIES,Page/layout gate; action and endpoint capabilities require separate rows,Tenant scope required,NOT TESTED,BLOCKED,NOT TESTED,PARTIAL,apps/web/src/app/(dashboard)/crm/opportunities/[id]/proposal/page.tsx; apps/web/src/lib/operations/nav-config.ts; apps/web/src/lib/protected-route.ts,No supplied or seeded browser identity for this canonical role
estimator,CRM & Proposal,/crm/opportunities/[id]/proposal/change-requests,N/A (page resource; endpoint matrix tracked separately),View,ALLOW (current source policy),NO CONFIGURED NAV ITEM,ALLOW BY CATCH-ALL; PAGE GATE VARIES,Page/layout gate; action and endpoint capabilities require separate rows,Tenant scope required,NOT TESTED,BLOCKED,NOT TESTED,PARTIAL,apps/web/src/app/(dashboard)/crm/opportunities/[id]/proposal/change-requests/page.tsx; apps/web/src/lib/operations/nav-config.ts; apps/web/src/lib/protected-route.ts,No supplied or seeded browser identity for this canonical role
estimator,CRM & Proposal,/crm/opportunities/[id]/proposal/design,N/A (page resource; endpoint matrix tracked separately),View,ALLOW (current source policy),NO CONFIGURED NAV ITEM,ALLOW BY CATCH-ALL; PAGE GATE VARIES,Page/layout gate; action and endpoint capabilities require separate rows,Tenant scope required,NOT TESTED,BLOCKED,NOT TESTED,PARTIAL,apps/web/src/app/(dashboard)/crm/opportunities/[id]/proposal/design/page.tsx; apps/web/src/lib/operations/nav-config.ts; apps/web/src/lib/protected-route.ts,No supplied or seeded browser identity for this canonical role
estimator,CRM & Proposal,/crm/opportunities/[id]/proposal/inspection,N/A (page resource; endpoint matrix tracked separately),View,ALLOW (current source policy),NO CONFIGURED NAV ITEM,ALLOW BY CATCH-ALL; PAGE GATE VARIES,Page/layout gate; action and endpoint capabilities require separate rows,Tenant scope required,NOT TESTED,BLOCKED,NOT TESTED,PARTIAL,apps/web/src/app/(dashboard)/crm/opportunities/[id]/proposal/inspection/page.tsx; apps/web/src/lib/operations/nav-config.ts; apps/web/src/lib/protected-route.ts,No supplied or seeded browser identity for this canonical role
estimator,CRM & Proposal,/crm/opportunities/[id]/proposal/pprf,N/A (page resource; endpoint matrix tracked separately),View,ALLOW (current source policy),NO CONFIGURED NAV ITEM,ALLOW BY CATCH-ALL; PAGE GATE VARIES,Page/layout gate; action and endpoint capabilities require separate rows,Tenant scope required,NOT TESTED,BLOCKED,NOT TESTED,PARTIAL,apps/web/src/app/(dashboard)/crm/opportunities/[id]/proposal/pprf/page.tsx; apps/web/src/lib/operations/nav-config.ts; apps/web/src/lib/protected-route.ts,No supplied or seeded browser identity for this canonical role
estimator,CRM & Proposal,/crm/opportunities/new/pprf,N/A (page resource; endpoint matrix tracked separately),View,ALLOW (current source policy),NO CONFIGURED NAV ITEM,ALLOW BY CATCH-ALL; PAGE GATE VARIES,Page/layout gate; action and endpoint capabilities require separate rows,Tenant scope required,NOT TESTED,BLOCKED,NOT TESTED,PARTIAL,apps/web/src/app/(dashboard)/crm/opportunities/new/pprf/page.tsx; apps/web/src/lib/operations/nav-config.ts; apps/web/src/lib/protected-route.ts,No supplied or seeded browser identity for this canonical role
estimator,Dashboard,/dashboard,N/A (page resource; endpoint matrix tracked separately),View,ALLOW (current source policy),VISIBLE,ALLOW,Page/layout gate; action and endpoint capabilities require separate rows,Tenant scope required,NOT TESTED,BLOCKED,NOT TESTED,BLOCKED,apps/web/src/app/(dashboard)/dashboard/page.tsx; apps/web/src/lib/operations/nav-config.ts; apps/web/src/lib/protected-route.ts,No supplied or seeded browser identity for this canonical role
estimator,Documents,/documents,N/A (page resource; endpoint matrix tracked separately),View,ALLOW (current source policy),VISIBLE,ALLOW,Page/layout gate; action and endpoint capabilities require separate rows,Tenant scope required,NOT TESTED,BLOCKED,NOT TESTED,NOT TESTED,apps/web/src/app/(dashboard)/documents/page.tsx; apps/web/src/lib/operations/nav-config.ts; apps/web/src/lib/protected-route.ts,No supplied or seeded browser identity for this canonical role
estimator,Finance,/finance,N/A (page resource; endpoint matrix tracked separately),View,DENY (current source policy),HIDDEN,DENY/REDIRECT,Page/layout gate; action and endpoint capabilities require separate rows,Tenant scope required,NOT TESTED,BLOCKED,NOT TESTED,NOT TESTED,apps/web/src/app/(dashboard)/finance/page.tsx; apps/web/src/lib/operations/nav-config.ts; apps/web/src/lib/protected-route.ts,No supplied or seeded browser identity for this canonical role
estimator,Finance,/finance/cash,N/A (page resource; endpoint matrix tracked separately),View,DENY (current source policy),HIDDEN,DENY/REDIRECT,Page/layout gate; action and endpoint capabilities require separate rows,Tenant scope required,NOT TESTED,BLOCKED,NOT TESTED,NOT TESTED,apps/web/src/app/(dashboard)/finance/cash/page.tsx; apps/web/src/lib/operations/nav-config.ts; apps/web/src/lib/protected-route.ts,No supplied or seeded browser identity for this canonical role
estimator,Finance,/finance/cash/[id],N/A (page resource; endpoint matrix tracked separately),View,DENY (current source policy),PARENT HIDDEN,DENY/REDIRECT,Page/layout gate; action and endpoint capabilities require separate rows,Tenant scope required,NOT TESTED,BLOCKED,NOT TESTED,NOT TESTED,apps/web/src/app/(dashboard)/finance/cash/[id]/page.tsx; apps/web/src/lib/operations/nav-config.ts; apps/web/src/lib/protected-route.ts,No supplied or seeded browser identity for this canonical role
estimator,Finance,/finance/cash/new,N/A (page resource; endpoint matrix tracked separately),View,DENY (current source policy),PARENT HIDDEN,DENY/REDIRECT,Page/layout gate; action and endpoint capabilities require separate rows,Tenant scope required,NOT TESTED,BLOCKED,NOT TESTED,NOT TESTED,apps/web/src/app/(dashboard)/finance/cash/new/page.tsx; apps/web/src/lib/operations/nav-config.ts; apps/web/src/lib/protected-route.ts,No supplied or seeded browser identity for this canonical role
estimator,Finance,/finance/journals/[id],N/A (page resource; endpoint matrix tracked separately),View,DENY (current source policy),PARENT HIDDEN,DENY/REDIRECT,Page/layout gate; action and endpoint capabilities require separate rows,Tenant scope required,NOT TESTED,BLOCKED,NOT TESTED,NOT TESTED,apps/web/src/app/(dashboard)/finance/journals/[id]/page.tsx; apps/web/src/lib/operations/nav-config.ts; apps/web/src/lib/protected-route.ts,No supplied or seeded browser identity for this canonical role
estimator,Finance,/finance/journals/new,N/A (page resource; endpoint matrix tracked separately),View,DENY (current source policy),PARENT HIDDEN,DENY/REDIRECT,Page/layout gate; action and endpoint capabilities require separate rows,Tenant scope required,NOT TESTED,BLOCKED,NOT TESTED,NOT TESTED,apps/web/src/app/(dashboard)/finance/journals/new/page.tsx; apps/web/src/lib/operations/nav-config.ts; apps/web/src/lib/protected-route.ts,No supplied or seeded browser identity for this canonical role
estimator,Finance,/finance/ledger,N/A (page resource; endpoint matrix tracked separately),View,DENY (current source policy),PARENT HIDDEN,DENY/REDIRECT,Page/layout gate; action and endpoint capabilities require separate rows,Tenant scope required,NOT TESTED,BLOCKED,NOT TESTED,NOT TESTED,apps/web/src/app/(dashboard)/finance/ledger/page.tsx; apps/web/src/lib/operations/nav-config.ts; apps/web/src/lib/protected-route.ts,No supplied or seeded browser identity for this canonical role
estimator,Finance,/finance/payables,N/A (page resource; endpoint matrix tracked separately),View,DENY (current source policy),HIDDEN,DENY/REDIRECT,Page/layout gate; action and endpoint capabilities require separate rows,Tenant scope required,NOT TESTED,BLOCKED,NOT TESTED,NOT TESTED,apps/web/src/app/(dashboard)/finance/payables/page.tsx; apps/web/src/lib/operations/nav-config.ts; apps/web/src/lib/protected-route.ts,No supplied or seeded browser identity for this canonical role
estimator,Finance,/finance/payables/[id],N/A (page resource; endpoint matrix tracked separately),View,DENY (current source policy),PARENT HIDDEN,DENY/REDIRECT,Page/layout gate; action and endpoint capabilities require separate rows,Tenant scope required,NOT TESTED,BLOCKED,NOT TESTED,NOT TESTED,apps/web/src/app/(dashboard)/finance/payables/[id]/page.tsx; apps/web/src/lib/operations/nav-config.ts; apps/web/src/lib/protected-route.ts,No supplied or seeded browser identity for this canonical role
estimator,Finance,/finance/payables/[id]/edit,N/A (page resource; endpoint matrix tracked separately),View,DENY (current source policy),PARENT HIDDEN,DENY/REDIRECT,Page/layout gate; action and endpoint capabilities require separate rows,Tenant scope required,NOT TESTED,BLOCKED,NOT TESTED,NOT TESTED,apps/web/src/app/(dashboard)/finance/payables/[id]/edit/page.tsx; apps/web/src/lib/operations/nav-config.ts; apps/web/src/lib/protected-route.ts,No supplied or seeded browser identity for this canonical role
estimator,Finance,/finance/payables/new,N/A (page resource; endpoint matrix tracked separately),View,DENY (current source policy),PARENT HIDDEN,DENY/REDIRECT,Page/layout gate; action and endpoint capabilities require separate rows,Tenant scope required,NOT TESTED,BLOCKED,NOT TESTED,NOT TESTED,apps/web/src/app/(dashboard)/finance/payables/new/page.tsx; apps/web/src/lib/operations/nav-config.ts; apps/web/src/lib/protected-route.ts,No supplied or seeded browser identity for this canonical role
estimator,Finance,/finance/receivables,N/A (page resource; endpoint matrix tracked separately),View,DENY (current source policy),HIDDEN,DENY/REDIRECT,Page/layout gate; action and endpoint capabilities require separate rows,Tenant scope required,NOT TESTED,BLOCKED,NOT TESTED,NOT TESTED,apps/web/src/app/(dashboard)/finance/receivables/page.tsx; apps/web/src/lib/operations/nav-config.ts; apps/web/src/lib/protected-route.ts,No supplied or seeded browser identity for this canonical role
estimator,Finance,/finance/reconciliation,N/A (page resource; endpoint matrix tracked separately),View,DENY (current source policy),HIDDEN,DENY/REDIRECT,Page/layout gate; action and endpoint capabilities require separate rows,Tenant scope required,NOT TESTED,BLOCKED,NOT TESTED,NOT TESTED,apps/web/src/app/(dashboard)/finance/reconciliation/page.tsx; apps/web/src/lib/operations/nav-config.ts; apps/web/src/lib/protected-route.ts,No supplied or seeded browser identity for this canonical role
estimator,Finance,/finance/reconciliation/[id],N/A (page resource; endpoint matrix tracked separately),View,DENY (current source policy),PARENT HIDDEN,DENY/REDIRECT,Page/layout gate; action and endpoint capabilities require separate rows,Tenant scope required,NOT TESTED,BLOCKED,NOT TESTED,NOT TESTED,apps/web/src/app/(dashboard)/finance/reconciliation/[id]/page.tsx; apps/web/src/lib/operations/nav-config.ts; apps/web/src/lib/protected-route.ts,No supplied or seeded browser identity for this canonical role
estimator,Finance,/finance/reconciliation/new,N/A (page resource; endpoint matrix tracked separately),View,DENY (current source policy),PARENT HIDDEN,DENY/REDIRECT,Page/layout gate; action and endpoint capabilities require separate rows,Tenant scope required,NOT TESTED,BLOCKED,NOT TESTED,NOT TESTED,apps/web/src/app/(dashboard)/finance/reconciliation/new/page.tsx; apps/web/src/lib/operations/nav-config.ts; apps/web/src/lib/protected-route.ts,No supplied or seeded browser identity for this canonical role
estimator,Proposal Print,/inspection/[id],N/A (page resource; endpoint matrix tracked separately),View,ALLOW (current source policy),NO CONFIGURED NAV ITEM,ALLOW BY CATCH-ALL; PAGE GATE VARIES,Page/layout gate; action and endpoint capabilities require separate rows,Tenant scope required,NOT TESTED,BLOCKED,NOT TESTED,PARTIAL,apps/web/src/app/(print)/inspection/[id]/page.tsx; apps/web/src/lib/operations/nav-config.ts; apps/web/src/lib/protected-route.ts,No supplied or seeded browser identity for this canonical role
estimator,Inventory,/inventory,N/A (page resource; endpoint matrix tracked separately),View,DENY (inventory.read policy),HIDDEN,DENY/REDIRECT,Shared route policy plus inventory.read page gate,Tenant scope required,PASSED - all-role route policy tests,BLOCKED,NOT RUN,PARTIAL,apps/web/src/lib/operations/nav-config.test.ts; apps/web/src/app/(dashboard)/inventory/page.tsx,No supplied browser identity
estimator,Inventory,/inventory/movements,N/A (page resource; endpoint matrix tracked separately),View,DENY (inventory.read policy),PARENT HIDDEN,DENY/REDIRECT,Shared route policy plus inventory.read page gate,Tenant scope required,PASSED - nested route policy tests,BLOCKED,NOT RUN,PARTIAL,apps/web/src/lib/operations/nav-config.test.ts; apps/web/src/app/(dashboard)/inventory/movements/page.tsx,No supplied browser identity
estimator,Inventory,/inventory/movements/[id],N/A (page resource; endpoint matrix tracked separately),View,DENY (inventory.read policy),PARENT HIDDEN,DENY/REDIRECT,Shared route policy plus inventory.read page gate,Tenant scope required,PASSED - nested route policy tests,BLOCKED,NOT RUN,PARTIAL,apps/web/src/lib/operations/nav-config.test.ts; apps/web/src/app/(dashboard)/inventory/movements/[id]/page.tsx,No supplied browser identity
estimator,Inventory,/inventory/movements/new,N/A (page resource; endpoint matrix tracked separately),View,DENY (inventory.read policy),PARENT HIDDEN,DENY/REDIRECT,Shared route policy plus inventory.read page gate,Tenant scope required,PASSED - nested route policy tests,BLOCKED,NOT RUN,PARTIAL,apps/web/src/lib/operations/nav-config.test.ts; apps/web/src/app/(dashboard)/inventory/movements/new/page.tsx,No supplied browser identity
estimator,Inventory,/inventory/receipts,N/A (page resource; endpoint matrix tracked separately),View,DENY (inventory.read policy),PARENT HIDDEN,DENY/REDIRECT,Shared route policy plus inventory.read page gate,Tenant scope required,PASSED - nested route policy tests,BLOCKED,NOT RUN,PARTIAL,apps/web/src/lib/operations/nav-config.test.ts; apps/web/src/app/(dashboard)/inventory/receipts/page.tsx,No supplied browser identity
estimator,Inventory,/inventory/receipts/[id],N/A (page resource; endpoint matrix tracked separately),View,DENY (inventory.read policy),PARENT HIDDEN,DENY/REDIRECT,Shared route policy plus inventory.read page gate,Tenant scope required,PASSED - nested route policy tests,BLOCKED,NOT RUN,PARTIAL,apps/web/src/lib/operations/nav-config.test.ts; apps/web/src/app/(dashboard)/inventory/receipts/[id]/page.tsx,No supplied browser identity
estimator,Inventory,/inventory/receipts/new,N/A (page resource; endpoint matrix tracked separately),View,DENY (inventory.read policy),PARENT HIDDEN,DENY/REDIRECT,Shared route policy plus inventory.read page gate,Tenant scope required,PASSED - nested route policy tests,BLOCKED,NOT RUN,PARTIAL,apps/web/src/lib/operations/nav-config.test.ts; apps/web/src/app/(dashboard)/inventory/receipts/new/page.tsx,No supplied browser identity
estimator,Finance,/invoices,N/A (page resource; endpoint matrix tracked separately),View,DENY (current source policy),HIDDEN,DENY/REDIRECT,Page/layout gate; action and endpoint capabilities require separate rows,Tenant scope required,NOT TESTED,BLOCKED,NOT TESTED,NOT TESTED,apps/web/src/app/(dashboard)/invoices/page.tsx; apps/web/src/lib/operations/nav-config.ts; apps/web/src/lib/protected-route.ts,No supplied or seeded browser identity for this canonical role
estimator,Finance,/invoices/[id],N/A (page resource; endpoint matrix tracked separately),View,DENY (current source policy),PARENT HIDDEN,DENY/REDIRECT,Page/layout gate; action and endpoint capabilities require separate rows,Tenant scope required,NOT TESTED,BLOCKED,NOT TESTED,NOT TESTED,apps/web/src/app/(dashboard)/invoices/[id]/page.tsx; apps/web/src/lib/operations/nav-config.ts; apps/web/src/lib/protected-route.ts,No supplied or seeded browser identity for this canonical role
estimator,Finance,/invoices/[id]/bir2307,N/A (page resource; endpoint matrix tracked separately),View,DENY (current source policy),PARENT HIDDEN,DENY/REDIRECT,Page/layout gate; action and endpoint capabilities require separate rows,Tenant scope required,NOT TESTED,BLOCKED,NOT TESTED,NOT TESTED,apps/web/src/app/(print)/invoices/[id]/bir2307/page.tsx; apps/web/src/lib/operations/nav-config.ts; apps/web/src/lib/protected-route.ts,No supplied or seeded browser identity for this canonical role
estimator,Finance,/invoices/[id]/print,N/A (page resource; endpoint matrix tracked separately),View,DENY (current source policy),PARENT HIDDEN,DENY/REDIRECT,Page/layout gate; action and endpoint capabilities require separate rows,Tenant scope required,NOT TESTED,BLOCKED,NOT TESTED,NOT TESTED,apps/web/src/app/(print)/invoices/[id]/print/page.tsx; apps/web/src/lib/operations/nav-config.ts; apps/web/src/lib/protected-route.ts,No supplied or seeded browser identity for this canonical role
estimator,Pre-Construction,/permits,N/A (page resource; endpoint matrix tracked separately),View,ALLOW (current source policy),VISIBLE,ALLOW,Page/layout gate; action and endpoint capabilities require separate rows,Tenant scope required,NOT TESTED,BLOCKED,NOT TESTED,NOT TESTED,apps/web/src/app/(dashboard)/permits/page.tsx; apps/web/src/lib/operations/nav-config.ts; apps/web/src/lib/protected-route.ts,No supplied or seeded browser identity for this canonical role
estimator,Pipeline,/pipeline,N/A (page resource; endpoint matrix tracked separately),View,ALLOW (current source policy),NO CONFIGURED NAV ITEM,ALLOW BY CATCH-ALL; PAGE GATE VARIES,Page/layout gate; action and endpoint capabilities require separate rows,Tenant scope required,NOT TESTED,BLOCKED,NOT TESTED,PARTIAL,apps/web/src/app/(dashboard)/pipeline/page.tsx; apps/web/src/lib/operations/nav-config.ts; apps/web/src/lib/protected-route.ts,No supplied or seeded browser identity for this canonical role
estimator,Pipeline,/pipeline/board,N/A (page resource; endpoint matrix tracked separately),View,ALLOW (current source policy),VISIBLE,ALLOW,Page/layout gate; action and endpoint capabilities require separate rows,Tenant scope required,NOT TESTED,BLOCKED,NOT TESTED,NOT TESTED,apps/web/src/app/(dashboard)/pipeline/board/page.tsx; apps/web/src/lib/operations/nav-config.ts; apps/web/src/lib/protected-route.ts,No supplied or seeded browser identity for this canonical role
estimator,Pipeline,/pipeline/conversion,N/A (page resource; endpoint matrix tracked separately),View,ALLOW (current source policy),NO CONFIGURED NAV ITEM,ALLOW BY CATCH-ALL; PAGE GATE VARIES,Page/layout gate; action and endpoint capabilities require separate rows,Tenant scope required,NOT TESTED,BLOCKED,NOT TESTED,PARTIAL,apps/web/src/app/(dashboard)/pipeline/conversion/page.tsx; apps/web/src/lib/operations/nav-config.ts; apps/web/src/lib/protected-route.ts,No supplied or seeded browser identity for this canonical role
estimator,Process & SLA,/process,N/A (page resource; endpoint matrix tracked separately),View,ALLOW (current source policy),VISIBLE,ALLOW,Page/layout gate; action and endpoint capabilities require separate rows,Tenant scope required,NOT TESTED,BLOCKED,NOT TESTED,NOT TESTED,apps/web/src/app/(dashboard)/process/page.tsx; apps/web/src/lib/operations/nav-config.ts; apps/web/src/lib/protected-route.ts,No supplied or seeded browser identity for this canonical role
estimator,Procurement,/procurement,N/A (page resource; endpoint matrix tracked separately),View,ALLOW (current source policy),NO CONFIGURED NAV ITEM,ALLOW BY CATCH-ALL; PAGE GATE VARIES,Page/layout gate; action and endpoint capabilities require separate rows,Tenant scope required,NOT TESTED,BLOCKED,NOT TESTED,PARTIAL,apps/web/src/app/(dashboard)/procurement/page.tsx; apps/web/src/lib/operations/nav-config.ts; apps/web/src/lib/protected-route.ts,No supplied or seeded browser identity for this canonical role
estimator,Procurement,/procurement/deliveries,N/A (page resource; endpoint matrix tracked separately),View,DENY (current source policy),HIDDEN,DENY/REDIRECT,Page/layout gate; action and endpoint capabilities require separate rows,Tenant scope required,NOT TESTED,BLOCKED,NOT TESTED,NOT TESTED,apps/web/src/app/(dashboard)/procurement/deliveries/page.tsx; apps/web/src/lib/operations/nav-config.ts; apps/web/src/lib/protected-route.ts,No supplied or seeded browser identity for this canonical role
estimator,Procurement,/procurement/deliveries/[id],N/A (page resource; endpoint matrix tracked separately),View,DENY (current source policy),PARENT HIDDEN,DENY/REDIRECT,Page/layout gate; action and endpoint capabilities require separate rows,Tenant scope required,NOT TESTED,BLOCKED,NOT TESTED,NOT TESTED,apps/web/src/app/(dashboard)/procurement/deliveries/[id]/page.tsx; apps/web/src/lib/operations/nav-config.ts; apps/web/src/lib/protected-route.ts,No supplied or seeded browser identity for this canonical role
estimator,Procurement,/procurement/deliveries/new,N/A (page resource; endpoint matrix tracked separately),View,DENY (current source policy),PARENT HIDDEN,DENY/REDIRECT,Page/layout gate; action and endpoint capabilities require separate rows,Tenant scope required,NOT TESTED,BLOCKED,NOT TESTED,NOT TESTED,apps/web/src/app/(dashboard)/procurement/deliveries/new/page.tsx; apps/web/src/lib/operations/nav-config.ts; apps/web/src/lib/protected-route.ts,No supplied or seeded browser identity for this canonical role
estimator,Procurement,/procurement/rfqs,N/A (page resource; endpoint matrix tracked separately),View,ALLOW (current source policy),VISIBLE,ALLOW,Page/layout gate; action and endpoint capabilities require separate rows,Tenant scope required,NOT TESTED,BLOCKED,NOT TESTED,NOT TESTED,apps/web/src/app/(dashboard)/procurement/rfqs/page.tsx; apps/web/src/lib/operations/nav-config.ts; apps/web/src/lib/protected-route.ts,No supplied or seeded browser identity for this canonical role
estimator,Procurement,/procurement/rfqs/[id],N/A (page resource; endpoint matrix tracked separately),View,ALLOW (current source policy),PARENT VISIBLE,ALLOW,Page/layout gate; action and endpoint capabilities require separate rows,Tenant scope required,NOT TESTED,BLOCKED,NOT TESTED,NOT TESTED,apps/web/src/app/(dashboard)/procurement/rfqs/[id]/page.tsx; apps/web/src/lib/operations/nav-config.ts; apps/web/src/lib/protected-route.ts,No supplied or seeded browser identity for this canonical role
estimator,Projects,/projects,N/A (page resource; endpoint matrix tracked separately),View,ALLOW (current source policy),VISIBLE,ALLOW,Page/layout gate; action and endpoint capabilities require separate rows,Tenant scope required,NOT TESTED,BLOCKED,NOT TESTED,NOT TESTED,apps/web/src/app/(dashboard)/projects/page.tsx; apps/web/src/lib/operations/nav-config.ts; apps/web/src/lib/protected-route.ts,No supplied or seeded browser identity for this canonical role
estimator,Projects,/projects/[id],N/A (page resource; endpoint matrix tracked separately),View,ALLOW (current source policy),PARENT VISIBLE,ALLOW,Page/layout gate; action and endpoint capabilities require separate rows,Tenant scope required,NOT TESTED,BLOCKED,NOT TESTED,NOT TESTED,apps/web/src/app/(dashboard)/projects/[id]/page.tsx; apps/web/src/lib/operations/nav-config.ts; apps/web/src/lib/protected-route.ts,No supplied or seeded browser identity for this canonical role
estimator,Projects,/projects/[id]/access,N/A (page resource; endpoint matrix tracked separately),View,ALLOW (current source policy),PARENT VISIBLE,ALLOW,Page/layout gate; action and endpoint capabilities require separate rows,Tenant scope required,NOT TESTED,BLOCKED,NOT TESTED,NOT TESTED,apps/web/src/app/(dashboard)/projects/[id]/access/page.tsx; apps/web/src/lib/operations/nav-config.ts; apps/web/src/lib/protected-route.ts,No supplied or seeded browser identity for this canonical role
estimator,Projects,/projects/[id]/audit,N/A (page resource; endpoint matrix tracked separately),View,DENY (audit.read policy),AUDIT TAB HIDDEN,DENY/NOT FOUND,Project detail projection plus audit.read route gate,Tenant and requested project scope,PASSED - all-role projection and route tests,BLOCKED,NOT RUN,PARTIAL,project-detail-access.test.tsx; project-sensitive-routes.test.tsx,No supplied or seeded browser identity
estimator,Projects,/projects/[id]/billing,N/A (page resource; endpoint matrix tracked separately),View,ALLOW (current source policy),PARENT VISIBLE,ALLOW,Page/layout gate; action and endpoint capabilities require separate rows,Tenant scope required,NOT TESTED,BLOCKED,NOT TESTED,NOT TESTED,apps/web/src/app/(dashboard)/projects/[id]/billing/page.tsx; apps/web/src/lib/operations/nav-config.ts; apps/web/src/lib/protected-route.ts,No supplied or seeded browser identity for this canonical role
estimator,Projects,/projects/[id]/bom,N/A (page resource; endpoint matrix tracked separately),View,ALLOW (current source policy),PARENT VISIBLE,ALLOW,Page/layout gate; action and endpoint capabilities require separate rows,Tenant scope required,NOT TESTED,BLOCKED,NOT TESTED,NOT TESTED,apps/web/src/app/(dashboard)/projects/[id]/bom/page.tsx; apps/web/src/lib/operations/nav-config.ts; apps/web/src/lib/protected-route.ts,No supplied or seeded browser identity for this canonical role
estimator,Projects,/projects/[id]/bom/togal,N/A (page resource; endpoint matrix tracked separately),View,ALLOW (current source policy),PARENT VISIBLE,ALLOW,Page/layout gate; action and endpoint capabilities require separate rows,Tenant scope required,NOT TESTED,BLOCKED,NOT TESTED,NOT TESTED,apps/web/src/app/(dashboard)/projects/[id]/bom/togal/page.tsx; apps/web/src/lib/operations/nav-config.ts; apps/web/src/lib/protected-route.ts,No supplied or seeded browser identity for this canonical role
estimator,Projects,/projects/[id]/checklist,N/A (page resource; endpoint matrix tracked separately),View,ALLOW (current source policy),PARENT VISIBLE,ALLOW,Page/layout gate; action and endpoint capabilities require separate rows,Tenant scope required,NOT TESTED,BLOCKED,NOT TESTED,NOT TESTED,apps/web/src/app/(dashboard)/projects/[id]/checklist/page.tsx; apps/web/src/lib/operations/nav-config.ts; apps/web/src/lib/protected-route.ts,No supplied or seeded browser identity for this canonical role
estimator,Projects,/projects/[id]/coc,N/A (page resource; endpoint matrix tracked separately),View,ALLOW (current source policy),PARENT VISIBLE,ALLOW,Page/layout gate; action and endpoint capabilities require separate rows,Tenant scope required,NOT TESTED,BLOCKED,NOT TESTED,NOT TESTED,apps/web/src/app/(dashboard)/projects/[id]/coc/page.tsx; apps/web/src/lib/operations/nav-config.ts; apps/web/src/lib/protected-route.ts,No supplied or seeded browser identity for this canonical role
estimator,Projects,/projects/[id]/comments,N/A (page resource; endpoint matrix tracked separately),View,ALLOW (current source policy),PARENT VISIBLE,ALLOW,Page/layout gate; action and endpoint capabilities require separate rows,Tenant scope required,NOT TESTED,BLOCKED,NOT TESTED,NOT TESTED,apps/web/src/app/(dashboard)/projects/[id]/comments/page.tsx; apps/web/src/lib/operations/nav-config.ts; apps/web/src/lib/protected-route.ts,No supplied or seeded browser identity for this canonical role
estimator,Projects,/projects/[id]/cost,N/A (page resource; endpoint matrix tracked separately),View,ALLOW (current source policy),PARENT VISIBLE,ALLOW,Page/layout gate; action and endpoint capabilities require separate rows,Tenant scope required,NOT TESTED,BLOCKED,NOT TESTED,NOT TESTED,apps/web/src/app/(dashboard)/projects/[id]/cost/page.tsx; apps/web/src/lib/operations/nav-config.ts; apps/web/src/lib/protected-route.ts,No supplied or seeded browser identity for this canonical role
estimator,Projects,/projects/[id]/cost/budget,N/A (page resource; endpoint matrix tracked separately),View,ALLOW (current source policy),PARENT VISIBLE,ALLOW,Page/layout gate; action and endpoint capabilities require separate rows,Tenant scope required,NOT TESTED,BLOCKED,NOT TESTED,NOT TESTED,apps/web/src/app/(dashboard)/projects/[id]/cost/budget/page.tsx; apps/web/src/lib/operations/nav-config.ts; apps/web/src/lib/protected-route.ts,No supplied or seeded browser identity for this canonical role
estimator,Projects,/projects/[id]/documents,N/A (page resource; endpoint matrix tracked separately),View,ALLOW (current source policy),PARENT VISIBLE,ALLOW,Page/layout gate; action and endpoint capabilities require separate rows,Tenant scope required,NOT TESTED,BLOCKED,NOT TESTED,NOT TESTED,apps/web/src/app/(dashboard)/projects/[id]/documents/page.tsx; apps/web/src/lib/operations/nav-config.ts; apps/web/src/lib/protected-route.ts,No supplied or seeded browser identity for this canonical role
estimator,Projects,/projects/[id]/permits,N/A (page resource; endpoint matrix tracked separately),View,ALLOW (current source policy),PARENT VISIBLE,ALLOW,Page/layout gate; action and endpoint capabilities require separate rows,Tenant scope required,NOT TESTED,BLOCKED,NOT TESTED,NOT TESTED,apps/web/src/app/(dashboard)/projects/[id]/permits/page.tsx; apps/web/src/lib/operations/nav-config.ts; apps/web/src/lib/protected-route.ts,No supplied or seeded browser identity for this canonical role
estimator,Projects,/projects/[id]/progress,N/A (page resource; endpoint matrix tracked separately),View,ALLOW (current source policy),PARENT VISIBLE,ALLOW,Page/layout gate; action and endpoint capabilities require separate rows,Tenant scope required,NOT TESTED,BLOCKED,NOT TESTED,NOT TESTED,apps/web/src/app/(dashboard)/projects/[id]/progress/page.tsx; apps/web/src/lib/operations/nav-config.ts; apps/web/src/lib/protected-route.ts,No supplied or seeded browser identity for this canonical role
estimator,Projects,/projects/[id]/reports,N/A (page resource; endpoint matrix tracked separately),View,ALLOW (current source policy),PARENT VISIBLE,ALLOW,Page/layout gate; action and endpoint capabilities require separate rows,Tenant scope required,NOT TESTED,BLOCKED,NOT TESTED,NOT TESTED,apps/web/src/app/(dashboard)/projects/[id]/reports/page.tsx; apps/web/src/lib/operations/nav-config.ts; apps/web/src/lib/protected-route.ts,No supplied or seeded browser identity for this canonical role
estimator,Projects,/projects/[id]/scope,N/A (page resource; endpoint matrix tracked separately),View,ALLOW (current source policy),PARENT VISIBLE,ALLOW,Page/layout gate; action and endpoint capabilities require separate rows,Tenant scope required,NOT TESTED,BLOCKED,NOT TESTED,NOT TESTED,apps/web/src/app/(dashboard)/projects/[id]/scope/page.tsx; apps/web/src/lib/operations/nav-config.ts; apps/web/src/lib/protected-route.ts,No supplied or seeded browser identity for this canonical role
estimator,Projects,/projects/[id]/turnover,N/A (page resource; endpoint matrix tracked separately),View,ALLOW (current source policy),PARENT VISIBLE,ALLOW,Page/layout gate; action and endpoint capabilities require separate rows,Tenant scope required,NOT TESTED,BLOCKED,NOT TESTED,NOT TESTED,apps/web/src/app/(dashboard)/projects/[id]/turnover/page.tsx; apps/web/src/lib/operations/nav-config.ts; apps/web/src/lib/protected-route.ts,No supplied or seeded browser identity for this canonical role
estimator,Projects,/projects/[id]/vos,N/A (page resource; endpoint matrix tracked separately),View,ALLOW (current source policy),PARENT VISIBLE,ALLOW,Page/layout gate; action and endpoint capabilities require separate rows,Tenant scope required,NOT TESTED,BLOCKED,NOT TESTED,NOT TESTED,apps/web/src/app/(dashboard)/projects/[id]/vos/page.tsx; apps/web/src/lib/operations/nav-config.ts; apps/web/src/lib/protected-route.ts,No supplied or seeded browser identity for this canonical role
estimator,Projects,/projects/[id]/vos/[voId],N/A (page resource; endpoint matrix tracked separately),View,ALLOW (current source policy),PARENT VISIBLE,ALLOW,Page/layout gate; action and endpoint capabilities require separate rows,Tenant scope required,NOT TESTED,BLOCKED,NOT TESTED,NOT TESTED,apps/web/src/app/(dashboard)/projects/[id]/vos/[voId]/page.tsx; apps/web/src/lib/operations/nav-config.ts; apps/web/src/lib/protected-route.ts,No supplied or seeded browser identity for this canonical role
estimator,Projects,/projects/new,N/A (page resource; endpoint matrix tracked separately),View,ALLOW (current source policy),PARENT VISIBLE,ALLOW,Page/layout gate; action and endpoint capabilities require separate rows,Tenant scope required,NOT TESTED,BLOCKED,NOT TESTED,NOT TESTED,apps/web/src/app/(dashboard)/projects/new/page.tsx; apps/web/src/lib/operations/nav-config.ts; apps/web/src/lib/protected-route.ts,No supplied or seeded browser identity for this canonical role
estimator,Post-Construction,/punchlist,N/A (page resource; endpoint matrix tracked separately),View,DENY (current source policy),HIDDEN,DENY/REDIRECT,Page/layout gate; action and endpoint capabilities require separate rows,Tenant scope required,NOT TESTED,BLOCKED,NOT TESTED,NOT TESTED,apps/web/src/app/(dashboard)/punchlist/page.tsx; apps/web/src/lib/operations/nav-config.ts; apps/web/src/lib/protected-route.ts,No supplied or seeded browser identity for this canonical role
estimator,Post-Construction,/punchlist/[id],N/A (page resource; endpoint matrix tracked separately),View,DENY (current source policy),PARENT HIDDEN,DENY/REDIRECT,Page/layout gate; action and endpoint capabilities require separate rows,Tenant scope required,NOT TESTED,BLOCKED,NOT TESTED,NOT TESTED,apps/web/src/app/(dashboard)/punchlist/[id]/page.tsx; apps/web/src/lib/operations/nav-config.ts; apps/web/src/lib/protected-route.ts,No supplied or seeded browser identity for this canonical role
estimator,Post-Construction,/punchlist/new,N/A (page resource; endpoint matrix tracked separately),View,DENY (current source policy),PARENT HIDDEN,DENY/REDIRECT,Page/layout gate; action and endpoint capabilities require separate rows,Tenant scope required,NOT TESTED,BLOCKED,NOT TESTED,NOT TESTED,apps/web/src/app/(dashboard)/punchlist/new/page.tsx; apps/web/src/lib/operations/nav-config.ts; apps/web/src/lib/protected-route.ts,No supplied or seeded browser identity for this canonical role
estimator,Procurement,/purchase-orders,N/A (page resource; endpoint matrix tracked separately),View,ALLOW (current source policy),VISIBLE,ALLOW,Page/layout gate; action and endpoint capabilities require separate rows,Tenant scope required,NOT TESTED,BLOCKED,NOT TESTED,NOT TESTED,apps/web/src/app/(dashboard)/purchase-orders/page.tsx; apps/web/src/lib/operations/nav-config.ts; apps/web/src/lib/protected-route.ts,No supplied or seeded browser identity for this canonical role
estimator,Procurement,/purchase-orders/[id],N/A (page resource; endpoint matrix tracked separately),View,ALLOW (current source policy),PARENT VISIBLE,ALLOW,Page/layout gate; action and endpoint capabilities require separate rows,Tenant scope required,NOT TESTED,BLOCKED,NOT TESTED,NOT TESTED,apps/web/src/app/(dashboard)/purchase-orders/[id]/page.tsx; apps/web/src/lib/operations/nav-config.ts; apps/web/src/lib/protected-route.ts,No supplied or seeded browser identity for this canonical role
estimator,Procurement,/purchase-orders/[id]/print,N/A (page resource; endpoint matrix tracked separately),View,ALLOW (current source policy),PARENT VISIBLE,ALLOW,Page/layout gate; action and endpoint capabilities require separate rows,Tenant scope required,NOT TESTED,BLOCKED,NOT TESTED,NOT TESTED,apps/web/src/app/(print)/purchase-orders/[id]/print/page.tsx; apps/web/src/lib/operations/nav-config.ts; apps/web/src/lib/protected-route.ts,No supplied or seeded browser identity for this canonical role
estimator,Admin & Reports,/reports,N/A (page resource; endpoint matrix tracked separately),View,DENY (current source policy),HIDDEN,DENY/REDIRECT,Page/layout gate; action and endpoint capabilities require separate rows,Tenant scope required,NOT TESTED,BLOCKED,NOT TESTED,NOT TESTED,apps/web/src/app/(dashboard)/reports/page.tsx; apps/web/src/lib/operations/nav-config.ts; apps/web/src/lib/protected-route.ts,No supplied or seeded browser identity for this canonical role
estimator,Settings & Profile,/settings,N/A (page resource; endpoint matrix tracked separately),View,ALLOW (current source policy),VISIBLE,ALLOW,Page/layout gate; action and endpoint capabilities require separate rows,Tenant scope required,NOT TESTED,BLOCKED,NOT TESTED,NOT TESTED,apps/web/src/app/(dashboard)/settings/page.tsx; apps/web/src/lib/operations/nav-config.ts; apps/web/src/lib/protected-route.ts,No supplied or seeded browser identity for this canonical role
estimator,Construction Cadence,/tasks,N/A (page resource; endpoint matrix tracked separately),View,ALLOW (current source policy),VISIBLE,ALLOW,Page/layout gate; action and endpoint capabilities require separate rows,Tenant scope required,NOT TESTED,BLOCKED,NOT TESTED,NOT TESTED,apps/web/src/app/(dashboard)/tasks/page.tsx; apps/web/src/lib/operations/nav-config.ts; apps/web/src/lib/protected-route.ts,No supplied or seeded browser identity for this canonical role
estimator,Warranty & CX,/warranty,N/A (page resource; endpoint matrix tracked separately),View,DENY (current source policy),HIDDEN,DENY/REDIRECT,Page/layout gate; action and endpoint capabilities require separate rows,Tenant scope required,NOT TESTED,BLOCKED,NOT TESTED,NOT TESTED,apps/web/src/app/(dashboard)/warranty/page.tsx; apps/web/src/lib/operations/nav-config.ts; apps/web/src/lib/protected-route.ts,No supplied or seeded browser identity for this canonical role
estimator,Warranty & CX,/warranty/[id],N/A (page resource; endpoint matrix tracked separately),View,DENY (current source policy),PARENT HIDDEN,DENY/REDIRECT,Page/layout gate; action and endpoint capabilities require separate rows,Tenant scope required,NOT TESTED,BLOCKED,NOT TESTED,NOT TESTED,apps/web/src/app/(dashboard)/warranty/[id]/page.tsx; apps/web/src/lib/operations/nav-config.ts; apps/web/src/lib/protected-route.ts,No supplied or seeded browser identity for this canonical role
estimator,Warranty & CX,/warranty/cnps,N/A (page resource; endpoint matrix tracked separately),View,DENY (current source policy),HIDDEN,DENY/REDIRECT,Page/layout gate; action and endpoint capabilities require separate rows,Tenant scope required,NOT TESTED,BLOCKED,NOT TESTED,NOT TESTED,apps/web/src/app/(dashboard)/warranty/cnps/page.tsx; apps/web/src/lib/operations/nav-config.ts; apps/web/src/lib/protected-route.ts,No supplied or seeded browser identity for this canonical role
estimator,Construction Cadence,/weekly-report/[id],N/A (page resource; endpoint matrix tracked separately),View,ALLOW (current source policy),NO CONFIGURED NAV ITEM,ALLOW BY CATCH-ALL; PAGE GATE VARIES,Page/layout gate; action and endpoint capabilities require separate rows,Tenant scope required,NOT TESTED,BLOCKED,NOT TESTED,PARTIAL,apps/web/src/app/(print)/weekly-report/[id]/page.tsx; apps/web/src/lib/operations/nav-config.ts; apps/web/src/lib/protected-route.ts,No supplied or seeded browser identity for this canonical role
pm,Admin & Reports,/admin,N/A (page resource; endpoint matrix tracked separately),View,DENY (current source policy),HIDDEN,DENY/REDIRECT,Page/layout gate; action and endpoint capabilities require separate rows,Tenant scope required,NOT TESTED,BLOCKED,NOT TESTED,NOT TESTED,apps/web/src/app/(dashboard)/admin/page.tsx; apps/web/src/lib/operations/nav-config.ts; apps/web/src/lib/protected-route.ts,No supplied or seeded browser identity for this canonical role
pm,Admin & Reports,/admin/data-quality,N/A (page resource; endpoint matrix tracked separately),View,DENY (current source policy),PARENT HIDDEN,DENY/REDIRECT,Page/layout gate; action and endpoint capabilities require separate rows,Tenant scope required,NOT TESTED,BLOCKED,NOT TESTED,NOT TESTED,apps/web/src/app/(dashboard)/admin/data-quality/page.tsx; apps/web/src/lib/operations/nav-config.ts; apps/web/src/lib/protected-route.ts,No supplied or seeded browser identity for this canonical role
pm,Admin & Reports,/admin/mapping-config,N/A (page resource; endpoint matrix tracked separately),View,DENY (current source policy),PARENT HIDDEN,DENY/REDIRECT,Page/layout gate; action and endpoint capabilities require separate rows,Tenant scope required,NOT TESTED,BLOCKED,NOT TESTED,NOT TESTED,apps/web/src/app/(dashboard)/admin/mapping-config/page.tsx; apps/web/src/lib/operations/nav-config.ts; apps/web/src/lib/protected-route.ts,No supplied or seeded browser identity for this canonical role
pm,Admin & Reports,/admin/material-items,N/A (page resource; endpoint matrix tracked separately),View,DENY (current source policy),PARENT HIDDEN,DENY/REDIRECT,Page/layout gate; action and endpoint capabilities require separate rows,Tenant scope required,NOT TESTED,BLOCKED,NOT TESTED,NOT TESTED,apps/web/src/app/(dashboard)/admin/material-items/page.tsx; apps/web/src/lib/operations/nav-config.ts; apps/web/src/lib/protected-route.ts,No supplied or seeded browser identity for this canonical role
pm,Admin & Reports,/admin/rate-cards,N/A (page resource; endpoint matrix tracked separately),View,DENY (current source policy),PARENT HIDDEN,DENY/REDIRECT,Page/layout gate; action and endpoint capabilities require separate rows,Tenant scope required,NOT TESTED,BLOCKED,NOT TESTED,NOT TESTED,apps/web/src/app/(dashboard)/admin/rate-cards/page.tsx; apps/web/src/lib/operations/nav-config.ts; apps/web/src/lib/protected-route.ts,No supplied or seeded browser identity for this canonical role
pm,Admin & Reports,/admin/users,N/A (page resource; endpoint matrix tracked separately),View,DENY (current source policy),PARENT HIDDEN,DENY/REDIRECT,Page/layout gate; action and endpoint capabilities require separate rows,Tenant scope required,NOT TESTED,BLOCKED,NOT TESTED,NOT TESTED,apps/web/src/app/(dashboard)/admin/users/page.tsx; apps/web/src/lib/operations/nav-config.ts; apps/web/src/lib/protected-route.ts,No supplied or seeded browser identity for this canonical role
pm,Admin & Reports,/admin/users/[id],N/A (page resource; endpoint matrix tracked separately),View,DENY (current source policy),PARENT HIDDEN,DENY/REDIRECT,Page/layout gate; action and endpoint capabilities require separate rows,Tenant scope required,NOT TESTED,BLOCKED,NOT TESTED,NOT TESTED,apps/web/src/app/(dashboard)/admin/users/[id]/page.tsx; apps/web/src/lib/operations/nav-config.ts; apps/web/src/lib/protected-route.ts,No supplied or seeded browser identity for this canonical role
pm,Admin & Reports,/admin/users/new,N/A (page resource; endpoint matrix tracked separately),View,DENY (current source policy),PARENT HIDDEN,DENY/REDIRECT,Page/layout gate; action and endpoint capabilities require separate rows,Tenant scope required,NOT TESTED,BLOCKED,NOT TESTED,NOT TESTED,apps/web/src/app/(dashboard)/admin/users/new/page.tsx; apps/web/src/lib/operations/nav-config.ts; apps/web/src/lib/protected-route.ts,No supplied or seeded browser identity for this canonical role
pm,Assets,/assets,N/A (page resource; endpoint matrix tracked separately),View,ALLOW (current source policy),HIDDEN BY CONTROLLED-ROLLOUT FLAG,ALLOW,Page/layout gate; action and endpoint capabilities require separate rows,Tenant scope required,NOT TESTED,BLOCKED,NOT TESTED,NOT TESTED,apps/web/src/app/(dashboard)/assets/page.tsx; apps/web/src/lib/operations/nav-config.ts; apps/web/src/lib/protected-route.ts,No supplied or seeded browser identity for this canonical role
pm,Assets,/assets/[assetId],N/A (page resource; endpoint matrix tracked separately),View,ALLOW (current source policy),HIDDEN BY CONTROLLED-ROLLOUT FLAG,ALLOW,Page/layout gate; action and endpoint capabilities require separate rows,Tenant scope required,NOT TESTED,BLOCKED,NOT TESTED,NOT TESTED,apps/web/src/app/(dashboard)/assets/[assetId]/page.tsx; apps/web/src/lib/operations/nav-config.ts; apps/web/src/lib/protected-route.ts,No supplied or seeded browser identity for this canonical role
pm,BOM Engine,/bom,N/A (page resource; endpoint matrix tracked separately),View,DENY (current source policy),HIDDEN,DENY/REDIRECT,Page/layout gate; action and endpoint capabilities require separate rows,Tenant scope required,NOT TESTED,BLOCKED,NOT TESTED,NOT TESTED,apps/web/src/app/(dashboard)/bom/page.tsx; apps/web/src/lib/operations/nav-config.ts; apps/web/src/lib/protected-route.ts,No supplied or seeded browser identity for this canonical role
pm,Finance & Billing,/claims,N/A (page resource; endpoint matrix tracked separately),View,ALLOW (current source policy),VISIBLE,ALLOW,Page/layout gate; action and endpoint capabilities require separate rows,Tenant scope required,NOT TESTED,BLOCKED,NOT TESTED,NOT TESTED,apps/web/src/app/(dashboard)/claims/page.tsx; apps/web/src/lib/operations/nav-config.ts; apps/web/src/lib/protected-route.ts,No supplied or seeded browser identity for this canonical role
pm,Finance & Billing,/claims/[id],N/A (page resource; endpoint matrix tracked separately),View,ALLOW (current source policy),PARENT VISIBLE,ALLOW,Page/layout gate; action and endpoint capabilities require separate rows,Tenant scope required,NOT TESTED,BLOCKED,NOT TESTED,NOT TESTED,apps/web/src/app/(dashboard)/claims/[id]/page.tsx; apps/web/src/lib/operations/nav-config.ts; apps/web/src/lib/protected-route.ts,No supplied or seeded browser identity for this canonical role
pm,Finance & Billing,/claims/new,N/A (page resource; endpoint matrix tracked separately),View,ALLOW (current source policy),PARENT VISIBLE,ALLOW,Page/layout gate; action and endpoint capabilities require separate rows,Tenant scope required,NOT TESTED,BLOCKED,NOT TESTED,NOT TESTED,apps/web/src/app/(dashboard)/claims/new/page.tsx; apps/web/src/lib/operations/nav-config.ts; apps/web/src/lib/protected-route.ts,No supplied or seeded browser identity for this canonical role
pm,Cortex,/cortex,N/A (page resource; endpoint matrix tracked separately),View,ALLOW (current source policy),VISIBLE,ALLOW,Page/layout gate; action and endpoint capabilities require separate rows,Tenant scope required,NOT TESTED,BLOCKED,NOT TESTED,NOT TESTED,apps/web/src/app/(dashboard)/cortex/page.tsx; apps/web/src/lib/operations/nav-config.ts; apps/web/src/lib/protected-route.ts,No supplied or seeded browser identity for this canonical role
pm,CRM & Proposal,/crm,N/A (page resource; endpoint matrix tracked separately),View,ALLOW (current source policy),NO CONFIGURED NAV ITEM,ALLOW BY CATCH-ALL; PAGE GATE VARIES,Page/layout gate; action and endpoint capabilities require separate rows,Tenant scope required,NOT TESTED,BLOCKED,NOT TESTED,PARTIAL,apps/web/src/app/(dashboard)/crm/page.tsx; apps/web/src/lib/operations/nav-config.ts; apps/web/src/lib/protected-route.ts,No supplied or seeded browser identity for this canonical role
pm,CRM & Proposal,/crm/accounts,N/A (page resource; endpoint matrix tracked separately),View,ALLOW (current source policy),VISIBLE,ALLOW,Page/layout gate; action and endpoint capabilities require separate rows,Tenant scope required,NOT TESTED,BLOCKED,NOT TESTED,NOT TESTED,apps/web/src/app/(dashboard)/crm/accounts/page.tsx; apps/web/src/lib/operations/nav-config.ts; apps/web/src/lib/protected-route.ts,No supplied or seeded browser identity for this canonical role
pm,CRM & Proposal,/crm/accounts/[id],N/A (page resource; endpoint matrix tracked separately),View,ALLOW (current source policy),PARENT VISIBLE,ALLOW,Page/layout gate; action and endpoint capabilities require separate rows,Tenant scope required,NOT TESTED,BLOCKED,NOT TESTED,NOT TESTED,apps/web/src/app/(dashboard)/crm/accounts/[id]/page.tsx; apps/web/src/lib/operations/nav-config.ts; apps/web/src/lib/protected-route.ts,No supplied or seeded browser identity for this canonical role
pm,CRM & Proposal,/crm/accounts/new,N/A (page resource; endpoint matrix tracked separately),View,ALLOW (current source policy),PARENT VISIBLE,ALLOW,Page/layout gate; action and endpoint capabilities require separate rows,Tenant scope required,NOT TESTED,BLOCKED,NOT TESTED,NOT TESTED,apps/web/src/app/(dashboard)/crm/accounts/new/page.tsx; apps/web/src/lib/operations/nav-config.ts; apps/web/src/lib/protected-route.ts,No supplied or seeded browser identity for this canonical role
pm,CRM & Proposal,/crm/kyc-queue,N/A (page resource; endpoint matrix tracked separately),View,DENY (current source policy),HIDDEN,DENY/REDIRECT,Page/layout gate; action and endpoint capabilities require separate rows,Tenant scope required,NOT TESTED,BLOCKED,NOT TESTED,NOT TESTED,apps/web/src/app/(dashboard)/crm/kyc-queue/page.tsx; apps/web/src/lib/operations/nav-config.ts; apps/web/src/lib/protected-route.ts,No supplied or seeded browser identity for this canonical role
pm,CRM & Proposal,/crm/opportunities,N/A (page resource; endpoint matrix tracked separately),View,ALLOW (current source policy),NO CONFIGURED NAV ITEM,ALLOW BY CATCH-ALL; PAGE GATE VARIES,Page/layout gate; action and endpoint capabilities require separate rows,Tenant scope required,NOT TESTED,BLOCKED,NOT TESTED,PARTIAL,apps/web/src/app/(dashboard)/crm/opportunities/page.tsx; apps/web/src/lib/operations/nav-config.ts; apps/web/src/lib/protected-route.ts,No supplied or seeded browser identity for this canonical role
pm,CRM & Proposal,/crm/opportunities/[id],N/A (page resource; endpoint matrix tracked separately),View,ALLOW (current source policy),NO CONFIGURED NAV ITEM,ALLOW BY CATCH-ALL; PAGE GATE VARIES,Page/layout gate; action and endpoint capabilities require separate rows,Tenant scope required,NOT TESTED,BLOCKED,NOT TESTED,PARTIAL,apps/web/src/app/(dashboard)/crm/opportunities/[id]/page.tsx; apps/web/src/lib/operations/nav-config.ts; apps/web/src/lib/protected-route.ts,No supplied or seeded browser identity for this canonical role
pm,CRM & Proposal,/crm/opportunities/[id]/proposal,N/A (page resource; endpoint matrix tracked separately),View,ALLOW (current source policy),NO CONFIGURED NAV ITEM,ALLOW BY CATCH-ALL; PAGE GATE VARIES,Page/layout gate; action and endpoint capabilities require separate rows,Tenant scope required,NOT TESTED,BLOCKED,NOT TESTED,PARTIAL,apps/web/src/app/(dashboard)/crm/opportunities/[id]/proposal/page.tsx; apps/web/src/lib/operations/nav-config.ts; apps/web/src/lib/protected-route.ts,No supplied or seeded browser identity for this canonical role
pm,CRM & Proposal,/crm/opportunities/[id]/proposal/change-requests,N/A (page resource; endpoint matrix tracked separately),View,ALLOW (current source policy),NO CONFIGURED NAV ITEM,ALLOW BY CATCH-ALL; PAGE GATE VARIES,Page/layout gate; action and endpoint capabilities require separate rows,Tenant scope required,NOT TESTED,BLOCKED,NOT TESTED,PARTIAL,apps/web/src/app/(dashboard)/crm/opportunities/[id]/proposal/change-requests/page.tsx; apps/web/src/lib/operations/nav-config.ts; apps/web/src/lib/protected-route.ts,No supplied or seeded browser identity for this canonical role
pm,CRM & Proposal,/crm/opportunities/[id]/proposal/design,N/A (page resource; endpoint matrix tracked separately),View,ALLOW (current source policy),NO CONFIGURED NAV ITEM,ALLOW BY CATCH-ALL; PAGE GATE VARIES,Page/layout gate; action and endpoint capabilities require separate rows,Tenant scope required,NOT TESTED,BLOCKED,NOT TESTED,PARTIAL,apps/web/src/app/(dashboard)/crm/opportunities/[id]/proposal/design/page.tsx; apps/web/src/lib/operations/nav-config.ts; apps/web/src/lib/protected-route.ts,No supplied or seeded browser identity for this canonical role
pm,CRM & Proposal,/crm/opportunities/[id]/proposal/inspection,N/A (page resource; endpoint matrix tracked separately),View,ALLOW (current source policy),NO CONFIGURED NAV ITEM,ALLOW BY CATCH-ALL; PAGE GATE VARIES,Page/layout gate; action and endpoint capabilities require separate rows,Tenant scope required,NOT TESTED,BLOCKED,NOT TESTED,PARTIAL,apps/web/src/app/(dashboard)/crm/opportunities/[id]/proposal/inspection/page.tsx; apps/web/src/lib/operations/nav-config.ts; apps/web/src/lib/protected-route.ts,No supplied or seeded browser identity for this canonical role
pm,CRM & Proposal,/crm/opportunities/[id]/proposal/pprf,N/A (page resource; endpoint matrix tracked separately),View,ALLOW (current source policy),NO CONFIGURED NAV ITEM,ALLOW BY CATCH-ALL; PAGE GATE VARIES,Page/layout gate; action and endpoint capabilities require separate rows,Tenant scope required,NOT TESTED,BLOCKED,NOT TESTED,PARTIAL,apps/web/src/app/(dashboard)/crm/opportunities/[id]/proposal/pprf/page.tsx; apps/web/src/lib/operations/nav-config.ts; apps/web/src/lib/protected-route.ts,No supplied or seeded browser identity for this canonical role
pm,CRM & Proposal,/crm/opportunities/new/pprf,N/A (page resource; endpoint matrix tracked separately),View,ALLOW (current source policy),NO CONFIGURED NAV ITEM,ALLOW BY CATCH-ALL; PAGE GATE VARIES,Page/layout gate; action and endpoint capabilities require separate rows,Tenant scope required,NOT TESTED,BLOCKED,NOT TESTED,PARTIAL,apps/web/src/app/(dashboard)/crm/opportunities/new/pprf/page.tsx; apps/web/src/lib/operations/nav-config.ts; apps/web/src/lib/protected-route.ts,No supplied or seeded browser identity for this canonical role
pm,Dashboard,/dashboard,N/A (page resource; endpoint matrix tracked separately),View,ALLOW (current source policy),VISIBLE,ALLOW,Page/layout gate; action and endpoint capabilities require separate rows,Tenant scope required,NOT TESTED,BLOCKED,NOT TESTED,BLOCKED,apps/web/src/app/(dashboard)/dashboard/page.tsx; apps/web/src/lib/operations/nav-config.ts; apps/web/src/lib/protected-route.ts,No supplied or seeded browser identity for this canonical role
pm,Documents,/documents,N/A (page resource; endpoint matrix tracked separately),View,ALLOW (current source policy),VISIBLE,ALLOW,Page/layout gate; action and endpoint capabilities require separate rows,Tenant scope required,NOT TESTED,BLOCKED,NOT TESTED,NOT TESTED,apps/web/src/app/(dashboard)/documents/page.tsx; apps/web/src/lib/operations/nav-config.ts; apps/web/src/lib/protected-route.ts,No supplied or seeded browser identity for this canonical role
pm,Finance,/finance,N/A (page resource; endpoint matrix tracked separately),View,DENY (current source policy),HIDDEN,DENY/REDIRECT,Page/layout gate; action and endpoint capabilities require separate rows,Tenant scope required,NOT TESTED,BLOCKED,NOT TESTED,NOT TESTED,apps/web/src/app/(dashboard)/finance/page.tsx; apps/web/src/lib/operations/nav-config.ts; apps/web/src/lib/protected-route.ts,No supplied or seeded browser identity for this canonical role
pm,Finance,/finance/cash,N/A (page resource; endpoint matrix tracked separately),View,DENY (current source policy),HIDDEN,DENY/REDIRECT,Page/layout gate; action and endpoint capabilities require separate rows,Tenant scope required,NOT TESTED,BLOCKED,NOT TESTED,NOT TESTED,apps/web/src/app/(dashboard)/finance/cash/page.tsx; apps/web/src/lib/operations/nav-config.ts; apps/web/src/lib/protected-route.ts,No supplied or seeded browser identity for this canonical role
pm,Finance,/finance/cash/[id],N/A (page resource; endpoint matrix tracked separately),View,DENY (current source policy),PARENT HIDDEN,DENY/REDIRECT,Page/layout gate; action and endpoint capabilities require separate rows,Tenant scope required,NOT TESTED,BLOCKED,NOT TESTED,NOT TESTED,apps/web/src/app/(dashboard)/finance/cash/[id]/page.tsx; apps/web/src/lib/operations/nav-config.ts; apps/web/src/lib/protected-route.ts,No supplied or seeded browser identity for this canonical role
pm,Finance,/finance/cash/new,N/A (page resource; endpoint matrix tracked separately),View,DENY (current source policy),PARENT HIDDEN,DENY/REDIRECT,Page/layout gate; action and endpoint capabilities require separate rows,Tenant scope required,NOT TESTED,BLOCKED,NOT TESTED,NOT TESTED,apps/web/src/app/(dashboard)/finance/cash/new/page.tsx; apps/web/src/lib/operations/nav-config.ts; apps/web/src/lib/protected-route.ts,No supplied or seeded browser identity for this canonical role
pm,Finance,/finance/journals/[id],N/A (page resource; endpoint matrix tracked separately),View,DENY (current source policy),PARENT HIDDEN,DENY/REDIRECT,Page/layout gate; action and endpoint capabilities require separate rows,Tenant scope required,NOT TESTED,BLOCKED,NOT TESTED,NOT TESTED,apps/web/src/app/(dashboard)/finance/journals/[id]/page.tsx; apps/web/src/lib/operations/nav-config.ts; apps/web/src/lib/protected-route.ts,No supplied or seeded browser identity for this canonical role
pm,Finance,/finance/journals/new,N/A (page resource; endpoint matrix tracked separately),View,DENY (current source policy),PARENT HIDDEN,DENY/REDIRECT,Page/layout gate; action and endpoint capabilities require separate rows,Tenant scope required,NOT TESTED,BLOCKED,NOT TESTED,NOT TESTED,apps/web/src/app/(dashboard)/finance/journals/new/page.tsx; apps/web/src/lib/operations/nav-config.ts; apps/web/src/lib/protected-route.ts,No supplied or seeded browser identity for this canonical role
pm,Finance,/finance/ledger,N/A (page resource; endpoint matrix tracked separately),View,DENY (current source policy),PARENT HIDDEN,DENY/REDIRECT,Page/layout gate; action and endpoint capabilities require separate rows,Tenant scope required,NOT TESTED,BLOCKED,NOT TESTED,NOT TESTED,apps/web/src/app/(dashboard)/finance/ledger/page.tsx; apps/web/src/lib/operations/nav-config.ts; apps/web/src/lib/protected-route.ts,No supplied or seeded browser identity for this canonical role
pm,Finance,/finance/payables,N/A (page resource; endpoint matrix tracked separately),View,DENY (current source policy),HIDDEN,DENY/REDIRECT,Page/layout gate; action and endpoint capabilities require separate rows,Tenant scope required,NOT TESTED,BLOCKED,NOT TESTED,NOT TESTED,apps/web/src/app/(dashboard)/finance/payables/page.tsx; apps/web/src/lib/operations/nav-config.ts; apps/web/src/lib/protected-route.ts,No supplied or seeded browser identity for this canonical role
pm,Finance,/finance/payables/[id],N/A (page resource; endpoint matrix tracked separately),View,DENY (current source policy),PARENT HIDDEN,DENY/REDIRECT,Page/layout gate; action and endpoint capabilities require separate rows,Tenant scope required,NOT TESTED,BLOCKED,NOT TESTED,NOT TESTED,apps/web/src/app/(dashboard)/finance/payables/[id]/page.tsx; apps/web/src/lib/operations/nav-config.ts; apps/web/src/lib/protected-route.ts,No supplied or seeded browser identity for this canonical role
pm,Finance,/finance/payables/[id]/edit,N/A (page resource; endpoint matrix tracked separately),View,DENY (current source policy),PARENT HIDDEN,DENY/REDIRECT,Page/layout gate; action and endpoint capabilities require separate rows,Tenant scope required,NOT TESTED,BLOCKED,NOT TESTED,NOT TESTED,apps/web/src/app/(dashboard)/finance/payables/[id]/edit/page.tsx; apps/web/src/lib/operations/nav-config.ts; apps/web/src/lib/protected-route.ts,No supplied or seeded browser identity for this canonical role
pm,Finance,/finance/payables/new,N/A (page resource; endpoint matrix tracked separately),View,DENY (current source policy),PARENT HIDDEN,DENY/REDIRECT,Page/layout gate; action and endpoint capabilities require separate rows,Tenant scope required,NOT TESTED,BLOCKED,NOT TESTED,NOT TESTED,apps/web/src/app/(dashboard)/finance/payables/new/page.tsx; apps/web/src/lib/operations/nav-config.ts; apps/web/src/lib/protected-route.ts,No supplied or seeded browser identity for this canonical role
pm,Finance,/finance/receivables,N/A (page resource; endpoint matrix tracked separately),View,DENY (current source policy),HIDDEN,DENY/REDIRECT,Page/layout gate; action and endpoint capabilities require separate rows,Tenant scope required,NOT TESTED,BLOCKED,NOT TESTED,NOT TESTED,apps/web/src/app/(dashboard)/finance/receivables/page.tsx; apps/web/src/lib/operations/nav-config.ts; apps/web/src/lib/protected-route.ts,No supplied or seeded browser identity for this canonical role
pm,Finance,/finance/reconciliation,N/A (page resource; endpoint matrix tracked separately),View,DENY (current source policy),HIDDEN,DENY/REDIRECT,Page/layout gate; action and endpoint capabilities require separate rows,Tenant scope required,NOT TESTED,BLOCKED,NOT TESTED,NOT TESTED,apps/web/src/app/(dashboard)/finance/reconciliation/page.tsx; apps/web/src/lib/operations/nav-config.ts; apps/web/src/lib/protected-route.ts,No supplied or seeded browser identity for this canonical role
pm,Finance,/finance/reconciliation/[id],N/A (page resource; endpoint matrix tracked separately),View,DENY (current source policy),PARENT HIDDEN,DENY/REDIRECT,Page/layout gate; action and endpoint capabilities require separate rows,Tenant scope required,NOT TESTED,BLOCKED,NOT TESTED,NOT TESTED,apps/web/src/app/(dashboard)/finance/reconciliation/[id]/page.tsx; apps/web/src/lib/operations/nav-config.ts; apps/web/src/lib/protected-route.ts,No supplied or seeded browser identity for this canonical role
pm,Finance,/finance/reconciliation/new,N/A (page resource; endpoint matrix tracked separately),View,DENY (current source policy),PARENT HIDDEN,DENY/REDIRECT,Page/layout gate; action and endpoint capabilities require separate rows,Tenant scope required,NOT TESTED,BLOCKED,NOT TESTED,NOT TESTED,apps/web/src/app/(dashboard)/finance/reconciliation/new/page.tsx; apps/web/src/lib/operations/nav-config.ts; apps/web/src/lib/protected-route.ts,No supplied or seeded browser identity for this canonical role
pm,Proposal Print,/inspection/[id],N/A (page resource; endpoint matrix tracked separately),View,ALLOW (current source policy),NO CONFIGURED NAV ITEM,ALLOW BY CATCH-ALL; PAGE GATE VARIES,Page/layout gate; action and endpoint capabilities require separate rows,Tenant scope required,NOT TESTED,BLOCKED,NOT TESTED,PARTIAL,apps/web/src/app/(print)/inspection/[id]/page.tsx; apps/web/src/lib/operations/nav-config.ts; apps/web/src/lib/protected-route.ts,No supplied or seeded browser identity for this canonical role
pm,Inventory,/inventory,N/A (page resource; endpoint matrix tracked separately),View,ALLOW (current source policy),VISIBLE,ALLOW,Page/layout gate; action and endpoint capabilities require separate rows,Tenant scope required,NOT TESTED,BLOCKED,NOT TESTED,NOT TESTED,apps/web/src/app/(dashboard)/inventory/page.tsx; apps/web/src/lib/operations/nav-config.ts; apps/web/src/lib/protected-route.ts,No supplied or seeded browser identity for this canonical role
pm,Inventory,/inventory/movements,N/A (page resource; endpoint matrix tracked separately),View,ALLOW (current source policy),PARENT VISIBLE,ALLOW,Page/layout gate; action and endpoint capabilities require separate rows,Tenant scope required,NOT TESTED,BLOCKED,NOT TESTED,NOT TESTED,apps/web/src/app/(dashboard)/inventory/movements/page.tsx; apps/web/src/lib/operations/nav-config.ts; apps/web/src/lib/protected-route.ts,No supplied or seeded browser identity for this canonical role
pm,Inventory,/inventory/movements/[id],N/A (page resource; endpoint matrix tracked separately),View,ALLOW (current source policy),PARENT VISIBLE,ALLOW,Page/layout gate; action and endpoint capabilities require separate rows,Tenant scope required,NOT TESTED,BLOCKED,NOT TESTED,NOT TESTED,apps/web/src/app/(dashboard)/inventory/movements/[id]/page.tsx; apps/web/src/lib/operations/nav-config.ts; apps/web/src/lib/protected-route.ts,No supplied or seeded browser identity for this canonical role
pm,Inventory,/inventory/movements/new,N/A (page resource; endpoint matrix tracked separately),View,ALLOW (current source policy),PARENT VISIBLE,ALLOW,Page/layout gate; action and endpoint capabilities require separate rows,Tenant scope required,NOT TESTED,BLOCKED,NOT TESTED,NOT TESTED,apps/web/src/app/(dashboard)/inventory/movements/new/page.tsx; apps/web/src/lib/operations/nav-config.ts; apps/web/src/lib/protected-route.ts,No supplied or seeded browser identity for this canonical role
pm,Inventory,/inventory/receipts,N/A (page resource; endpoint matrix tracked separately),View,ALLOW (current source policy),PARENT VISIBLE,ALLOW,Page/layout gate; action and endpoint capabilities require separate rows,Tenant scope required,NOT TESTED,BLOCKED,NOT TESTED,NOT TESTED,apps/web/src/app/(dashboard)/inventory/receipts/page.tsx; apps/web/src/lib/operations/nav-config.ts; apps/web/src/lib/protected-route.ts,No supplied or seeded browser identity for this canonical role
pm,Inventory,/inventory/receipts/[id],N/A (page resource; endpoint matrix tracked separately),View,ALLOW (current source policy),PARENT VISIBLE,ALLOW,Page/layout gate; action and endpoint capabilities require separate rows,Tenant scope required,NOT TESTED,BLOCKED,NOT TESTED,NOT TESTED,apps/web/src/app/(dashboard)/inventory/receipts/[id]/page.tsx; apps/web/src/lib/operations/nav-config.ts; apps/web/src/lib/protected-route.ts,No supplied or seeded browser identity for this canonical role
pm,Inventory,/inventory/receipts/new,N/A (page resource; endpoint matrix tracked separately),View,ALLOW (current source policy),PARENT VISIBLE,ALLOW,Page/layout gate; action and endpoint capabilities require separate rows,Tenant scope required,NOT TESTED,BLOCKED,NOT TESTED,NOT TESTED,apps/web/src/app/(dashboard)/inventory/receipts/new/page.tsx; apps/web/src/lib/operations/nav-config.ts; apps/web/src/lib/protected-route.ts,No supplied or seeded browser identity for this canonical role
pm,Finance,/invoices,N/A (page resource; endpoint matrix tracked separately),View,DENY (current source policy),HIDDEN,DENY/REDIRECT,Page/layout gate; action and endpoint capabilities require separate rows,Tenant scope required,NOT TESTED,BLOCKED,NOT TESTED,NOT TESTED,apps/web/src/app/(dashboard)/invoices/page.tsx; apps/web/src/lib/operations/nav-config.ts; apps/web/src/lib/protected-route.ts,No supplied or seeded browser identity for this canonical role
pm,Finance,/invoices/[id],N/A (page resource; endpoint matrix tracked separately),View,DENY (current source policy),PARENT HIDDEN,DENY/REDIRECT,Page/layout gate; action and endpoint capabilities require separate rows,Tenant scope required,NOT TESTED,BLOCKED,NOT TESTED,NOT TESTED,apps/web/src/app/(dashboard)/invoices/[id]/page.tsx; apps/web/src/lib/operations/nav-config.ts; apps/web/src/lib/protected-route.ts,No supplied or seeded browser identity for this canonical role
pm,Finance,/invoices/[id]/bir2307,N/A (page resource; endpoint matrix tracked separately),View,DENY (current source policy),PARENT HIDDEN,DENY/REDIRECT,Page/layout gate; action and endpoint capabilities require separate rows,Tenant scope required,NOT TESTED,BLOCKED,NOT TESTED,NOT TESTED,apps/web/src/app/(print)/invoices/[id]/bir2307/page.tsx; apps/web/src/lib/operations/nav-config.ts; apps/web/src/lib/protected-route.ts,No supplied or seeded browser identity for this canonical role
pm,Finance,/invoices/[id]/print,N/A (page resource; endpoint matrix tracked separately),View,DENY (current source policy),PARENT HIDDEN,DENY/REDIRECT,Page/layout gate; action and endpoint capabilities require separate rows,Tenant scope required,NOT TESTED,BLOCKED,NOT TESTED,NOT TESTED,apps/web/src/app/(print)/invoices/[id]/print/page.tsx; apps/web/src/lib/operations/nav-config.ts; apps/web/src/lib/protected-route.ts,No supplied or seeded browser identity for this canonical role
pm,Pre-Construction,/permits,N/A (page resource; endpoint matrix tracked separately),View,ALLOW (current source policy),VISIBLE,ALLOW,Page/layout gate; action and endpoint capabilities require separate rows,Tenant scope required,NOT TESTED,BLOCKED,NOT TESTED,NOT TESTED,apps/web/src/app/(dashboard)/permits/page.tsx; apps/web/src/lib/operations/nav-config.ts; apps/web/src/lib/protected-route.ts,No supplied or seeded browser identity for this canonical role
pm,Pipeline,/pipeline,N/A (page resource; endpoint matrix tracked separately),View,ALLOW (current source policy),NO CONFIGURED NAV ITEM,ALLOW BY CATCH-ALL; PAGE GATE VARIES,Page/layout gate; action and endpoint capabilities require separate rows,Tenant scope required,NOT TESTED,BLOCKED,NOT TESTED,PARTIAL,apps/web/src/app/(dashboard)/pipeline/page.tsx; apps/web/src/lib/operations/nav-config.ts; apps/web/src/lib/protected-route.ts,No supplied or seeded browser identity for this canonical role
pm,Pipeline,/pipeline/board,N/A (page resource; endpoint matrix tracked separately),View,ALLOW (current source policy),VISIBLE,ALLOW,Page/layout gate; action and endpoint capabilities require separate rows,Tenant scope required,NOT TESTED,BLOCKED,NOT TESTED,NOT TESTED,apps/web/src/app/(dashboard)/pipeline/board/page.tsx; apps/web/src/lib/operations/nav-config.ts; apps/web/src/lib/protected-route.ts,No supplied or seeded browser identity for this canonical role
pm,Pipeline,/pipeline/conversion,N/A (page resource; endpoint matrix tracked separately),View,ALLOW (current source policy),NO CONFIGURED NAV ITEM,ALLOW BY CATCH-ALL; PAGE GATE VARIES,Page/layout gate; action and endpoint capabilities require separate rows,Tenant scope required,NOT TESTED,BLOCKED,NOT TESTED,PARTIAL,apps/web/src/app/(dashboard)/pipeline/conversion/page.tsx; apps/web/src/lib/operations/nav-config.ts; apps/web/src/lib/protected-route.ts,No supplied or seeded browser identity for this canonical role
pm,Process & SLA,/process,N/A (page resource; endpoint matrix tracked separately),View,ALLOW (current source policy),VISIBLE,ALLOW,Page/layout gate; action and endpoint capabilities require separate rows,Tenant scope required,NOT TESTED,BLOCKED,NOT TESTED,NOT TESTED,apps/web/src/app/(dashboard)/process/page.tsx; apps/web/src/lib/operations/nav-config.ts; apps/web/src/lib/protected-route.ts,No supplied or seeded browser identity for this canonical role
pm,Procurement,/procurement,N/A (page resource; endpoint matrix tracked separately),View,ALLOW (current source policy),NO CONFIGURED NAV ITEM,ALLOW BY CATCH-ALL; PAGE GATE VARIES,Page/layout gate; action and endpoint capabilities require separate rows,Tenant scope required,NOT TESTED,BLOCKED,NOT TESTED,PARTIAL,apps/web/src/app/(dashboard)/procurement/page.tsx; apps/web/src/lib/operations/nav-config.ts; apps/web/src/lib/protected-route.ts,No supplied or seeded browser identity for this canonical role
pm,Procurement,/procurement/deliveries,N/A (page resource; endpoint matrix tracked separately),View,ALLOW (current source policy),VISIBLE,ALLOW,Page/layout gate; action and endpoint capabilities require separate rows,Tenant scope required,NOT TESTED,BLOCKED,NOT TESTED,NOT TESTED,apps/web/src/app/(dashboard)/procurement/deliveries/page.tsx; apps/web/src/lib/operations/nav-config.ts; apps/web/src/lib/protected-route.ts,No supplied or seeded browser identity for this canonical role
pm,Procurement,/procurement/deliveries/[id],N/A (page resource; endpoint matrix tracked separately),View,ALLOW (current source policy),PARENT VISIBLE,ALLOW,Page/layout gate; action and endpoint capabilities require separate rows,Tenant scope required,NOT TESTED,BLOCKED,NOT TESTED,NOT TESTED,apps/web/src/app/(dashboard)/procurement/deliveries/[id]/page.tsx; apps/web/src/lib/operations/nav-config.ts; apps/web/src/lib/protected-route.ts,No supplied or seeded browser identity for this canonical role
pm,Procurement,/procurement/deliveries/new,N/A (page resource; endpoint matrix tracked separately),View,ALLOW (current source policy),PARENT VISIBLE,ALLOW,Page/layout gate; action and endpoint capabilities require separate rows,Tenant scope required,NOT TESTED,BLOCKED,NOT TESTED,NOT TESTED,apps/web/src/app/(dashboard)/procurement/deliveries/new/page.tsx; apps/web/src/lib/operations/nav-config.ts; apps/web/src/lib/protected-route.ts,No supplied or seeded browser identity for this canonical role
pm,Procurement,/procurement/rfqs,N/A (page resource; endpoint matrix tracked separately),View,DENY (current source policy),HIDDEN,DENY/REDIRECT,Page/layout gate; action and endpoint capabilities require separate rows,Tenant scope required,NOT TESTED,BLOCKED,NOT TESTED,NOT TESTED,apps/web/src/app/(dashboard)/procurement/rfqs/page.tsx; apps/web/src/lib/operations/nav-config.ts; apps/web/src/lib/protected-route.ts,No supplied or seeded browser identity for this canonical role
pm,Procurement,/procurement/rfqs/[id],N/A (page resource; endpoint matrix tracked separately),View,DENY (current source policy),PARENT HIDDEN,DENY/REDIRECT,Page/layout gate; action and endpoint capabilities require separate rows,Tenant scope required,NOT TESTED,BLOCKED,NOT TESTED,NOT TESTED,apps/web/src/app/(dashboard)/procurement/rfqs/[id]/page.tsx; apps/web/src/lib/operations/nav-config.ts; apps/web/src/lib/protected-route.ts,No supplied or seeded browser identity for this canonical role
pm,Projects,/projects,N/A (page resource; endpoint matrix tracked separately),View,ALLOW (current source policy),VISIBLE,ALLOW,Page/layout gate; action and endpoint capabilities require separate rows,Tenant scope required,NOT TESTED,BLOCKED,NOT TESTED,NOT TESTED,apps/web/src/app/(dashboard)/projects/page.tsx; apps/web/src/lib/operations/nav-config.ts; apps/web/src/lib/protected-route.ts,No supplied or seeded browser identity for this canonical role
pm,Projects,/projects/[id],N/A (page resource; endpoint matrix tracked separately),View,ALLOW (current source policy),PARENT VISIBLE,ALLOW,Page/layout gate; action and endpoint capabilities require separate rows,Tenant scope required,NOT TESTED,BLOCKED,NOT TESTED,NOT TESTED,apps/web/src/app/(dashboard)/projects/[id]/page.tsx; apps/web/src/lib/operations/nav-config.ts; apps/web/src/lib/protected-route.ts,No supplied or seeded browser identity for this canonical role
pm,Projects,/projects/[id]/access,N/A (page resource; endpoint matrix tracked separately),View,ALLOW (current source policy),PARENT VISIBLE,ALLOW,Page/layout gate; action and endpoint capabilities require separate rows,Tenant scope required,NOT TESTED,BLOCKED,NOT TESTED,NOT TESTED,apps/web/src/app/(dashboard)/projects/[id]/access/page.tsx; apps/web/src/lib/operations/nav-config.ts; apps/web/src/lib/protected-route.ts,No supplied or seeded browser identity for this canonical role
pm,Projects,/projects/[id]/audit,N/A (page resource; endpoint matrix tracked separately),View,ALLOW (audit.read policy),AUDIT TAB VISIBLE,ALLOW,Project detail projection plus audit.read route gate,Tenant and requested project scope,PASSED - all-role projection and route tests,BLOCKED,NOT RUN,PARTIAL,project-detail-access.test.tsx; project-sensitive-routes.test.tsx,No supplied or seeded browser identity
pm,Projects,/projects/[id]/billing,N/A (page resource; endpoint matrix tracked separately),View,ALLOW (current source policy),PARENT VISIBLE,ALLOW,Page/layout gate; action and endpoint capabilities require separate rows,Tenant scope required,NOT TESTED,BLOCKED,NOT TESTED,NOT TESTED,apps/web/src/app/(dashboard)/projects/[id]/billing/page.tsx; apps/web/src/lib/operations/nav-config.ts; apps/web/src/lib/protected-route.ts,No supplied or seeded browser identity for this canonical role
pm,Projects,/projects/[id]/bom,N/A (page resource; endpoint matrix tracked separately),View,ALLOW (current source policy),PARENT VISIBLE,ALLOW,Page/layout gate; action and endpoint capabilities require separate rows,Tenant scope required,NOT TESTED,BLOCKED,NOT TESTED,NOT TESTED,apps/web/src/app/(dashboard)/projects/[id]/bom/page.tsx; apps/web/src/lib/operations/nav-config.ts; apps/web/src/lib/protected-route.ts,No supplied or seeded browser identity for this canonical role
pm,Projects,/projects/[id]/bom/togal,N/A (page resource; endpoint matrix tracked separately),View,ALLOW (current source policy),PARENT VISIBLE,ALLOW,Page/layout gate; action and endpoint capabilities require separate rows,Tenant scope required,NOT TESTED,BLOCKED,NOT TESTED,NOT TESTED,apps/web/src/app/(dashboard)/projects/[id]/bom/togal/page.tsx; apps/web/src/lib/operations/nav-config.ts; apps/web/src/lib/protected-route.ts,No supplied or seeded browser identity for this canonical role
pm,Projects,/projects/[id]/checklist,N/A (page resource; endpoint matrix tracked separately),View,ALLOW (current source policy),PARENT VISIBLE,ALLOW,Page/layout gate; action and endpoint capabilities require separate rows,Tenant scope required,NOT TESTED,BLOCKED,NOT TESTED,NOT TESTED,apps/web/src/app/(dashboard)/projects/[id]/checklist/page.tsx; apps/web/src/lib/operations/nav-config.ts; apps/web/src/lib/protected-route.ts,No supplied or seeded browser identity for this canonical role
pm,Projects,/projects/[id]/coc,N/A (page resource; endpoint matrix tracked separately),View,ALLOW (current source policy),PARENT VISIBLE,ALLOW,Page/layout gate; action and endpoint capabilities require separate rows,Tenant scope required,NOT TESTED,BLOCKED,NOT TESTED,NOT TESTED,apps/web/src/app/(dashboard)/projects/[id]/coc/page.tsx; apps/web/src/lib/operations/nav-config.ts; apps/web/src/lib/protected-route.ts,No supplied or seeded browser identity for this canonical role
pm,Projects,/projects/[id]/comments,N/A (page resource; endpoint matrix tracked separately),View,ALLOW (current source policy),PARENT VISIBLE,ALLOW,Page/layout gate; action and endpoint capabilities require separate rows,Tenant scope required,NOT TESTED,BLOCKED,NOT TESTED,NOT TESTED,apps/web/src/app/(dashboard)/projects/[id]/comments/page.tsx; apps/web/src/lib/operations/nav-config.ts; apps/web/src/lib/protected-route.ts,No supplied or seeded browser identity for this canonical role
pm,Projects,/projects/[id]/cost,N/A (page resource; endpoint matrix tracked separately),View,ALLOW (current source policy),PARENT VISIBLE,ALLOW,Page/layout gate; action and endpoint capabilities require separate rows,Tenant scope required,NOT TESTED,BLOCKED,NOT TESTED,NOT TESTED,apps/web/src/app/(dashboard)/projects/[id]/cost/page.tsx; apps/web/src/lib/operations/nav-config.ts; apps/web/src/lib/protected-route.ts,No supplied or seeded browser identity for this canonical role
pm,Projects,/projects/[id]/cost/budget,N/A (page resource; endpoint matrix tracked separately),View,ALLOW (current source policy),PARENT VISIBLE,ALLOW,Page/layout gate; action and endpoint capabilities require separate rows,Tenant scope required,NOT TESTED,BLOCKED,NOT TESTED,NOT TESTED,apps/web/src/app/(dashboard)/projects/[id]/cost/budget/page.tsx; apps/web/src/lib/operations/nav-config.ts; apps/web/src/lib/protected-route.ts,No supplied or seeded browser identity for this canonical role
pm,Projects,/projects/[id]/documents,N/A (page resource; endpoint matrix tracked separately),View,ALLOW (current source policy),PARENT VISIBLE,ALLOW,Page/layout gate; action and endpoint capabilities require separate rows,Tenant scope required,NOT TESTED,BLOCKED,NOT TESTED,NOT TESTED,apps/web/src/app/(dashboard)/projects/[id]/documents/page.tsx; apps/web/src/lib/operations/nav-config.ts; apps/web/src/lib/protected-route.ts,No supplied or seeded browser identity for this canonical role
pm,Projects,/projects/[id]/permits,N/A (page resource; endpoint matrix tracked separately),View,ALLOW (current source policy),PARENT VISIBLE,ALLOW,Page/layout gate; action and endpoint capabilities require separate rows,Tenant scope required,NOT TESTED,BLOCKED,NOT TESTED,NOT TESTED,apps/web/src/app/(dashboard)/projects/[id]/permits/page.tsx; apps/web/src/lib/operations/nav-config.ts; apps/web/src/lib/protected-route.ts,No supplied or seeded browser identity for this canonical role
pm,Projects,/projects/[id]/progress,N/A (page resource; endpoint matrix tracked separately),View,ALLOW (current source policy),PARENT VISIBLE,ALLOW,Page/layout gate; action and endpoint capabilities require separate rows,Tenant scope required,NOT TESTED,BLOCKED,NOT TESTED,NOT TESTED,apps/web/src/app/(dashboard)/projects/[id]/progress/page.tsx; apps/web/src/lib/operations/nav-config.ts; apps/web/src/lib/protected-route.ts,No supplied or seeded browser identity for this canonical role
pm,Projects,/projects/[id]/reports,N/A (page resource; endpoint matrix tracked separately),View,ALLOW (current source policy),PARENT VISIBLE,ALLOW,Page/layout gate; action and endpoint capabilities require separate rows,Tenant scope required,NOT TESTED,BLOCKED,NOT TESTED,NOT TESTED,apps/web/src/app/(dashboard)/projects/[id]/reports/page.tsx; apps/web/src/lib/operations/nav-config.ts; apps/web/src/lib/protected-route.ts,No supplied or seeded browser identity for this canonical role
pm,Projects,/projects/[id]/scope,N/A (page resource; endpoint matrix tracked separately),View,ALLOW (current source policy),PARENT VISIBLE,ALLOW,Page/layout gate; action and endpoint capabilities require separate rows,Tenant scope required,NOT TESTED,BLOCKED,NOT TESTED,NOT TESTED,apps/web/src/app/(dashboard)/projects/[id]/scope/page.tsx; apps/web/src/lib/operations/nav-config.ts; apps/web/src/lib/protected-route.ts,No supplied or seeded browser identity for this canonical role
pm,Projects,/projects/[id]/turnover,N/A (page resource; endpoint matrix tracked separately),View,ALLOW (current source policy),PARENT VISIBLE,ALLOW,Page/layout gate; action and endpoint capabilities require separate rows,Tenant scope required,NOT TESTED,BLOCKED,NOT TESTED,NOT TESTED,apps/web/src/app/(dashboard)/projects/[id]/turnover/page.tsx; apps/web/src/lib/operations/nav-config.ts; apps/web/src/lib/protected-route.ts,No supplied or seeded browser identity for this canonical role
pm,Projects,/projects/[id]/vos,N/A (page resource; endpoint matrix tracked separately),View,ALLOW (current source policy),PARENT VISIBLE,ALLOW,Page/layout gate; action and endpoint capabilities require separate rows,Tenant scope required,NOT TESTED,BLOCKED,NOT TESTED,NOT TESTED,apps/web/src/app/(dashboard)/projects/[id]/vos/page.tsx; apps/web/src/lib/operations/nav-config.ts; apps/web/src/lib/protected-route.ts,No supplied or seeded browser identity for this canonical role
pm,Projects,/projects/[id]/vos/[voId],N/A (page resource; endpoint matrix tracked separately),View,ALLOW (current source policy),PARENT VISIBLE,ALLOW,Page/layout gate; action and endpoint capabilities require separate rows,Tenant scope required,NOT TESTED,BLOCKED,NOT TESTED,NOT TESTED,apps/web/src/app/(dashboard)/projects/[id]/vos/[voId]/page.tsx; apps/web/src/lib/operations/nav-config.ts; apps/web/src/lib/protected-route.ts,No supplied or seeded browser identity for this canonical role
pm,Projects,/projects/new,N/A (page resource; endpoint matrix tracked separately),View,ALLOW (current source policy),PARENT VISIBLE,ALLOW,Page/layout gate; action and endpoint capabilities require separate rows,Tenant scope required,NOT TESTED,BLOCKED,NOT TESTED,NOT TESTED,apps/web/src/app/(dashboard)/projects/new/page.tsx; apps/web/src/lib/operations/nav-config.ts; apps/web/src/lib/protected-route.ts,No supplied or seeded browser identity for this canonical role
pm,Post-Construction,/punchlist,N/A (page resource; endpoint matrix tracked separately),View,ALLOW (current source policy),VISIBLE,ALLOW,Page/layout gate; action and endpoint capabilities require separate rows,Tenant scope required,NOT TESTED,BLOCKED,NOT TESTED,NOT TESTED,apps/web/src/app/(dashboard)/punchlist/page.tsx; apps/web/src/lib/operations/nav-config.ts; apps/web/src/lib/protected-route.ts,No supplied or seeded browser identity for this canonical role
pm,Post-Construction,/punchlist/[id],N/A (page resource; endpoint matrix tracked separately),View,ALLOW (current source policy),PARENT VISIBLE,ALLOW,Page/layout gate; action and endpoint capabilities require separate rows,Tenant scope required,NOT TESTED,BLOCKED,NOT TESTED,NOT TESTED,apps/web/src/app/(dashboard)/punchlist/[id]/page.tsx; apps/web/src/lib/operations/nav-config.ts; apps/web/src/lib/protected-route.ts,No supplied or seeded browser identity for this canonical role
pm,Post-Construction,/punchlist/new,N/A (page resource; endpoint matrix tracked separately),View,ALLOW (current source policy),PARENT VISIBLE,ALLOW,Page/layout gate; action and endpoint capabilities require separate rows,Tenant scope required,NOT TESTED,BLOCKED,NOT TESTED,NOT TESTED,apps/web/src/app/(dashboard)/punchlist/new/page.tsx; apps/web/src/lib/operations/nav-config.ts; apps/web/src/lib/protected-route.ts,No supplied or seeded browser identity for this canonical role
pm,Procurement,/purchase-orders,N/A (page resource; endpoint matrix tracked separately),View,ALLOW (current source policy),VISIBLE,ALLOW,Page/layout gate; action and endpoint capabilities require separate rows,Tenant scope required,NOT TESTED,BLOCKED,NOT TESTED,NOT TESTED,apps/web/src/app/(dashboard)/purchase-orders/page.tsx; apps/web/src/lib/operations/nav-config.ts; apps/web/src/lib/protected-route.ts,No supplied or seeded browser identity for this canonical role
pm,Procurement,/purchase-orders/[id],N/A (page resource; endpoint matrix tracked separately),View,ALLOW (current source policy),PARENT VISIBLE,ALLOW,Page/layout gate; action and endpoint capabilities require separate rows,Tenant scope required,NOT TESTED,BLOCKED,NOT TESTED,NOT TESTED,apps/web/src/app/(dashboard)/purchase-orders/[id]/page.tsx; apps/web/src/lib/operations/nav-config.ts; apps/web/src/lib/protected-route.ts,No supplied or seeded browser identity for this canonical role
pm,Procurement,/purchase-orders/[id]/print,N/A (page resource; endpoint matrix tracked separately),View,ALLOW (current source policy),PARENT VISIBLE,ALLOW,Page/layout gate; action and endpoint capabilities require separate rows,Tenant scope required,NOT TESTED,BLOCKED,NOT TESTED,NOT TESTED,apps/web/src/app/(print)/purchase-orders/[id]/print/page.tsx; apps/web/src/lib/operations/nav-config.ts; apps/web/src/lib/protected-route.ts,No supplied or seeded browser identity for this canonical role
pm,Admin & Reports,/reports,N/A (page resource; endpoint matrix tracked separately),View,DENY (current source policy),HIDDEN,DENY/REDIRECT,Page/layout gate; action and endpoint capabilities require separate rows,Tenant scope required,NOT TESTED,BLOCKED,NOT TESTED,NOT TESTED,apps/web/src/app/(dashboard)/reports/page.tsx; apps/web/src/lib/operations/nav-config.ts; apps/web/src/lib/protected-route.ts,No supplied or seeded browser identity for this canonical role
pm,Settings & Profile,/settings,N/A (page resource; endpoint matrix tracked separately),View,ALLOW (current source policy),VISIBLE,ALLOW,Page/layout gate; action and endpoint capabilities require separate rows,Tenant scope required,NOT TESTED,BLOCKED,NOT TESTED,NOT TESTED,apps/web/src/app/(dashboard)/settings/page.tsx; apps/web/src/lib/operations/nav-config.ts; apps/web/src/lib/protected-route.ts,No supplied or seeded browser identity for this canonical role
pm,Construction Cadence,/tasks,N/A (page resource; endpoint matrix tracked separately),View,ALLOW (current source policy),VISIBLE,ALLOW,Page/layout gate; action and endpoint capabilities require separate rows,Tenant scope required,NOT TESTED,BLOCKED,NOT TESTED,NOT TESTED,apps/web/src/app/(dashboard)/tasks/page.tsx; apps/web/src/lib/operations/nav-config.ts; apps/web/src/lib/protected-route.ts,No supplied or seeded browser identity for this canonical role
pm,Warranty & CX,/warranty,N/A (page resource; endpoint matrix tracked separately),View,DENY (current source policy),HIDDEN,DENY/REDIRECT,Page/layout gate; action and endpoint capabilities require separate rows,Tenant scope required,NOT TESTED,BLOCKED,NOT TESTED,NOT TESTED,apps/web/src/app/(dashboard)/warranty/page.tsx; apps/web/src/lib/operations/nav-config.ts; apps/web/src/lib/protected-route.ts,No supplied or seeded browser identity for this canonical role
pm,Warranty & CX,/warranty/[id],N/A (page resource; endpoint matrix tracked separately),View,DENY (current source policy),PARENT HIDDEN,DENY/REDIRECT,Page/layout gate; action and endpoint capabilities require separate rows,Tenant scope required,NOT TESTED,BLOCKED,NOT TESTED,NOT TESTED,apps/web/src/app/(dashboard)/warranty/[id]/page.tsx; apps/web/src/lib/operations/nav-config.ts; apps/web/src/lib/protected-route.ts,No supplied or seeded browser identity for this canonical role
pm,Warranty & CX,/warranty/cnps,N/A (page resource; endpoint matrix tracked separately),View,DENY (current source policy),HIDDEN,DENY/REDIRECT,Page/layout gate; action and endpoint capabilities require separate rows,Tenant scope required,NOT TESTED,BLOCKED,NOT TESTED,NOT TESTED,apps/web/src/app/(dashboard)/warranty/cnps/page.tsx; apps/web/src/lib/operations/nav-config.ts; apps/web/src/lib/protected-route.ts,No supplied or seeded browser identity for this canonical role
pm,Construction Cadence,/weekly-report/[id],N/A (page resource; endpoint matrix tracked separately),View,ALLOW (current source policy),NO CONFIGURED NAV ITEM,ALLOW BY CATCH-ALL; PAGE GATE VARIES,Page/layout gate; action and endpoint capabilities require separate rows,Tenant scope required,NOT TESTED,BLOCKED,NOT TESTED,PARTIAL,apps/web/src/app/(print)/weekly-report/[id]/page.tsx; apps/web/src/lib/operations/nav-config.ts; apps/web/src/lib/protected-route.ts,No supplied or seeded browser identity for this canonical role
admin,Admin & Reports,/admin,N/A (page resource; endpoint matrix tracked separately),View,ALLOW (current source policy),VISIBLE,ALLOW,Page/layout gate; action and endpoint capabilities require separate rows,Tenant scope required,NOT TESTED,NOT TESTED,NOT TESTED,NOT TESTED,apps/web/src/app/(dashboard)/admin/page.tsx; apps/web/src/lib/operations/nav-config.ts; apps/web/src/lib/protected-route.ts,
admin,Admin & Reports,/admin/data-quality,N/A (page resource; endpoint matrix tracked separately),View,ALLOW (current source policy),PARENT VISIBLE,ALLOW,Page/layout gate; action and endpoint capabilities require separate rows,Tenant scope required,NOT TESTED,NOT TESTED,NOT TESTED,NOT TESTED,apps/web/src/app/(dashboard)/admin/data-quality/page.tsx; apps/web/src/lib/operations/nav-config.ts; apps/web/src/lib/protected-route.ts,
admin,Admin & Reports,/admin/mapping-config,N/A (page resource; endpoint matrix tracked separately),View,ALLOW (current source policy),PARENT VISIBLE,ALLOW,Page/layout gate; action and endpoint capabilities require separate rows,Tenant scope required,NOT TESTED,NOT TESTED,NOT TESTED,NOT TESTED,apps/web/src/app/(dashboard)/admin/mapping-config/page.tsx; apps/web/src/lib/operations/nav-config.ts; apps/web/src/lib/protected-route.ts,
admin,Admin & Reports,/admin/material-items,N/A (page resource; endpoint matrix tracked separately),View,ALLOW (current source policy),PARENT VISIBLE,ALLOW,Page/layout gate; action and endpoint capabilities require separate rows,Tenant scope required,NOT TESTED,NOT TESTED,NOT TESTED,NOT TESTED,apps/web/src/app/(dashboard)/admin/material-items/page.tsx; apps/web/src/lib/operations/nav-config.ts; apps/web/src/lib/protected-route.ts,
admin,Admin & Reports,/admin/rate-cards,N/A (page resource; endpoint matrix tracked separately),View,ALLOW (current source policy),PARENT VISIBLE,ALLOW,Page/layout gate; action and endpoint capabilities require separate rows,Tenant scope required,NOT TESTED,NOT TESTED,NOT TESTED,NOT TESTED,apps/web/src/app/(dashboard)/admin/rate-cards/page.tsx; apps/web/src/lib/operations/nav-config.ts; apps/web/src/lib/protected-route.ts,
admin,Admin & Reports,/admin/users,N/A (page resource; endpoint matrix tracked separately),View,ALLOW (current source policy),PARENT VISIBLE,ALLOW,Page/layout gate; action and endpoint capabilities require separate rows,Tenant scope required,NOT TESTED,NOT TESTED,NOT TESTED,NOT TESTED,apps/web/src/app/(dashboard)/admin/users/page.tsx; apps/web/src/lib/operations/nav-config.ts; apps/web/src/lib/protected-route.ts,
admin,Admin & Reports,/admin/users/[id],N/A (page resource; endpoint matrix tracked separately),View,ALLOW (current source policy),PARENT VISIBLE,ALLOW,Page/layout gate; action and endpoint capabilities require separate rows,Tenant scope required,NOT TESTED,NOT TESTED,NOT TESTED,NOT TESTED,apps/web/src/app/(dashboard)/admin/users/[id]/page.tsx; apps/web/src/lib/operations/nav-config.ts; apps/web/src/lib/protected-route.ts,
admin,Admin & Reports,/admin/users/new,N/A (page resource; endpoint matrix tracked separately),View,ALLOW (current source policy),PARENT VISIBLE,ALLOW,Page/layout gate; action and endpoint capabilities require separate rows,Tenant scope required,NOT TESTED,NOT TESTED,NOT TESTED,NOT TESTED,apps/web/src/app/(dashboard)/admin/users/new/page.tsx; apps/web/src/lib/operations/nav-config.ts; apps/web/src/lib/protected-route.ts,
admin,Assets,/assets,N/A (page resource; endpoint matrix tracked separately),View,ALLOW (current source policy),HIDDEN BY CONTROLLED-ROLLOUT FLAG,ALLOW,Page/layout gate; action and endpoint capabilities require separate rows,Tenant scope required,NOT TESTED,NOT TESTED,NOT TESTED,NOT TESTED,apps/web/src/app/(dashboard)/assets/page.tsx; apps/web/src/lib/operations/nav-config.ts; apps/web/src/lib/protected-route.ts,
admin,Assets,/assets/[assetId],N/A (page resource; endpoint matrix tracked separately),View,ALLOW (current source policy),HIDDEN BY CONTROLLED-ROLLOUT FLAG,ALLOW,Page/layout gate; action and endpoint capabilities require separate rows,Tenant scope required,NOT TESTED,NOT TESTED,NOT TESTED,NOT TESTED,apps/web/src/app/(dashboard)/assets/[assetId]/page.tsx; apps/web/src/lib/operations/nav-config.ts; apps/web/src/lib/protected-route.ts,
admin,BOM Engine,/bom,N/A (page resource; endpoint matrix tracked separately),View,ALLOW (current source policy),VISIBLE,ALLOW,Page/layout gate; action and endpoint capabilities require separate rows,Tenant scope required,NOT TESTED,NOT TESTED,NOT TESTED,NOT TESTED,apps/web/src/app/(dashboard)/bom/page.tsx; apps/web/src/lib/operations/nav-config.ts; apps/web/src/lib/protected-route.ts,
admin,Finance & Billing,/claims,N/A (page resource; endpoint matrix tracked separately),View,ALLOW (current source policy),VISIBLE,ALLOW,Page/layout gate; action and endpoint capabilities require separate rows,Tenant scope required,NOT TESTED,NOT TESTED,NOT TESTED,NOT TESTED,apps/web/src/app/(dashboard)/claims/page.tsx; apps/web/src/lib/operations/nav-config.ts; apps/web/src/lib/protected-route.ts,
admin,Finance & Billing,/claims/[id],N/A (page resource; endpoint matrix tracked separately),View,ALLOW (current source policy),PARENT VISIBLE,ALLOW,Page/layout gate; action and endpoint capabilities require separate rows,Tenant scope required,NOT TESTED,NOT TESTED,NOT TESTED,NOT TESTED,apps/web/src/app/(dashboard)/claims/[id]/page.tsx; apps/web/src/lib/operations/nav-config.ts; apps/web/src/lib/protected-route.ts,
admin,Finance & Billing,/claims/new,N/A (page resource; endpoint matrix tracked separately),View,ALLOW (current source policy),PARENT VISIBLE,ALLOW,Page/layout gate; action and endpoint capabilities require separate rows,Tenant scope required,NOT TESTED,NOT TESTED,NOT TESTED,NOT TESTED,apps/web/src/app/(dashboard)/claims/new/page.tsx; apps/web/src/lib/operations/nav-config.ts; apps/web/src/lib/protected-route.ts,
admin,Cortex,/cortex,N/A (page resource; endpoint matrix tracked separately),View,ALLOW (current source policy),VISIBLE,ALLOW,Page/layout gate; action and endpoint capabilities require separate rows,Tenant scope required,NOT TESTED,NOT TESTED,NOT TESTED,NOT TESTED,apps/web/src/app/(dashboard)/cortex/page.tsx; apps/web/src/lib/operations/nav-config.ts; apps/web/src/lib/protected-route.ts,
admin,CRM & Proposal,/crm,N/A (page resource; endpoint matrix tracked separately),View,ALLOW (current source policy),NO CONFIGURED NAV ITEM,ALLOW BY CATCH-ALL; PAGE GATE VARIES,Page/layout gate; action and endpoint capabilities require separate rows,Tenant scope required,NOT TESTED,NOT TESTED,NOT TESTED,PARTIAL,apps/web/src/app/(dashboard)/crm/page.tsx; apps/web/src/lib/operations/nav-config.ts; apps/web/src/lib/protected-route.ts,
admin,CRM & Proposal,/crm/accounts,N/A (page resource; endpoint matrix tracked separately),View,ALLOW (current source policy),VISIBLE,ALLOW,Page/layout gate; action and endpoint capabilities require separate rows,Tenant scope required,NOT TESTED,NOT TESTED,NOT TESTED,NOT TESTED,apps/web/src/app/(dashboard)/crm/accounts/page.tsx; apps/web/src/lib/operations/nav-config.ts; apps/web/src/lib/protected-route.ts,
admin,CRM & Proposal,/crm/accounts/[id],N/A (page resource; endpoint matrix tracked separately),View,ALLOW (current source policy),PARENT VISIBLE,ALLOW,Page/layout gate; action and endpoint capabilities require separate rows,Tenant scope required,NOT TESTED,NOT TESTED,NOT TESTED,NOT TESTED,apps/web/src/app/(dashboard)/crm/accounts/[id]/page.tsx; apps/web/src/lib/operations/nav-config.ts; apps/web/src/lib/protected-route.ts,
admin,CRM & Proposal,/crm/accounts/new,N/A (page resource; endpoint matrix tracked separately),View,ALLOW (current source policy),PARENT VISIBLE,ALLOW,Page/layout gate; action and endpoint capabilities require separate rows,Tenant scope required,NOT TESTED,NOT TESTED,NOT TESTED,NOT TESTED,apps/web/src/app/(dashboard)/crm/accounts/new/page.tsx; apps/web/src/lib/operations/nav-config.ts; apps/web/src/lib/protected-route.ts,
admin,CRM & Proposal,/crm/kyc-queue,N/A (page resource; endpoint matrix tracked separately),View,ALLOW (current source policy),VISIBLE,ALLOW,Page/layout gate; action and endpoint capabilities require separate rows,Tenant scope required,NOT TESTED,NOT TESTED,NOT TESTED,NOT TESTED,apps/web/src/app/(dashboard)/crm/kyc-queue/page.tsx; apps/web/src/lib/operations/nav-config.ts; apps/web/src/lib/protected-route.ts,
admin,CRM & Proposal,/crm/opportunities,N/A (page resource; endpoint matrix tracked separately),View,ALLOW (current source policy),NO CONFIGURED NAV ITEM,ALLOW BY CATCH-ALL; PAGE GATE VARIES,Page/layout gate; action and endpoint capabilities require separate rows,Tenant scope required,NOT TESTED,NOT TESTED,NOT TESTED,PARTIAL,apps/web/src/app/(dashboard)/crm/opportunities/page.tsx; apps/web/src/lib/operations/nav-config.ts; apps/web/src/lib/protected-route.ts,
admin,CRM & Proposal,/crm/opportunities/[id],N/A (page resource; endpoint matrix tracked separately),View,ALLOW (current source policy),NO CONFIGURED NAV ITEM,ALLOW BY CATCH-ALL; PAGE GATE VARIES,Page/layout gate; action and endpoint capabilities require separate rows,Tenant scope required,NOT TESTED,NOT TESTED,NOT TESTED,PARTIAL,apps/web/src/app/(dashboard)/crm/opportunities/[id]/page.tsx; apps/web/src/lib/operations/nav-config.ts; apps/web/src/lib/protected-route.ts,
admin,CRM & Proposal,/crm/opportunities/[id]/proposal,N/A (page resource; endpoint matrix tracked separately),View,ALLOW (current source policy),NO CONFIGURED NAV ITEM,ALLOW BY CATCH-ALL; PAGE GATE VARIES,Page/layout gate; action and endpoint capabilities require separate rows,Tenant scope required,NOT TESTED,NOT TESTED,NOT TESTED,PARTIAL,apps/web/src/app/(dashboard)/crm/opportunities/[id]/proposal/page.tsx; apps/web/src/lib/operations/nav-config.ts; apps/web/src/lib/protected-route.ts,
admin,CRM & Proposal,/crm/opportunities/[id]/proposal/change-requests,N/A (page resource; endpoint matrix tracked separately),View,ALLOW (current source policy),NO CONFIGURED NAV ITEM,ALLOW BY CATCH-ALL; PAGE GATE VARIES,Page/layout gate; action and endpoint capabilities require separate rows,Tenant scope required,NOT TESTED,NOT TESTED,NOT TESTED,PARTIAL,apps/web/src/app/(dashboard)/crm/opportunities/[id]/proposal/change-requests/page.tsx; apps/web/src/lib/operations/nav-config.ts; apps/web/src/lib/protected-route.ts,
admin,CRM & Proposal,/crm/opportunities/[id]/proposal/design,N/A (page resource; endpoint matrix tracked separately),View,ALLOW (current source policy),NO CONFIGURED NAV ITEM,ALLOW BY CATCH-ALL; PAGE GATE VARIES,Page/layout gate; action and endpoint capabilities require separate rows,Tenant scope required,NOT TESTED,NOT TESTED,NOT TESTED,PARTIAL,apps/web/src/app/(dashboard)/crm/opportunities/[id]/proposal/design/page.tsx; apps/web/src/lib/operations/nav-config.ts; apps/web/src/lib/protected-route.ts,
admin,CRM & Proposal,/crm/opportunities/[id]/proposal/inspection,N/A (page resource; endpoint matrix tracked separately),View,ALLOW (current source policy),NO CONFIGURED NAV ITEM,ALLOW BY CATCH-ALL; PAGE GATE VARIES,Page/layout gate; action and endpoint capabilities require separate rows,Tenant scope required,NOT TESTED,NOT TESTED,NOT TESTED,PARTIAL,apps/web/src/app/(dashboard)/crm/opportunities/[id]/proposal/inspection/page.tsx; apps/web/src/lib/operations/nav-config.ts; apps/web/src/lib/protected-route.ts,
admin,CRM & Proposal,/crm/opportunities/[id]/proposal/pprf,N/A (page resource; endpoint matrix tracked separately),View,ALLOW (current source policy),NO CONFIGURED NAV ITEM,ALLOW BY CATCH-ALL; PAGE GATE VARIES,Page/layout gate; action and endpoint capabilities require separate rows,Tenant scope required,NOT TESTED,NOT TESTED,NOT TESTED,PARTIAL,apps/web/src/app/(dashboard)/crm/opportunities/[id]/proposal/pprf/page.tsx; apps/web/src/lib/operations/nav-config.ts; apps/web/src/lib/protected-route.ts,
admin,CRM & Proposal,/crm/opportunities/new/pprf,N/A (page resource; endpoint matrix tracked separately),View,ALLOW (current source policy),NO CONFIGURED NAV ITEM,ALLOW BY CATCH-ALL; PAGE GATE VARIES,Page/layout gate; action and endpoint capabilities require separate rows,Tenant scope required,NOT TESTED,NOT TESTED,NOT TESTED,PARTIAL,apps/web/src/app/(dashboard)/crm/opportunities/new/pprf/page.tsx; apps/web/src/lib/operations/nav-config.ts; apps/web/src/lib/protected-route.ts,
admin,Dashboard,/dashboard,N/A (page resource; endpoint matrix tracked separately),View,ALLOW (current source policy),VISIBLE,ALLOW,Page/layout gate; action and endpoint capabilities require separate rows,Tenant scope required,NOT TESTED,PASSED - real Supabase login and render,NOT TESTED,PARTIAL,apps/web/src/app/(dashboard)/dashboard/page.tsx; isolated Chromium role matrix 2026-09-02,Full route-state and action coverage remains
admin,Documents,/documents,N/A (page resource; endpoint matrix tracked separately),View,ALLOW (current source policy),VISIBLE,ALLOW,Page/layout gate; action and endpoint capabilities require separate rows,Tenant scope required,NOT TESTED,NOT TESTED,NOT TESTED,NOT TESTED,apps/web/src/app/(dashboard)/documents/page.tsx; apps/web/src/lib/operations/nav-config.ts; apps/web/src/lib/protected-route.ts,
admin,Finance,/finance,N/A (page resource; endpoint matrix tracked separately),View,ALLOW (current source policy),VISIBLE,ALLOW,Page/layout gate; action and endpoint capabilities require separate rows,Tenant scope required,NOT TESTED,NOT TESTED,NOT TESTED,NOT TESTED,apps/web/src/app/(dashboard)/finance/page.tsx; apps/web/src/lib/operations/nav-config.ts; apps/web/src/lib/protected-route.ts,
admin,Finance,/finance/cash,N/A (page resource; endpoint matrix tracked separately),View,ALLOW (current source policy),VISIBLE,ALLOW,Page/layout gate; action and endpoint capabilities require separate rows,Tenant scope required,NOT TESTED,NOT TESTED,NOT TESTED,NOT TESTED,apps/web/src/app/(dashboard)/finance/cash/page.tsx; apps/web/src/lib/operations/nav-config.ts; apps/web/src/lib/protected-route.ts,
admin,Finance,/finance/cash/[id],N/A (page resource; endpoint matrix tracked separately),View,ALLOW (current source policy),PARENT VISIBLE,ALLOW,Page/layout gate; action and endpoint capabilities require separate rows,Tenant scope required,NOT TESTED,NOT TESTED,NOT TESTED,NOT TESTED,apps/web/src/app/(dashboard)/finance/cash/[id]/page.tsx; apps/web/src/lib/operations/nav-config.ts; apps/web/src/lib/protected-route.ts,
admin,Finance,/finance/cash/new,N/A (page resource; endpoint matrix tracked separately),View,ALLOW (current source policy),PARENT VISIBLE,ALLOW,Page/layout gate; action and endpoint capabilities require separate rows,Tenant scope required,NOT TESTED,NOT TESTED,NOT TESTED,NOT TESTED,apps/web/src/app/(dashboard)/finance/cash/new/page.tsx; apps/web/src/lib/operations/nav-config.ts; apps/web/src/lib/protected-route.ts,
admin,Finance,/finance/journals/[id],N/A (page resource; endpoint matrix tracked separately),View,ALLOW (current source policy),PARENT VISIBLE,ALLOW,Page/layout gate; action and endpoint capabilities require separate rows,Tenant scope required,NOT TESTED,NOT TESTED,NOT TESTED,NOT TESTED,apps/web/src/app/(dashboard)/finance/journals/[id]/page.tsx; apps/web/src/lib/operations/nav-config.ts; apps/web/src/lib/protected-route.ts,
admin,Finance,/finance/journals/new,N/A (page resource; endpoint matrix tracked separately),View,ALLOW (current source policy),PARENT VISIBLE,ALLOW,Page/layout gate; action and endpoint capabilities require separate rows,Tenant scope required,NOT TESTED,NOT TESTED,NOT TESTED,NOT TESTED,apps/web/src/app/(dashboard)/finance/journals/new/page.tsx; apps/web/src/lib/operations/nav-config.ts; apps/web/src/lib/protected-route.ts,
admin,Finance,/finance/ledger,N/A (page resource; endpoint matrix tracked separately),View,ALLOW (current source policy),PARENT VISIBLE,ALLOW,Page/layout gate; action and endpoint capabilities require separate rows,Tenant scope required,NOT TESTED,NOT TESTED,NOT TESTED,NOT TESTED,apps/web/src/app/(dashboard)/finance/ledger/page.tsx; apps/web/src/lib/operations/nav-config.ts; apps/web/src/lib/protected-route.ts,
admin,Finance,/finance/payables,N/A (page resource; endpoint matrix tracked separately),View,ALLOW (current source policy),VISIBLE,ALLOW,Page/layout gate; action and endpoint capabilities require separate rows,Tenant scope required,NOT TESTED,NOT TESTED,NOT TESTED,NOT TESTED,apps/web/src/app/(dashboard)/finance/payables/page.tsx; apps/web/src/lib/operations/nav-config.ts; apps/web/src/lib/protected-route.ts,
admin,Finance,/finance/payables/[id],N/A (page resource; endpoint matrix tracked separately),View,ALLOW (current source policy),PARENT VISIBLE,ALLOW,Page/layout gate; action and endpoint capabilities require separate rows,Tenant scope required,NOT TESTED,NOT TESTED,NOT TESTED,NOT TESTED,apps/web/src/app/(dashboard)/finance/payables/[id]/page.tsx; apps/web/src/lib/operations/nav-config.ts; apps/web/src/lib/protected-route.ts,
admin,Finance,/finance/payables/[id]/edit,N/A (page resource; endpoint matrix tracked separately),View,ALLOW (current source policy),PARENT VISIBLE,ALLOW,Page/layout gate; action and endpoint capabilities require separate rows,Tenant scope required,NOT TESTED,NOT TESTED,NOT TESTED,NOT TESTED,apps/web/src/app/(dashboard)/finance/payables/[id]/edit/page.tsx; apps/web/src/lib/operations/nav-config.ts; apps/web/src/lib/protected-route.ts,
admin,Finance,/finance/payables/new,N/A (page resource; endpoint matrix tracked separately),View,ALLOW (current source policy),PARENT VISIBLE,ALLOW,Page/layout gate; action and endpoint capabilities require separate rows,Tenant scope required,NOT TESTED,NOT TESTED,NOT TESTED,NOT TESTED,apps/web/src/app/(dashboard)/finance/payables/new/page.tsx; apps/web/src/lib/operations/nav-config.ts; apps/web/src/lib/protected-route.ts,
admin,Finance,/finance/receivables,N/A (page resource; endpoint matrix tracked separately),View,ALLOW (current source policy),VISIBLE,ALLOW,Page/layout gate; action and endpoint capabilities require separate rows,Tenant scope required,NOT TESTED,NOT TESTED,NOT TESTED,NOT TESTED,apps/web/src/app/(dashboard)/finance/receivables/page.tsx; apps/web/src/lib/operations/nav-config.ts; apps/web/src/lib/protected-route.ts,
admin,Finance,/finance/reconciliation,N/A (page resource; endpoint matrix tracked separately),View,ALLOW (current source policy),VISIBLE,ALLOW,Page/layout gate; action and endpoint capabilities require separate rows,Tenant scope required,NOT TESTED,NOT TESTED,NOT TESTED,NOT TESTED,apps/web/src/app/(dashboard)/finance/reconciliation/page.tsx; apps/web/src/lib/operations/nav-config.ts; apps/web/src/lib/protected-route.ts,
admin,Finance,/finance/reconciliation/[id],N/A (page resource; endpoint matrix tracked separately),View,ALLOW (current source policy),PARENT VISIBLE,ALLOW,Page/layout gate; action and endpoint capabilities require separate rows,Tenant scope required,NOT TESTED,NOT TESTED,NOT TESTED,NOT TESTED,apps/web/src/app/(dashboard)/finance/reconciliation/[id]/page.tsx; apps/web/src/lib/operations/nav-config.ts; apps/web/src/lib/protected-route.ts,
admin,Finance,/finance/reconciliation/new,N/A (page resource; endpoint matrix tracked separately),View,ALLOW (current source policy),PARENT VISIBLE,ALLOW,Page/layout gate; action and endpoint capabilities require separate rows,Tenant scope required,NOT TESTED,NOT TESTED,NOT TESTED,NOT TESTED,apps/web/src/app/(dashboard)/finance/reconciliation/new/page.tsx; apps/web/src/lib/operations/nav-config.ts; apps/web/src/lib/protected-route.ts,
admin,Proposal Print,/inspection/[id],N/A (page resource; endpoint matrix tracked separately),View,ALLOW (current source policy),NO CONFIGURED NAV ITEM,ALLOW BY CATCH-ALL; PAGE GATE VARIES,Page/layout gate; action and endpoint capabilities require separate rows,Tenant scope required,NOT TESTED,NOT TESTED,NOT TESTED,PARTIAL,apps/web/src/app/(print)/inspection/[id]/page.tsx; apps/web/src/lib/operations/nav-config.ts; apps/web/src/lib/protected-route.ts,
admin,Inventory,/inventory,N/A (page resource; endpoint matrix tracked separately),View,ALLOW (current source policy),VISIBLE,ALLOW,Page/layout gate; action and endpoint capabilities require separate rows,Tenant scope required,NOT TESTED,NOT TESTED,NOT TESTED,NOT TESTED,apps/web/src/app/(dashboard)/inventory/page.tsx; apps/web/src/lib/operations/nav-config.ts; apps/web/src/lib/protected-route.ts,
admin,Inventory,/inventory/movements,N/A (page resource; endpoint matrix tracked separately),View,ALLOW (current source policy),PARENT VISIBLE,ALLOW,Page/layout gate; action and endpoint capabilities require separate rows,Tenant scope required,NOT TESTED,NOT TESTED,NOT TESTED,NOT TESTED,apps/web/src/app/(dashboard)/inventory/movements/page.tsx; apps/web/src/lib/operations/nav-config.ts; apps/web/src/lib/protected-route.ts,
admin,Inventory,/inventory/movements/[id],N/A (page resource; endpoint matrix tracked separately),View,ALLOW (current source policy),PARENT VISIBLE,ALLOW,Page/layout gate; action and endpoint capabilities require separate rows,Tenant scope required,NOT TESTED,NOT TESTED,NOT TESTED,NOT TESTED,apps/web/src/app/(dashboard)/inventory/movements/[id]/page.tsx; apps/web/src/lib/operations/nav-config.ts; apps/web/src/lib/protected-route.ts,
admin,Inventory,/inventory/movements/new,N/A (page resource; endpoint matrix tracked separately),View,ALLOW (current source policy),PARENT VISIBLE,ALLOW,Page/layout gate; action and endpoint capabilities require separate rows,Tenant scope required,NOT TESTED,NOT TESTED,NOT TESTED,NOT TESTED,apps/web/src/app/(dashboard)/inventory/movements/new/page.tsx; apps/web/src/lib/operations/nav-config.ts; apps/web/src/lib/protected-route.ts,
admin,Inventory,/inventory/receipts,N/A (page resource; endpoint matrix tracked separately),View,ALLOW (current source policy),PARENT VISIBLE,ALLOW,Page/layout gate; action and endpoint capabilities require separate rows,Tenant scope required,NOT TESTED,NOT TESTED,NOT TESTED,NOT TESTED,apps/web/src/app/(dashboard)/inventory/receipts/page.tsx; apps/web/src/lib/operations/nav-config.ts; apps/web/src/lib/protected-route.ts,
admin,Inventory,/inventory/receipts/[id],N/A (page resource; endpoint matrix tracked separately),View,ALLOW (current source policy),PARENT VISIBLE,ALLOW,Page/layout gate; action and endpoint capabilities require separate rows,Tenant scope required,NOT TESTED,NOT TESTED,NOT TESTED,NOT TESTED,apps/web/src/app/(dashboard)/inventory/receipts/[id]/page.tsx; apps/web/src/lib/operations/nav-config.ts; apps/web/src/lib/protected-route.ts,
admin,Inventory,/inventory/receipts/new,N/A (page resource; endpoint matrix tracked separately),View,ALLOW (current source policy),PARENT VISIBLE,ALLOW,Page/layout gate; action and endpoint capabilities require separate rows,Tenant scope required,NOT TESTED,NOT TESTED,NOT TESTED,NOT TESTED,apps/web/src/app/(dashboard)/inventory/receipts/new/page.tsx; apps/web/src/lib/operations/nav-config.ts; apps/web/src/lib/protected-route.ts,
admin,Finance,/invoices,N/A (page resource; endpoint matrix tracked separately),View,ALLOW (current source policy),VISIBLE,ALLOW,Page/layout gate; action and endpoint capabilities require separate rows,Tenant scope required,NOT TESTED,NOT TESTED,NOT TESTED,NOT TESTED,apps/web/src/app/(dashboard)/invoices/page.tsx; apps/web/src/lib/operations/nav-config.ts; apps/web/src/lib/protected-route.ts,
admin,Finance,/invoices/[id],N/A (page resource; endpoint matrix tracked separately),View,ALLOW (current source policy),PARENT VISIBLE,ALLOW,Page/layout gate; action and endpoint capabilities require separate rows,Tenant scope required,NOT TESTED,NOT TESTED,NOT TESTED,NOT TESTED,apps/web/src/app/(dashboard)/invoices/[id]/page.tsx; apps/web/src/lib/operations/nav-config.ts; apps/web/src/lib/protected-route.ts,
admin,Finance,/invoices/[id]/bir2307,N/A (page resource; endpoint matrix tracked separately),View,ALLOW (current source policy),PARENT VISIBLE,ALLOW,Page/layout gate; action and endpoint capabilities require separate rows,Tenant scope required,NOT TESTED,NOT TESTED,NOT TESTED,NOT TESTED,apps/web/src/app/(print)/invoices/[id]/bir2307/page.tsx; apps/web/src/lib/operations/nav-config.ts; apps/web/src/lib/protected-route.ts,
admin,Finance,/invoices/[id]/print,N/A (page resource; endpoint matrix tracked separately),View,ALLOW (current source policy),PARENT VISIBLE,ALLOW,Page/layout gate; action and endpoint capabilities require separate rows,Tenant scope required,NOT TESTED,NOT TESTED,NOT TESTED,NOT TESTED,apps/web/src/app/(print)/invoices/[id]/print/page.tsx; apps/web/src/lib/operations/nav-config.ts; apps/web/src/lib/protected-route.ts,
admin,Pre-Construction,/permits,N/A (page resource; endpoint matrix tracked separately),View,ALLOW (current source policy),VISIBLE,ALLOW,Page/layout gate; action and endpoint capabilities require separate rows,Tenant scope required,NOT TESTED,NOT TESTED,NOT TESTED,NOT TESTED,apps/web/src/app/(dashboard)/permits/page.tsx; apps/web/src/lib/operations/nav-config.ts; apps/web/src/lib/protected-route.ts,
admin,Pipeline,/pipeline,N/A (page resource; endpoint matrix tracked separately),View,ALLOW (current source policy),NO CONFIGURED NAV ITEM,ALLOW BY CATCH-ALL; PAGE GATE VARIES,Page/layout gate; action and endpoint capabilities require separate rows,Tenant scope required,NOT TESTED,NOT TESTED,NOT TESTED,PARTIAL,apps/web/src/app/(dashboard)/pipeline/page.tsx; apps/web/src/lib/operations/nav-config.ts; apps/web/src/lib/protected-route.ts,
admin,Pipeline,/pipeline/board,N/A (page resource; endpoint matrix tracked separately),View,ALLOW (current source policy),VISIBLE,ALLOW,Page/layout gate; action and endpoint capabilities require separate rows,Tenant scope required,NOT TESTED,NOT TESTED,NOT TESTED,NOT TESTED,apps/web/src/app/(dashboard)/pipeline/board/page.tsx; apps/web/src/lib/operations/nav-config.ts; apps/web/src/lib/protected-route.ts,
admin,Pipeline,/pipeline/conversion,N/A (page resource; endpoint matrix tracked separately),View,ALLOW (current source policy),NO CONFIGURED NAV ITEM,ALLOW BY CATCH-ALL; PAGE GATE VARIES,Page/layout gate; action and endpoint capabilities require separate rows,Tenant scope required,NOT TESTED,NOT TESTED,NOT TESTED,PARTIAL,apps/web/src/app/(dashboard)/pipeline/conversion/page.tsx; apps/web/src/lib/operations/nav-config.ts; apps/web/src/lib/protected-route.ts,
admin,Process & SLA,/process,N/A (page resource; endpoint matrix tracked separately),View,ALLOW (current source policy),VISIBLE,ALLOW,Page/layout gate; action and endpoint capabilities require separate rows,Tenant scope required,NOT TESTED,NOT TESTED,NOT TESTED,NOT TESTED,apps/web/src/app/(dashboard)/process/page.tsx; apps/web/src/lib/operations/nav-config.ts; apps/web/src/lib/protected-route.ts,
admin,Procurement,/procurement,N/A (page resource; endpoint matrix tracked separately),View,ALLOW (current source policy),NO CONFIGURED NAV ITEM,ALLOW BY CATCH-ALL; PAGE GATE VARIES,Page/layout gate; action and endpoint capabilities require separate rows,Tenant scope required,NOT TESTED,NOT TESTED,NOT TESTED,PARTIAL,apps/web/src/app/(dashboard)/procurement/page.tsx; apps/web/src/lib/operations/nav-config.ts; apps/web/src/lib/protected-route.ts,
admin,Procurement,/procurement/deliveries,N/A (page resource; endpoint matrix tracked separately),View,ALLOW (current source policy),VISIBLE,ALLOW,Page/layout gate; action and endpoint capabilities require separate rows,Tenant scope required,NOT TESTED,NOT TESTED,NOT TESTED,NOT TESTED,apps/web/src/app/(dashboard)/procurement/deliveries/page.tsx; apps/web/src/lib/operations/nav-config.ts; apps/web/src/lib/protected-route.ts,
admin,Procurement,/procurement/deliveries/[id],N/A (page resource; endpoint matrix tracked separately),View,ALLOW (current source policy),PARENT VISIBLE,ALLOW,Page/layout gate; action and endpoint capabilities require separate rows,Tenant scope required,NOT TESTED,NOT TESTED,NOT TESTED,NOT TESTED,apps/web/src/app/(dashboard)/procurement/deliveries/[id]/page.tsx; apps/web/src/lib/operations/nav-config.ts; apps/web/src/lib/protected-route.ts,
admin,Procurement,/procurement/deliveries/new,N/A (page resource; endpoint matrix tracked separately),View,ALLOW (current source policy),PARENT VISIBLE,ALLOW,Page/layout gate; action and endpoint capabilities require separate rows,Tenant scope required,NOT TESTED,NOT TESTED,NOT TESTED,NOT TESTED,apps/web/src/app/(dashboard)/procurement/deliveries/new/page.tsx; apps/web/src/lib/operations/nav-config.ts; apps/web/src/lib/protected-route.ts,
admin,Procurement,/procurement/rfqs,N/A (page resource; endpoint matrix tracked separately),View,ALLOW (current source policy),VISIBLE,ALLOW,Page/layout gate; action and endpoint capabilities require separate rows,Tenant scope required,NOT TESTED,NOT TESTED,NOT TESTED,NOT TESTED,apps/web/src/app/(dashboard)/procurement/rfqs/page.tsx; apps/web/src/lib/operations/nav-config.ts; apps/web/src/lib/protected-route.ts,
admin,Procurement,/procurement/rfqs/[id],N/A (page resource; endpoint matrix tracked separately),View,ALLOW (current source policy),PARENT VISIBLE,ALLOW,Page/layout gate; action and endpoint capabilities require separate rows,Tenant scope required,NOT TESTED,NOT TESTED,NOT TESTED,NOT TESTED,apps/web/src/app/(dashboard)/procurement/rfqs/[id]/page.tsx; apps/web/src/lib/operations/nav-config.ts; apps/web/src/lib/protected-route.ts,
admin,Projects,/projects,N/A (page resource; endpoint matrix tracked separately),View,ALLOW (current source policy),VISIBLE,ALLOW,Page/layout gate; action and endpoint capabilities require separate rows,Tenant scope required,NOT TESTED,NOT TESTED,NOT TESTED,NOT TESTED,apps/web/src/app/(dashboard)/projects/page.tsx; apps/web/src/lib/operations/nav-config.ts; apps/web/src/lib/protected-route.ts,
admin,Projects,/projects/[id],N/A (page resource; endpoint matrix tracked separately),View,ALLOW (current source policy),PARENT VISIBLE,ALLOW,Page/layout gate; action and endpoint capabilities require separate rows,Tenant scope required,NOT TESTED,NOT TESTED,NOT TESTED,NOT TESTED,apps/web/src/app/(dashboard)/projects/[id]/page.tsx; apps/web/src/lib/operations/nav-config.ts; apps/web/src/lib/protected-route.ts,
admin,Projects,/projects/[id]/access,N/A (page resource; endpoint matrix tracked separately),View,ALLOW (current source policy),PARENT VISIBLE,ALLOW,Page/layout gate; action and endpoint capabilities require separate rows,Tenant scope required,NOT TESTED,NOT TESTED,NOT TESTED,NOT TESTED,apps/web/src/app/(dashboard)/projects/[id]/access/page.tsx; apps/web/src/lib/operations/nav-config.ts; apps/web/src/lib/protected-route.ts,
admin,Projects,/projects/[id]/audit,N/A (page resource; endpoint matrix tracked separately),View,ALLOW (audit.read policy),AUDIT TAB VISIBLE,ALLOW,Project detail projection plus audit.read route gate,Tenant and requested project scope,PASSED - all-role projection and route tests,PASSED - direct audit route,NOT RUN,PARTIAL,project-detail-access.test.tsx; project-sensitive-routes.test.tsx; isolated Chromium 2026-09-03,Database-backed budget trigger not exercised in the broader project-detail slice
admin,Projects,/projects/[id]/billing,N/A (page resource; endpoint matrix tracked separately),View,ALLOW (current source policy),PARENT VISIBLE,ALLOW,Page/layout gate; action and endpoint capabilities require separate rows,Tenant scope required,NOT TESTED,NOT TESTED,NOT TESTED,NOT TESTED,apps/web/src/app/(dashboard)/projects/[id]/billing/page.tsx; apps/web/src/lib/operations/nav-config.ts; apps/web/src/lib/protected-route.ts,
admin,Projects,/projects/[id]/bom,N/A (page resource; endpoint matrix tracked separately),View,ALLOW (current source policy),PARENT VISIBLE,ALLOW,Page/layout gate; action and endpoint capabilities require separate rows,Tenant scope required,NOT TESTED,NOT TESTED,NOT TESTED,NOT TESTED,apps/web/src/app/(dashboard)/projects/[id]/bom/page.tsx; apps/web/src/lib/operations/nav-config.ts; apps/web/src/lib/protected-route.ts,
admin,Projects,/projects/[id]/bom/togal,N/A (page resource; endpoint matrix tracked separately),View,ALLOW (current source policy),PARENT VISIBLE,ALLOW,Page/layout gate; action and endpoint capabilities require separate rows,Tenant scope required,NOT TESTED,NOT TESTED,NOT TESTED,NOT TESTED,apps/web/src/app/(dashboard)/projects/[id]/bom/togal/page.tsx; apps/web/src/lib/operations/nav-config.ts; apps/web/src/lib/protected-route.ts,
admin,Projects,/projects/[id]/checklist,N/A (page resource; endpoint matrix tracked separately),View,ALLOW (current source policy),PARENT VISIBLE,ALLOW,Page/layout gate; action and endpoint capabilities require separate rows,Tenant scope required,NOT TESTED,NOT TESTED,NOT TESTED,NOT TESTED,apps/web/src/app/(dashboard)/projects/[id]/checklist/page.tsx; apps/web/src/lib/operations/nav-config.ts; apps/web/src/lib/protected-route.ts,
admin,Projects,/projects/[id]/coc,N/A (page resource; endpoint matrix tracked separately),View,ALLOW (current source policy),PARENT VISIBLE,ALLOW,Page/layout gate; action and endpoint capabilities require separate rows,Tenant scope required,NOT TESTED,NOT TESTED,NOT TESTED,NOT TESTED,apps/web/src/app/(dashboard)/projects/[id]/coc/page.tsx; apps/web/src/lib/operations/nav-config.ts; apps/web/src/lib/protected-route.ts,
admin,Projects,/projects/[id]/comments,N/A (page resource; endpoint matrix tracked separately),View,ALLOW (current source policy),PARENT VISIBLE,ALLOW,Page/layout gate; action and endpoint capabilities require separate rows,Tenant scope required,NOT TESTED,NOT TESTED,NOT TESTED,NOT TESTED,apps/web/src/app/(dashboard)/projects/[id]/comments/page.tsx; apps/web/src/lib/operations/nav-config.ts; apps/web/src/lib/protected-route.ts,
admin,Projects,/projects/[id]/cost,N/A (page resource; endpoint matrix tracked separately),View,ALLOW (current source policy),PARENT VISIBLE,ALLOW,Page/layout gate; action and endpoint capabilities require separate rows,Tenant scope required,NOT TESTED,NOT TESTED,NOT TESTED,NOT TESTED,apps/web/src/app/(dashboard)/projects/[id]/cost/page.tsx; apps/web/src/lib/operations/nav-config.ts; apps/web/src/lib/protected-route.ts,
admin,Projects,/projects/[id]/cost/budget,N/A (page resource; endpoint matrix tracked separately),View,ALLOW (current source policy),PARENT VISIBLE,ALLOW,Page/layout gate; action and endpoint capabilities require separate rows,Tenant scope required,NOT TESTED,NOT TESTED,NOT TESTED,NOT TESTED,apps/web/src/app/(dashboard)/projects/[id]/cost/budget/page.tsx; apps/web/src/lib/operations/nav-config.ts; apps/web/src/lib/protected-route.ts,
admin,Projects,/projects/[id]/documents,N/A (page resource; endpoint matrix tracked separately),View,ALLOW (current source policy),PARENT VISIBLE,ALLOW,Page/layout gate; action and endpoint capabilities require separate rows,Tenant scope required,NOT TESTED,NOT TESTED,NOT TESTED,NOT TESTED,apps/web/src/app/(dashboard)/projects/[id]/documents/page.tsx; apps/web/src/lib/operations/nav-config.ts; apps/web/src/lib/protected-route.ts,
admin,Projects,/projects/[id]/permits,N/A (page resource; endpoint matrix tracked separately),View,ALLOW (current source policy),PARENT VISIBLE,ALLOW,Page/layout gate; action and endpoint capabilities require separate rows,Tenant scope required,NOT TESTED,NOT TESTED,NOT TESTED,NOT TESTED,apps/web/src/app/(dashboard)/projects/[id]/permits/page.tsx; apps/web/src/lib/operations/nav-config.ts; apps/web/src/lib/protected-route.ts,
admin,Projects,/projects/[id]/progress,N/A (page resource; endpoint matrix tracked separately),View,ALLOW (current source policy),PARENT VISIBLE,ALLOW,Page/layout gate; action and endpoint capabilities require separate rows,Tenant scope required,NOT TESTED,NOT TESTED,NOT TESTED,NOT TESTED,apps/web/src/app/(dashboard)/projects/[id]/progress/page.tsx; apps/web/src/lib/operations/nav-config.ts; apps/web/src/lib/protected-route.ts,
admin,Projects,/projects/[id]/reports,N/A (page resource; endpoint matrix tracked separately),View,ALLOW (current source policy),PARENT VISIBLE,ALLOW,Page/layout gate; action and endpoint capabilities require separate rows,Tenant scope required,NOT TESTED,NOT TESTED,NOT TESTED,NOT TESTED,apps/web/src/app/(dashboard)/projects/[id]/reports/page.tsx; apps/web/src/lib/operations/nav-config.ts; apps/web/src/lib/protected-route.ts,
admin,Projects,/projects/[id]/scope,N/A (page resource; endpoint matrix tracked separately),View,ALLOW (current source policy),PARENT VISIBLE,ALLOW,Page/layout gate; action and endpoint capabilities require separate rows,Tenant scope required,NOT TESTED,NOT TESTED,NOT TESTED,NOT TESTED,apps/web/src/app/(dashboard)/projects/[id]/scope/page.tsx; apps/web/src/lib/operations/nav-config.ts; apps/web/src/lib/protected-route.ts,
admin,Projects,/projects/[id]/turnover,N/A (page resource; endpoint matrix tracked separately),View,ALLOW (current source policy),PARENT VISIBLE,ALLOW,Page/layout gate; action and endpoint capabilities require separate rows,Tenant scope required,NOT TESTED,NOT TESTED,NOT TESTED,NOT TESTED,apps/web/src/app/(dashboard)/projects/[id]/turnover/page.tsx; apps/web/src/lib/operations/nav-config.ts; apps/web/src/lib/protected-route.ts,
admin,Projects,/projects/[id]/vos,N/A (page resource; endpoint matrix tracked separately),View,ALLOW (current source policy),PARENT VISIBLE,ALLOW,Page/layout gate; action and endpoint capabilities require separate rows,Tenant scope required,NOT TESTED,NOT TESTED,NOT TESTED,NOT TESTED,apps/web/src/app/(dashboard)/projects/[id]/vos/page.tsx; apps/web/src/lib/operations/nav-config.ts; apps/web/src/lib/protected-route.ts,
admin,Projects,/projects/[id]/vos/[voId],N/A (page resource; endpoint matrix tracked separately),View,ALLOW (current source policy),PARENT VISIBLE,ALLOW,Page/layout gate; action and endpoint capabilities require separate rows,Tenant scope required,NOT TESTED,NOT TESTED,NOT TESTED,NOT TESTED,apps/web/src/app/(dashboard)/projects/[id]/vos/[voId]/page.tsx; apps/web/src/lib/operations/nav-config.ts; apps/web/src/lib/protected-route.ts,
admin,Projects,/projects/new,N/A (page resource; endpoint matrix tracked separately),View,ALLOW (current source policy),PARENT VISIBLE,ALLOW,Page/layout gate; action and endpoint capabilities require separate rows,Tenant scope required,NOT TESTED,NOT TESTED,NOT TESTED,NOT TESTED,apps/web/src/app/(dashboard)/projects/new/page.tsx; apps/web/src/lib/operations/nav-config.ts; apps/web/src/lib/protected-route.ts,
admin,Post-Construction,/punchlist,N/A (page resource; endpoint matrix tracked separately),View,ALLOW (current source policy),VISIBLE,ALLOW,Page/layout gate; action and endpoint capabilities require separate rows,Tenant scope required,NOT TESTED,NOT TESTED,NOT TESTED,NOT TESTED,apps/web/src/app/(dashboard)/punchlist/page.tsx; apps/web/src/lib/operations/nav-config.ts; apps/web/src/lib/protected-route.ts,
admin,Post-Construction,/punchlist/[id],N/A (page resource; endpoint matrix tracked separately),View,ALLOW (current source policy),PARENT VISIBLE,ALLOW,Page/layout gate; action and endpoint capabilities require separate rows,Tenant scope required,NOT TESTED,NOT TESTED,NOT TESTED,NOT TESTED,apps/web/src/app/(dashboard)/punchlist/[id]/page.tsx; apps/web/src/lib/operations/nav-config.ts; apps/web/src/lib/protected-route.ts,
admin,Post-Construction,/punchlist/new,N/A (page resource; endpoint matrix tracked separately),View,ALLOW (current source policy),PARENT VISIBLE,ALLOW,Page/layout gate; action and endpoint capabilities require separate rows,Tenant scope required,NOT TESTED,NOT TESTED,NOT TESTED,NOT TESTED,apps/web/src/app/(dashboard)/punchlist/new/page.tsx; apps/web/src/lib/operations/nav-config.ts; apps/web/src/lib/protected-route.ts,
admin,Procurement,/purchase-orders,N/A (page resource; endpoint matrix tracked separately),View,ALLOW (current source policy),VISIBLE,ALLOW,Page/layout gate; action and endpoint capabilities require separate rows,Tenant scope required,NOT TESTED,NOT TESTED,NOT TESTED,NOT TESTED,apps/web/src/app/(dashboard)/purchase-orders/page.tsx; apps/web/src/lib/operations/nav-config.ts; apps/web/src/lib/protected-route.ts,
admin,Procurement,/purchase-orders/[id],N/A (page resource; endpoint matrix tracked separately),View,ALLOW (current source policy),PARENT VISIBLE,ALLOW,Page/layout gate; action and endpoint capabilities require separate rows,Tenant scope required,NOT TESTED,NOT TESTED,NOT TESTED,NOT TESTED,apps/web/src/app/(dashboard)/purchase-orders/[id]/page.tsx; apps/web/src/lib/operations/nav-config.ts; apps/web/src/lib/protected-route.ts,
admin,Procurement,/purchase-orders/[id]/print,N/A (page resource; endpoint matrix tracked separately),View,ALLOW (current source policy),PARENT VISIBLE,ALLOW,Page/layout gate; action and endpoint capabilities require separate rows,Tenant scope required,NOT TESTED,NOT TESTED,NOT TESTED,NOT TESTED,apps/web/src/app/(print)/purchase-orders/[id]/print/page.tsx; apps/web/src/lib/operations/nav-config.ts; apps/web/src/lib/protected-route.ts,
admin,Admin & Reports,/reports,N/A (page resource; endpoint matrix tracked separately),View,ALLOW (current source policy),VISIBLE,ALLOW,Page/layout gate; action and endpoint capabilities require separate rows,Tenant scope required,NOT TESTED,NOT TESTED,NOT TESTED,NOT TESTED,apps/web/src/app/(dashboard)/reports/page.tsx; apps/web/src/lib/operations/nav-config.ts; apps/web/src/lib/protected-route.ts,
admin,Settings & Profile,/settings,N/A (page resource; endpoint matrix tracked separately),View,ALLOW (current source policy),VISIBLE,ALLOW,Page/layout gate; action and endpoint capabilities require separate rows,Tenant scope required,NOT TESTED,NOT TESTED,NOT TESTED,NOT TESTED,apps/web/src/app/(dashboard)/settings/page.tsx; apps/web/src/lib/operations/nav-config.ts; apps/web/src/lib/protected-route.ts,
admin,Construction Cadence,/tasks,N/A (page resource; endpoint matrix tracked separately),View,ALLOW (current source policy),VISIBLE,ALLOW,Page/layout gate; action and endpoint capabilities require separate rows,Tenant scope required,NOT TESTED,NOT TESTED,NOT TESTED,NOT TESTED,apps/web/src/app/(dashboard)/tasks/page.tsx; apps/web/src/lib/operations/nav-config.ts; apps/web/src/lib/protected-route.ts,
admin,Warranty & CX,/warranty,N/A (page resource; endpoint matrix tracked separately),View,ALLOW (current source policy),VISIBLE,ALLOW,Page/layout gate; action and endpoint capabilities require separate rows,Tenant scope required,NOT TESTED,NOT TESTED,NOT TESTED,NOT TESTED,apps/web/src/app/(dashboard)/warranty/page.tsx; apps/web/src/lib/operations/nav-config.ts; apps/web/src/lib/protected-route.ts,
admin,Warranty & CX,/warranty/[id],N/A (page resource; endpoint matrix tracked separately),View,ALLOW (current source policy),PARENT VISIBLE,ALLOW,Page/layout gate; action and endpoint capabilities require separate rows,Tenant scope required,NOT TESTED,NOT TESTED,NOT TESTED,NOT TESTED,apps/web/src/app/(dashboard)/warranty/[id]/page.tsx; apps/web/src/lib/operations/nav-config.ts; apps/web/src/lib/protected-route.ts,
admin,Warranty & CX,/warranty/cnps,N/A (page resource; endpoint matrix tracked separately),View,ALLOW (current source policy),VISIBLE,ALLOW,Page/layout gate; action and endpoint capabilities require separate rows,Tenant scope required,NOT TESTED,NOT TESTED,NOT TESTED,NOT TESTED,apps/web/src/app/(dashboard)/warranty/cnps/page.tsx; apps/web/src/lib/operations/nav-config.ts; apps/web/src/lib/protected-route.ts,
admin,Construction Cadence,/weekly-report/[id],N/A (page resource; endpoint matrix tracked separately),View,ALLOW (current source policy),NO CONFIGURED NAV ITEM,ALLOW BY CATCH-ALL; PAGE GATE VARIES,Page/layout gate; action and endpoint capabilities require separate rows,Tenant scope required,NOT TESTED,NOT TESTED,NOT TESTED,PARTIAL,apps/web/src/app/(print)/weekly-report/[id]/page.tsx; apps/web/src/lib/operations/nav-config.ts; apps/web/src/lib/protected-route.ts,
sales,Admin & Reports,/admin,N/A (page resource; endpoint matrix tracked separately),View,DENY (current source policy),HIDDEN,DENY/REDIRECT,Page/layout gate; action and endpoint capabilities require separate rows,Tenant scope required,NOT TESTED,NOT TESTED,NOT TESTED,NOT TESTED,apps/web/src/app/(dashboard)/admin/page.tsx; apps/web/src/lib/operations/nav-config.ts; apps/web/src/lib/protected-route.ts,
sales,Admin & Reports,/admin/data-quality,N/A (page resource; endpoint matrix tracked separately),View,DENY (current source policy),PARENT HIDDEN,DENY/REDIRECT,Page/layout gate; action and endpoint capabilities require separate rows,Tenant scope required,NOT TESTED,NOT TESTED,NOT TESTED,NOT TESTED,apps/web/src/app/(dashboard)/admin/data-quality/page.tsx; apps/web/src/lib/operations/nav-config.ts; apps/web/src/lib/protected-route.ts,
sales,Admin & Reports,/admin/mapping-config,N/A (page resource; endpoint matrix tracked separately),View,DENY (current source policy),PARENT HIDDEN,DENY/REDIRECT,Page/layout gate; action and endpoint capabilities require separate rows,Tenant scope required,NOT TESTED,NOT TESTED,NOT TESTED,NOT TESTED,apps/web/src/app/(dashboard)/admin/mapping-config/page.tsx; apps/web/src/lib/operations/nav-config.ts; apps/web/src/lib/protected-route.ts,
sales,Admin & Reports,/admin/material-items,N/A (page resource; endpoint matrix tracked separately),View,DENY (current source policy),PARENT HIDDEN,DENY/REDIRECT,Page/layout gate; action and endpoint capabilities require separate rows,Tenant scope required,NOT TESTED,NOT TESTED,NOT TESTED,NOT TESTED,apps/web/src/app/(dashboard)/admin/material-items/page.tsx; apps/web/src/lib/operations/nav-config.ts; apps/web/src/lib/protected-route.ts,
sales,Admin & Reports,/admin/rate-cards,N/A (page resource; endpoint matrix tracked separately),View,DENY (current source policy),PARENT HIDDEN,DENY/REDIRECT,Page/layout gate; action and endpoint capabilities require separate rows,Tenant scope required,NOT TESTED,NOT TESTED,NOT TESTED,NOT TESTED,apps/web/src/app/(dashboard)/admin/rate-cards/page.tsx; apps/web/src/lib/operations/nav-config.ts; apps/web/src/lib/protected-route.ts,
sales,Admin & Reports,/admin/users,N/A (page resource; endpoint matrix tracked separately),View,DENY (current source policy),PARENT HIDDEN,DENY/REDIRECT,Page/layout gate; action and endpoint capabilities require separate rows,Tenant scope required,NOT TESTED,NOT TESTED,NOT TESTED,NOT TESTED,apps/web/src/app/(dashboard)/admin/users/page.tsx; apps/web/src/lib/operations/nav-config.ts; apps/web/src/lib/protected-route.ts,
sales,Admin & Reports,/admin/users/[id],N/A (page resource; endpoint matrix tracked separately),View,DENY (current source policy),PARENT HIDDEN,DENY/REDIRECT,Page/layout gate; action and endpoint capabilities require separate rows,Tenant scope required,NOT TESTED,NOT TESTED,NOT TESTED,NOT TESTED,apps/web/src/app/(dashboard)/admin/users/[id]/page.tsx; apps/web/src/lib/operations/nav-config.ts; apps/web/src/lib/protected-route.ts,
sales,Admin & Reports,/admin/users/new,N/A (page resource; endpoint matrix tracked separately),View,DENY (current source policy),PARENT HIDDEN,DENY/REDIRECT,Page/layout gate; action and endpoint capabilities require separate rows,Tenant scope required,NOT TESTED,NOT TESTED,NOT TESTED,NOT TESTED,apps/web/src/app/(dashboard)/admin/users/new/page.tsx; apps/web/src/lib/operations/nav-config.ts; apps/web/src/lib/protected-route.ts,
sales,Assets,/assets,N/A (page resource; endpoint matrix tracked separately),View,ALLOW (current source policy),HIDDEN BY CONTROLLED-ROLLOUT FLAG,ALLOW,Page/layout gate; action and endpoint capabilities require separate rows,Tenant scope required,NOT TESTED,NOT TESTED,NOT TESTED,NOT TESTED,apps/web/src/app/(dashboard)/assets/page.tsx; apps/web/src/lib/operations/nav-config.ts; apps/web/src/lib/protected-route.ts,
sales,Assets,/assets/[assetId],N/A (page resource; endpoint matrix tracked separately),View,ALLOW (current source policy),HIDDEN BY CONTROLLED-ROLLOUT FLAG,ALLOW,Page/layout gate; action and endpoint capabilities require separate rows,Tenant scope required,NOT TESTED,NOT TESTED,NOT TESTED,NOT TESTED,apps/web/src/app/(dashboard)/assets/[assetId]/page.tsx; apps/web/src/lib/operations/nav-config.ts; apps/web/src/lib/protected-route.ts,
sales,BOM Engine,/bom,N/A (page resource; endpoint matrix tracked separately),View,DENY (current source policy),HIDDEN,DENY/REDIRECT,Page/layout gate; action and endpoint capabilities require separate rows,Tenant scope required,NOT TESTED,NOT TESTED,NOT TESTED,NOT TESTED,apps/web/src/app/(dashboard)/bom/page.tsx; apps/web/src/lib/operations/nav-config.ts; apps/web/src/lib/protected-route.ts,
sales,Finance & Billing,/claims,N/A (page resource; endpoint matrix tracked separately),View,DENY (current source policy),HIDDEN,DENY/REDIRECT,Page/layout gate; action and endpoint capabilities require separate rows,Tenant scope required,NOT TESTED,NOT TESTED,NOT TESTED,NOT TESTED,apps/web/src/app/(dashboard)/claims/page.tsx; apps/web/src/lib/operations/nav-config.ts; apps/web/src/lib/protected-route.ts,
sales,Finance & Billing,/claims/[id],N/A (page resource; endpoint matrix tracked separately),View,DENY (current source policy),PARENT HIDDEN,DENY/REDIRECT,Page/layout gate; action and endpoint capabilities require separate rows,Tenant scope required,NOT TESTED,NOT TESTED,NOT TESTED,NOT TESTED,apps/web/src/app/(dashboard)/claims/[id]/page.tsx; apps/web/src/lib/operations/nav-config.ts; apps/web/src/lib/protected-route.ts,
sales,Finance & Billing,/claims/new,N/A (page resource; endpoint matrix tracked separately),View,DENY (current source policy),PARENT HIDDEN,DENY/REDIRECT,Page/layout gate; action and endpoint capabilities require separate rows,Tenant scope required,NOT TESTED,NOT TESTED,NOT TESTED,NOT TESTED,apps/web/src/app/(dashboard)/claims/new/page.tsx; apps/web/src/lib/operations/nav-config.ts; apps/web/src/lib/protected-route.ts,
sales,Cortex,/cortex,N/A (page resource; endpoint matrix tracked separately),View,ALLOW (current source policy),VISIBLE,ALLOW,Page/layout gate; action and endpoint capabilities require separate rows,Tenant scope required,NOT TESTED,NOT TESTED,NOT TESTED,NOT TESTED,apps/web/src/app/(dashboard)/cortex/page.tsx; apps/web/src/lib/operations/nav-config.ts; apps/web/src/lib/protected-route.ts,
sales,CRM & Proposal,/crm,N/A (page resource; endpoint matrix tracked separately),View,ALLOW (current source policy),NO CONFIGURED NAV ITEM,ALLOW BY CATCH-ALL; PAGE GATE VARIES,Page/layout gate; action and endpoint capabilities require separate rows,Tenant scope required,NOT TESTED,NOT TESTED,NOT TESTED,PARTIAL,apps/web/src/app/(dashboard)/crm/page.tsx; apps/web/src/lib/operations/nav-config.ts; apps/web/src/lib/protected-route.ts,
sales,CRM & Proposal,/crm/accounts,N/A (page resource; endpoint matrix tracked separately),View,ALLOW (current source policy),VISIBLE,ALLOW,Page/layout gate; action and endpoint capabilities require separate rows,Tenant scope required,NOT TESTED,NOT TESTED,NOT TESTED,NOT TESTED,apps/web/src/app/(dashboard)/crm/accounts/page.tsx; apps/web/src/lib/operations/nav-config.ts; apps/web/src/lib/protected-route.ts,
sales,CRM & Proposal,/crm/accounts/[id],N/A (page resource; endpoint matrix tracked separately),View,ALLOW (current source policy),PARENT VISIBLE,ALLOW,Page/layout gate; action and endpoint capabilities require separate rows,Tenant scope required,NOT TESTED,NOT TESTED,NOT TESTED,NOT TESTED,apps/web/src/app/(dashboard)/crm/accounts/[id]/page.tsx; apps/web/src/lib/operations/nav-config.ts; apps/web/src/lib/protected-route.ts,
sales,CRM & Proposal,/crm/accounts/new,N/A (page resource; endpoint matrix tracked separately),View,ALLOW (current source policy),PARENT VISIBLE,ALLOW,Page/layout gate; action and endpoint capabilities require separate rows,Tenant scope required,NOT TESTED,NOT TESTED,NOT TESTED,NOT TESTED,apps/web/src/app/(dashboard)/crm/accounts/new/page.tsx; apps/web/src/lib/operations/nav-config.ts; apps/web/src/lib/protected-route.ts,
sales,CRM & Proposal,/crm/kyc-queue,N/A (page resource; endpoint matrix tracked separately),View,DENY (current source policy),HIDDEN,DENY/REDIRECT,Page/layout gate; action and endpoint capabilities require separate rows,Tenant scope required,NOT TESTED,NOT TESTED,NOT TESTED,NOT TESTED,apps/web/src/app/(dashboard)/crm/kyc-queue/page.tsx; apps/web/src/lib/operations/nav-config.ts; apps/web/src/lib/protected-route.ts,
sales,CRM & Proposal,/crm/opportunities,N/A (page resource; endpoint matrix tracked separately),View,ALLOW (current source policy),NO CONFIGURED NAV ITEM,ALLOW BY CATCH-ALL; PAGE GATE VARIES,Page/layout gate; action and endpoint capabilities require separate rows,Tenant scope required,NOT TESTED,NOT TESTED,NOT TESTED,PARTIAL,apps/web/src/app/(dashboard)/crm/opportunities/page.tsx; apps/web/src/lib/operations/nav-config.ts; apps/web/src/lib/protected-route.ts,
sales,CRM & Proposal,/crm/opportunities/[id],N/A (page resource; endpoint matrix tracked separately),View,ALLOW (current source policy),NO CONFIGURED NAV ITEM,ALLOW BY CATCH-ALL; PAGE GATE VARIES,Page/layout gate; action and endpoint capabilities require separate rows,Tenant scope required,NOT TESTED,NOT TESTED,NOT TESTED,PARTIAL,apps/web/src/app/(dashboard)/crm/opportunities/[id]/page.tsx; apps/web/src/lib/operations/nav-config.ts; apps/web/src/lib/protected-route.ts,
sales,CRM & Proposal,/crm/opportunities/[id]/proposal,N/A (page resource; endpoint matrix tracked separately),View,ALLOW (current source policy),NO CONFIGURED NAV ITEM,ALLOW BY CATCH-ALL; PAGE GATE VARIES,Page/layout gate; action and endpoint capabilities require separate rows,Tenant scope required,NOT TESTED,NOT TESTED,NOT TESTED,PARTIAL,apps/web/src/app/(dashboard)/crm/opportunities/[id]/proposal/page.tsx; apps/web/src/lib/operations/nav-config.ts; apps/web/src/lib/protected-route.ts,
sales,CRM & Proposal,/crm/opportunities/[id]/proposal/change-requests,N/A (page resource; endpoint matrix tracked separately),View,ALLOW (current source policy),NO CONFIGURED NAV ITEM,ALLOW BY CATCH-ALL; PAGE GATE VARIES,Page/layout gate; action and endpoint capabilities require separate rows,Tenant scope required,NOT TESTED,NOT TESTED,NOT TESTED,PARTIAL,apps/web/src/app/(dashboard)/crm/opportunities/[id]/proposal/change-requests/page.tsx; apps/web/src/lib/operations/nav-config.ts; apps/web/src/lib/protected-route.ts,
sales,CRM & Proposal,/crm/opportunities/[id]/proposal/design,N/A (page resource; endpoint matrix tracked separately),View,ALLOW (current source policy),NO CONFIGURED NAV ITEM,ALLOW BY CATCH-ALL; PAGE GATE VARIES,Page/layout gate; action and endpoint capabilities require separate rows,Tenant scope required,NOT TESTED,NOT TESTED,NOT TESTED,PARTIAL,apps/web/src/app/(dashboard)/crm/opportunities/[id]/proposal/design/page.tsx; apps/web/src/lib/operations/nav-config.ts; apps/web/src/lib/protected-route.ts,
sales,CRM & Proposal,/crm/opportunities/[id]/proposal/inspection,N/A (page resource; endpoint matrix tracked separately),View,ALLOW (current source policy),NO CONFIGURED NAV ITEM,ALLOW BY CATCH-ALL; PAGE GATE VARIES,Page/layout gate; action and endpoint capabilities require separate rows,Tenant scope required,NOT TESTED,NOT TESTED,NOT TESTED,PARTIAL,apps/web/src/app/(dashboard)/crm/opportunities/[id]/proposal/inspection/page.tsx; apps/web/src/lib/operations/nav-config.ts; apps/web/src/lib/protected-route.ts,
sales,CRM & Proposal,/crm/opportunities/[id]/proposal/pprf,N/A (page resource; endpoint matrix tracked separately),View,ALLOW (current source policy),NO CONFIGURED NAV ITEM,ALLOW BY CATCH-ALL; PAGE GATE VARIES,Page/layout gate; action and endpoint capabilities require separate rows,Tenant scope required,NOT TESTED,NOT TESTED,NOT TESTED,PARTIAL,apps/web/src/app/(dashboard)/crm/opportunities/[id]/proposal/pprf/page.tsx; apps/web/src/lib/operations/nav-config.ts; apps/web/src/lib/protected-route.ts,
sales,CRM & Proposal,/crm/opportunities/new/pprf,N/A (page resource; endpoint matrix tracked separately),View,ALLOW (current source policy),NO CONFIGURED NAV ITEM,ALLOW BY CATCH-ALL; PAGE GATE VARIES,Page/layout gate; action and endpoint capabilities require separate rows,Tenant scope required,NOT TESTED,NOT TESTED,NOT TESTED,PARTIAL,apps/web/src/app/(dashboard)/crm/opportunities/new/pprf/page.tsx; apps/web/src/lib/operations/nav-config.ts; apps/web/src/lib/protected-route.ts,
sales,Dashboard,/dashboard,N/A (page resource; endpoint matrix tracked separately),View,ALLOW (current source policy),VISIBLE,ALLOW,Page/layout gate; action and endpoint capabilities require separate rows,Tenant scope required,NOT TESTED,PASSED - real Supabase login and render,NOT TESTED,PARTIAL,apps/web/src/app/(dashboard)/dashboard/page.tsx; isolated Chromium role matrix 2026-09-02,Full route-state and action coverage remains
sales,Documents,/documents,N/A (page resource; endpoint matrix tracked separately),View,ALLOW (current source policy),VISIBLE,ALLOW,Page/layout gate; action and endpoint capabilities require separate rows,Tenant scope required,NOT TESTED,NOT TESTED,NOT TESTED,NOT TESTED,apps/web/src/app/(dashboard)/documents/page.tsx; apps/web/src/lib/operations/nav-config.ts; apps/web/src/lib/protected-route.ts,
sales,Finance,/finance,N/A (page resource; endpoint matrix tracked separately),View,DENY (current source policy),HIDDEN,DENY/REDIRECT,Page/layout gate; action and endpoint capabilities require separate rows,Tenant scope required,NOT TESTED,NOT TESTED,NOT TESTED,NOT TESTED,apps/web/src/app/(dashboard)/finance/page.tsx; apps/web/src/lib/operations/nav-config.ts; apps/web/src/lib/protected-route.ts,
sales,Finance,/finance/cash,N/A (page resource; endpoint matrix tracked separately),View,DENY (current source policy),HIDDEN,DENY/REDIRECT,Page/layout gate; action and endpoint capabilities require separate rows,Tenant scope required,NOT TESTED,NOT TESTED,NOT TESTED,NOT TESTED,apps/web/src/app/(dashboard)/finance/cash/page.tsx; apps/web/src/lib/operations/nav-config.ts; apps/web/src/lib/protected-route.ts,
sales,Finance,/finance/cash/[id],N/A (page resource; endpoint matrix tracked separately),View,DENY (current source policy),PARENT HIDDEN,DENY/REDIRECT,Page/layout gate; action and endpoint capabilities require separate rows,Tenant scope required,NOT TESTED,NOT TESTED,NOT TESTED,NOT TESTED,apps/web/src/app/(dashboard)/finance/cash/[id]/page.tsx; apps/web/src/lib/operations/nav-config.ts; apps/web/src/lib/protected-route.ts,
sales,Finance,/finance/cash/new,N/A (page resource; endpoint matrix tracked separately),View,DENY (current source policy),PARENT HIDDEN,DENY/REDIRECT,Page/layout gate; action and endpoint capabilities require separate rows,Tenant scope required,NOT TESTED,NOT TESTED,NOT TESTED,NOT TESTED,apps/web/src/app/(dashboard)/finance/cash/new/page.tsx; apps/web/src/lib/operations/nav-config.ts; apps/web/src/lib/protected-route.ts,
sales,Finance,/finance/journals/[id],N/A (page resource; endpoint matrix tracked separately),View,DENY (current source policy),PARENT HIDDEN,DENY/REDIRECT,Page/layout gate; action and endpoint capabilities require separate rows,Tenant scope required,NOT TESTED,NOT TESTED,NOT TESTED,NOT TESTED,apps/web/src/app/(dashboard)/finance/journals/[id]/page.tsx; apps/web/src/lib/operations/nav-config.ts; apps/web/src/lib/protected-route.ts,
sales,Finance,/finance/journals/new,N/A (page resource; endpoint matrix tracked separately),View,DENY (current source policy),PARENT HIDDEN,DENY/REDIRECT,Page/layout gate; action and endpoint capabilities require separate rows,Tenant scope required,NOT TESTED,NOT TESTED,NOT TESTED,NOT TESTED,apps/web/src/app/(dashboard)/finance/journals/new/page.tsx; apps/web/src/lib/operations/nav-config.ts; apps/web/src/lib/protected-route.ts,
sales,Finance,/finance/ledger,N/A (page resource; endpoint matrix tracked separately),View,DENY (current source policy),PARENT HIDDEN,DENY/REDIRECT,Page/layout gate; action and endpoint capabilities require separate rows,Tenant scope required,NOT TESTED,NOT TESTED,NOT TESTED,NOT TESTED,apps/web/src/app/(dashboard)/finance/ledger/page.tsx; apps/web/src/lib/operations/nav-config.ts; apps/web/src/lib/protected-route.ts,
sales,Finance,/finance/payables,N/A (page resource; endpoint matrix tracked separately),View,DENY (current source policy),HIDDEN,DENY/REDIRECT,Page/layout gate; action and endpoint capabilities require separate rows,Tenant scope required,NOT TESTED,NOT TESTED,NOT TESTED,NOT TESTED,apps/web/src/app/(dashboard)/finance/payables/page.tsx; apps/web/src/lib/operations/nav-config.ts; apps/web/src/lib/protected-route.ts,
sales,Finance,/finance/payables/[id],N/A (page resource; endpoint matrix tracked separately),View,DENY (current source policy),PARENT HIDDEN,DENY/REDIRECT,Page/layout gate; action and endpoint capabilities require separate rows,Tenant scope required,NOT TESTED,NOT TESTED,NOT TESTED,NOT TESTED,apps/web/src/app/(dashboard)/finance/payables/[id]/page.tsx; apps/web/src/lib/operations/nav-config.ts; apps/web/src/lib/protected-route.ts,
sales,Finance,/finance/payables/[id]/edit,N/A (page resource; endpoint matrix tracked separately),View,DENY (current source policy),PARENT HIDDEN,DENY/REDIRECT,Page/layout gate; action and endpoint capabilities require separate rows,Tenant scope required,NOT TESTED,NOT TESTED,NOT TESTED,NOT TESTED,apps/web/src/app/(dashboard)/finance/payables/[id]/edit/page.tsx; apps/web/src/lib/operations/nav-config.ts; apps/web/src/lib/protected-route.ts,
sales,Finance,/finance/payables/new,N/A (page resource; endpoint matrix tracked separately),View,DENY (current source policy),PARENT HIDDEN,DENY/REDIRECT,Page/layout gate; action and endpoint capabilities require separate rows,Tenant scope required,NOT TESTED,NOT TESTED,NOT TESTED,NOT TESTED,apps/web/src/app/(dashboard)/finance/payables/new/page.tsx; apps/web/src/lib/operations/nav-config.ts; apps/web/src/lib/protected-route.ts,
sales,Finance,/finance/receivables,N/A (page resource; endpoint matrix tracked separately),View,DENY (current source policy),HIDDEN,DENY/REDIRECT,Page/layout gate; action and endpoint capabilities require separate rows,Tenant scope required,NOT TESTED,NOT TESTED,NOT TESTED,NOT TESTED,apps/web/src/app/(dashboard)/finance/receivables/page.tsx; apps/web/src/lib/operations/nav-config.ts; apps/web/src/lib/protected-route.ts,
sales,Finance,/finance/reconciliation,N/A (page resource; endpoint matrix tracked separately),View,DENY (current source policy),HIDDEN,DENY/REDIRECT,Page/layout gate; action and endpoint capabilities require separate rows,Tenant scope required,NOT TESTED,NOT TESTED,NOT TESTED,NOT TESTED,apps/web/src/app/(dashboard)/finance/reconciliation/page.tsx; apps/web/src/lib/operations/nav-config.ts; apps/web/src/lib/protected-route.ts,
sales,Finance,/finance/reconciliation/[id],N/A (page resource; endpoint matrix tracked separately),View,DENY (current source policy),PARENT HIDDEN,DENY/REDIRECT,Page/layout gate; action and endpoint capabilities require separate rows,Tenant scope required,NOT TESTED,NOT TESTED,NOT TESTED,NOT TESTED,apps/web/src/app/(dashboard)/finance/reconciliation/[id]/page.tsx; apps/web/src/lib/operations/nav-config.ts; apps/web/src/lib/protected-route.ts,
sales,Finance,/finance/reconciliation/new,N/A (page resource; endpoint matrix tracked separately),View,DENY (current source policy),PARENT HIDDEN,DENY/REDIRECT,Page/layout gate; action and endpoint capabilities require separate rows,Tenant scope required,NOT TESTED,NOT TESTED,NOT TESTED,NOT TESTED,apps/web/src/app/(dashboard)/finance/reconciliation/new/page.tsx; apps/web/src/lib/operations/nav-config.ts; apps/web/src/lib/protected-route.ts,
sales,Proposal Print,/inspection/[id],N/A (page resource; endpoint matrix tracked separately),View,ALLOW (current source policy),NO CONFIGURED NAV ITEM,ALLOW BY CATCH-ALL; PAGE GATE VARIES,Page/layout gate; action and endpoint capabilities require separate rows,Tenant scope required,NOT TESTED,NOT TESTED,NOT TESTED,PARTIAL,apps/web/src/app/(print)/inspection/[id]/page.tsx; apps/web/src/lib/operations/nav-config.ts; apps/web/src/lib/protected-route.ts,
sales,Inventory,/inventory,N/A (page resource; endpoint matrix tracked separately),View,DENY (current source policy),HIDDEN,DENY/REDIRECT,Page/layout gate; action and endpoint capabilities require separate rows,Tenant scope required,NOT TESTED,NOT TESTED,NOT TESTED,NOT TESTED,apps/web/src/app/(dashboard)/inventory/page.tsx; apps/web/src/lib/operations/nav-config.ts; apps/web/src/lib/protected-route.ts,
sales,Inventory,/inventory/movements,N/A (page resource; endpoint matrix tracked separately),View,DENY (current source policy),PARENT HIDDEN,DENY/REDIRECT,Page/layout gate; action and endpoint capabilities require separate rows,Tenant scope required,NOT TESTED,NOT TESTED,NOT TESTED,NOT TESTED,apps/web/src/app/(dashboard)/inventory/movements/page.tsx; apps/web/src/lib/operations/nav-config.ts; apps/web/src/lib/protected-route.ts,
sales,Inventory,/inventory/movements/[id],N/A (page resource; endpoint matrix tracked separately),View,DENY (current source policy),PARENT HIDDEN,DENY/REDIRECT,Page/layout gate; action and endpoint capabilities require separate rows,Tenant scope required,NOT TESTED,NOT TESTED,NOT TESTED,NOT TESTED,apps/web/src/app/(dashboard)/inventory/movements/[id]/page.tsx; apps/web/src/lib/operations/nav-config.ts; apps/web/src/lib/protected-route.ts,
sales,Inventory,/inventory/movements/new,N/A (page resource; endpoint matrix tracked separately),View,DENY (current source policy),PARENT HIDDEN,DENY/REDIRECT,Page/layout gate; action and endpoint capabilities require separate rows,Tenant scope required,NOT TESTED,NOT TESTED,NOT TESTED,NOT TESTED,apps/web/src/app/(dashboard)/inventory/movements/new/page.tsx; apps/web/src/lib/operations/nav-config.ts; apps/web/src/lib/protected-route.ts,
sales,Inventory,/inventory/receipts,N/A (page resource; endpoint matrix tracked separately),View,DENY (current source policy),PARENT HIDDEN,DENY/REDIRECT,Page/layout gate; action and endpoint capabilities require separate rows,Tenant scope required,NOT TESTED,NOT TESTED,NOT TESTED,NOT TESTED,apps/web/src/app/(dashboard)/inventory/receipts/page.tsx; apps/web/src/lib/operations/nav-config.ts; apps/web/src/lib/protected-route.ts,
sales,Inventory,/inventory/receipts/[id],N/A (page resource; endpoint matrix tracked separately),View,DENY (current source policy),PARENT HIDDEN,DENY/REDIRECT,Page/layout gate; action and endpoint capabilities require separate rows,Tenant scope required,NOT TESTED,NOT TESTED,NOT TESTED,NOT TESTED,apps/web/src/app/(dashboard)/inventory/receipts/[id]/page.tsx; apps/web/src/lib/operations/nav-config.ts; apps/web/src/lib/protected-route.ts,
sales,Inventory,/inventory/receipts/new,N/A (page resource; endpoint matrix tracked separately),View,DENY (current source policy),PARENT HIDDEN,DENY/REDIRECT,Page/layout gate; action and endpoint capabilities require separate rows,Tenant scope required,NOT TESTED,NOT TESTED,NOT TESTED,NOT TESTED,apps/web/src/app/(dashboard)/inventory/receipts/new/page.tsx; apps/web/src/lib/operations/nav-config.ts; apps/web/src/lib/protected-route.ts,
sales,Finance,/invoices,N/A (page resource; endpoint matrix tracked separately),View,DENY (current source policy),HIDDEN,DENY/REDIRECT,Page/layout gate; action and endpoint capabilities require separate rows,Tenant scope required,NOT TESTED,NOT TESTED,NOT TESTED,NOT TESTED,apps/web/src/app/(dashboard)/invoices/page.tsx; apps/web/src/lib/operations/nav-config.ts; apps/web/src/lib/protected-route.ts,
sales,Finance,/invoices/[id],N/A (page resource; endpoint matrix tracked separately),View,DENY (current source policy),PARENT HIDDEN,DENY/REDIRECT,Page/layout gate; action and endpoint capabilities require separate rows,Tenant scope required,NOT TESTED,NOT TESTED,NOT TESTED,NOT TESTED,apps/web/src/app/(dashboard)/invoices/[id]/page.tsx; apps/web/src/lib/operations/nav-config.ts; apps/web/src/lib/protected-route.ts,
sales,Finance,/invoices/[id]/bir2307,N/A (page resource; endpoint matrix tracked separately),View,DENY (current source policy),PARENT HIDDEN,DENY/REDIRECT,Page/layout gate; action and endpoint capabilities require separate rows,Tenant scope required,NOT TESTED,NOT TESTED,NOT TESTED,NOT TESTED,apps/web/src/app/(print)/invoices/[id]/bir2307/page.tsx; apps/web/src/lib/operations/nav-config.ts; apps/web/src/lib/protected-route.ts,
sales,Finance,/invoices/[id]/print,N/A (page resource; endpoint matrix tracked separately),View,DENY (current source policy),PARENT HIDDEN,DENY/REDIRECT,Page/layout gate; action and endpoint capabilities require separate rows,Tenant scope required,NOT TESTED,NOT TESTED,NOT TESTED,NOT TESTED,apps/web/src/app/(print)/invoices/[id]/print/page.tsx; apps/web/src/lib/operations/nav-config.ts; apps/web/src/lib/protected-route.ts,
sales,Pre-Construction,/permits,N/A (page resource; endpoint matrix tracked separately),View,DENY (current source policy),HIDDEN,DENY/REDIRECT,Page/layout gate; action and endpoint capabilities require separate rows,Tenant scope required,NOT TESTED,NOT TESTED,NOT TESTED,NOT TESTED,apps/web/src/app/(dashboard)/permits/page.tsx; apps/web/src/lib/operations/nav-config.ts; apps/web/src/lib/protected-route.ts,
sales,Pipeline,/pipeline,N/A (page resource; endpoint matrix tracked separately),View,ALLOW (current source policy),NO CONFIGURED NAV ITEM,ALLOW BY CATCH-ALL; PAGE GATE VARIES,Page/layout gate; action and endpoint capabilities require separate rows,Tenant scope required,NOT TESTED,NOT TESTED,NOT TESTED,PARTIAL,apps/web/src/app/(dashboard)/pipeline/page.tsx; apps/web/src/lib/operations/nav-config.ts; apps/web/src/lib/protected-route.ts,
sales,Pipeline,/pipeline/board,N/A (page resource; endpoint matrix tracked separately),View,ALLOW (current source policy),VISIBLE,ALLOW,Page/layout gate; action and endpoint capabilities require separate rows,Tenant scope required,NOT TESTED,NOT TESTED,NOT TESTED,NOT TESTED,apps/web/src/app/(dashboard)/pipeline/board/page.tsx; apps/web/src/lib/operations/nav-config.ts; apps/web/src/lib/protected-route.ts,
sales,Pipeline,/pipeline/conversion,N/A (page resource; endpoint matrix tracked separately),View,ALLOW (current source policy),NO CONFIGURED NAV ITEM,ALLOW BY CATCH-ALL; PAGE GATE VARIES,Page/layout gate; action and endpoint capabilities require separate rows,Tenant scope required,NOT TESTED,NOT TESTED,NOT TESTED,PARTIAL,apps/web/src/app/(dashboard)/pipeline/conversion/page.tsx; apps/web/src/lib/operations/nav-config.ts; apps/web/src/lib/protected-route.ts,
sales,Process & SLA,/process,N/A (page resource; endpoint matrix tracked separately),View,ALLOW (current source policy),VISIBLE,ALLOW,Page/layout gate; action and endpoint capabilities require separate rows,Tenant scope required,NOT TESTED,NOT TESTED,NOT TESTED,NOT TESTED,apps/web/src/app/(dashboard)/process/page.tsx; apps/web/src/lib/operations/nav-config.ts; apps/web/src/lib/protected-route.ts,
sales,Procurement,/procurement,N/A (page resource; endpoint matrix tracked separately),View,ALLOW (current source policy),NO CONFIGURED NAV ITEM,ALLOW BY CATCH-ALL; PAGE GATE VARIES,Page/layout gate; action and endpoint capabilities require separate rows,Tenant scope required,NOT TESTED,NOT TESTED,NOT TESTED,PARTIAL,apps/web/src/app/(dashboard)/procurement/page.tsx; apps/web/src/lib/operations/nav-config.ts; apps/web/src/lib/protected-route.ts,
sales,Procurement,/procurement/deliveries,N/A (page resource; endpoint matrix tracked separately),View,DENY (current source policy),HIDDEN,DENY/REDIRECT,Page/layout gate; action and endpoint capabilities require separate rows,Tenant scope required,NOT TESTED,NOT TESTED,NOT TESTED,NOT TESTED,apps/web/src/app/(dashboard)/procurement/deliveries/page.tsx; apps/web/src/lib/operations/nav-config.ts; apps/web/src/lib/protected-route.ts,
sales,Procurement,/procurement/deliveries/[id],N/A (page resource; endpoint matrix tracked separately),View,DENY (current source policy),PARENT HIDDEN,DENY/REDIRECT,Page/layout gate; action and endpoint capabilities require separate rows,Tenant scope required,NOT TESTED,NOT TESTED,NOT TESTED,NOT TESTED,apps/web/src/app/(dashboard)/procurement/deliveries/[id]/page.tsx; apps/web/src/lib/operations/nav-config.ts; apps/web/src/lib/protected-route.ts,
sales,Procurement,/procurement/deliveries/new,N/A (page resource; endpoint matrix tracked separately),View,DENY (current source policy),PARENT HIDDEN,DENY/REDIRECT,Page/layout gate; action and endpoint capabilities require separate rows,Tenant scope required,NOT TESTED,NOT TESTED,NOT TESTED,NOT TESTED,apps/web/src/app/(dashboard)/procurement/deliveries/new/page.tsx; apps/web/src/lib/operations/nav-config.ts; apps/web/src/lib/protected-route.ts,
sales,Procurement,/procurement/rfqs,N/A (page resource; endpoint matrix tracked separately),View,DENY (current source policy),HIDDEN,DENY/REDIRECT,Page/layout gate; action and endpoint capabilities require separate rows,Tenant scope required,NOT TESTED,NOT TESTED,NOT TESTED,NOT TESTED,apps/web/src/app/(dashboard)/procurement/rfqs/page.tsx; apps/web/src/lib/operations/nav-config.ts; apps/web/src/lib/protected-route.ts,
sales,Procurement,/procurement/rfqs/[id],N/A (page resource; endpoint matrix tracked separately),View,DENY (current source policy),PARENT HIDDEN,DENY/REDIRECT,Page/layout gate; action and endpoint capabilities require separate rows,Tenant scope required,NOT TESTED,NOT TESTED,NOT TESTED,NOT TESTED,apps/web/src/app/(dashboard)/procurement/rfqs/[id]/page.tsx; apps/web/src/lib/operations/nav-config.ts; apps/web/src/lib/protected-route.ts,
sales,Projects,/projects,N/A (page resource; endpoint matrix tracked separately),View,ALLOW (current source policy),VISIBLE,ALLOW,Page/layout gate; action and endpoint capabilities require separate rows,Tenant scope required,NOT TESTED,NOT TESTED,NOT TESTED,NOT TESTED,apps/web/src/app/(dashboard)/projects/page.tsx; apps/web/src/lib/operations/nav-config.ts; apps/web/src/lib/protected-route.ts,
sales,Projects,/projects/[id],N/A (page resource; endpoint matrix tracked separately),View,ALLOW (current source policy),PARENT VISIBLE,ALLOW,Page/layout gate; action and endpoint capabilities require separate rows,Tenant scope required,NOT TESTED,NOT TESTED,NOT TESTED,NOT TESTED,apps/web/src/app/(dashboard)/projects/[id]/page.tsx; apps/web/src/lib/operations/nav-config.ts; apps/web/src/lib/protected-route.ts,
sales,Projects,/projects/[id]/access,N/A (page resource; endpoint matrix tracked separately),View,ALLOW (current source policy),PARENT VISIBLE,ALLOW,Page/layout gate; action and endpoint capabilities require separate rows,Tenant scope required,NOT TESTED,NOT TESTED,NOT TESTED,NOT TESTED,apps/web/src/app/(dashboard)/projects/[id]/access/page.tsx; apps/web/src/lib/operations/nav-config.ts; apps/web/src/lib/protected-route.ts,
sales,Projects,/projects/[id]/audit,N/A (page resource; endpoint matrix tracked separately),View,DENY (audit.read policy),AUDIT TAB HIDDEN,DENY/NOT FOUND,Project detail projection plus audit.read route gate,Tenant and requested project scope,PASSED - all-role projection and route tests,PASSED - direct audit denial,NOT RUN,PARTIAL,project-detail-access.test.tsx; project-sensitive-routes.test.tsx; isolated Chromium 2026-09-03,Database-backed budget trigger not exercised in the broader project-detail slice
sales,Projects,/projects/[id]/billing,N/A (page resource; endpoint matrix tracked separately),View,ALLOW (current source policy),PARENT VISIBLE,ALLOW,Page/layout gate; action and endpoint capabilities require separate rows,Tenant scope required,NOT TESTED,NOT TESTED,NOT TESTED,NOT TESTED,apps/web/src/app/(dashboard)/projects/[id]/billing/page.tsx; apps/web/src/lib/operations/nav-config.ts; apps/web/src/lib/protected-route.ts,
sales,Projects,/projects/[id]/bom,N/A (page resource; endpoint matrix tracked separately),View,ALLOW (current source policy),PARENT VISIBLE,ALLOW,Page/layout gate; action and endpoint capabilities require separate rows,Tenant scope required,NOT TESTED,NOT TESTED,NOT TESTED,NOT TESTED,apps/web/src/app/(dashboard)/projects/[id]/bom/page.tsx; apps/web/src/lib/operations/nav-config.ts; apps/web/src/lib/protected-route.ts,
sales,Projects,/projects/[id]/bom/togal,N/A (page resource; endpoint matrix tracked separately),View,ALLOW (current source policy),PARENT VISIBLE,ALLOW,Page/layout gate; action and endpoint capabilities require separate rows,Tenant scope required,NOT TESTED,NOT TESTED,NOT TESTED,NOT TESTED,apps/web/src/app/(dashboard)/projects/[id]/bom/togal/page.tsx; apps/web/src/lib/operations/nav-config.ts; apps/web/src/lib/protected-route.ts,
sales,Projects,/projects/[id]/checklist,N/A (page resource; endpoint matrix tracked separately),View,ALLOW (current source policy),PARENT VISIBLE,ALLOW,Page/layout gate; action and endpoint capabilities require separate rows,Tenant scope required,NOT TESTED,NOT TESTED,NOT TESTED,NOT TESTED,apps/web/src/app/(dashboard)/projects/[id]/checklist/page.tsx; apps/web/src/lib/operations/nav-config.ts; apps/web/src/lib/protected-route.ts,
sales,Projects,/projects/[id]/coc,N/A (page resource; endpoint matrix tracked separately),View,ALLOW (current source policy),PARENT VISIBLE,ALLOW,Page/layout gate; action and endpoint capabilities require separate rows,Tenant scope required,NOT TESTED,NOT TESTED,NOT TESTED,NOT TESTED,apps/web/src/app/(dashboard)/projects/[id]/coc/page.tsx; apps/web/src/lib/operations/nav-config.ts; apps/web/src/lib/protected-route.ts,
sales,Projects,/projects/[id]/comments,N/A (page resource; endpoint matrix tracked separately),View,ALLOW (current source policy),PARENT VISIBLE,ALLOW,Page/layout gate; action and endpoint capabilities require separate rows,Tenant scope required,NOT TESTED,NOT TESTED,NOT TESTED,NOT TESTED,apps/web/src/app/(dashboard)/projects/[id]/comments/page.tsx; apps/web/src/lib/operations/nav-config.ts; apps/web/src/lib/protected-route.ts,
sales,Projects,/projects/[id]/cost,N/A (page resource; endpoint matrix tracked separately),View,ALLOW (current source policy),PARENT VISIBLE,ALLOW,Page/layout gate; action and endpoint capabilities require separate rows,Tenant scope required,NOT TESTED,NOT TESTED,NOT TESTED,NOT TESTED,apps/web/src/app/(dashboard)/projects/[id]/cost/page.tsx; apps/web/src/lib/operations/nav-config.ts; apps/web/src/lib/protected-route.ts,
sales,Projects,/projects/[id]/cost/budget,N/A (page resource; endpoint matrix tracked separately),View,ALLOW (current source policy),PARENT VISIBLE,ALLOW,Page/layout gate; action and endpoint capabilities require separate rows,Tenant scope required,NOT TESTED,NOT TESTED,NOT TESTED,NOT TESTED,apps/web/src/app/(dashboard)/projects/[id]/cost/budget/page.tsx; apps/web/src/lib/operations/nav-config.ts; apps/web/src/lib/protected-route.ts,
sales,Projects,/projects/[id]/documents,N/A (page resource; endpoint matrix tracked separately),View,ALLOW (current source policy),PARENT VISIBLE,ALLOW,Page/layout gate; action and endpoint capabilities require separate rows,Tenant scope required,NOT TESTED,NOT TESTED,NOT TESTED,NOT TESTED,apps/web/src/app/(dashboard)/projects/[id]/documents/page.tsx; apps/web/src/lib/operations/nav-config.ts; apps/web/src/lib/protected-route.ts,
sales,Projects,/projects/[id]/permits,N/A (page resource; endpoint matrix tracked separately),View,ALLOW (current source policy),PARENT VISIBLE,ALLOW,Page/layout gate; action and endpoint capabilities require separate rows,Tenant scope required,NOT TESTED,NOT TESTED,NOT TESTED,NOT TESTED,apps/web/src/app/(dashboard)/projects/[id]/permits/page.tsx; apps/web/src/lib/operations/nav-config.ts; apps/web/src/lib/protected-route.ts,
sales,Projects,/projects/[id]/progress,N/A (page resource; endpoint matrix tracked separately),View,ALLOW (current source policy),PARENT VISIBLE,ALLOW,Page/layout gate; action and endpoint capabilities require separate rows,Tenant scope required,NOT TESTED,NOT TESTED,NOT TESTED,NOT TESTED,apps/web/src/app/(dashboard)/projects/[id]/progress/page.tsx; apps/web/src/lib/operations/nav-config.ts; apps/web/src/lib/protected-route.ts,
sales,Projects,/projects/[id]/reports,N/A (page resource; endpoint matrix tracked separately),View,ALLOW (current source policy),PARENT VISIBLE,ALLOW,Page/layout gate; action and endpoint capabilities require separate rows,Tenant scope required,NOT TESTED,NOT TESTED,NOT TESTED,NOT TESTED,apps/web/src/app/(dashboard)/projects/[id]/reports/page.tsx; apps/web/src/lib/operations/nav-config.ts; apps/web/src/lib/protected-route.ts,
sales,Projects,/projects/[id]/scope,N/A (page resource; endpoint matrix tracked separately),View,ALLOW (current source policy),PARENT VISIBLE,ALLOW,Page/layout gate; action and endpoint capabilities require separate rows,Tenant scope required,NOT TESTED,NOT TESTED,NOT TESTED,NOT TESTED,apps/web/src/app/(dashboard)/projects/[id]/scope/page.tsx; apps/web/src/lib/operations/nav-config.ts; apps/web/src/lib/protected-route.ts,
sales,Projects,/projects/[id]/turnover,N/A (page resource; endpoint matrix tracked separately),View,ALLOW (current source policy),PARENT VISIBLE,ALLOW,Page/layout gate; action and endpoint capabilities require separate rows,Tenant scope required,NOT TESTED,NOT TESTED,NOT TESTED,NOT TESTED,apps/web/src/app/(dashboard)/projects/[id]/turnover/page.tsx; apps/web/src/lib/operations/nav-config.ts; apps/web/src/lib/protected-route.ts,
sales,Projects,/projects/[id]/vos,N/A (page resource; endpoint matrix tracked separately),View,ALLOW (current source policy),PARENT VISIBLE,ALLOW,Page/layout gate; action and endpoint capabilities require separate rows,Tenant scope required,NOT TESTED,NOT TESTED,NOT TESTED,NOT TESTED,apps/web/src/app/(dashboard)/projects/[id]/vos/page.tsx; apps/web/src/lib/operations/nav-config.ts; apps/web/src/lib/protected-route.ts,
sales,Projects,/projects/[id]/vos/[voId],N/A (page resource; endpoint matrix tracked separately),View,ALLOW (current source policy),PARENT VISIBLE,ALLOW,Page/layout gate; action and endpoint capabilities require separate rows,Tenant scope required,NOT TESTED,NOT TESTED,NOT TESTED,NOT TESTED,apps/web/src/app/(dashboard)/projects/[id]/vos/[voId]/page.tsx; apps/web/src/lib/operations/nav-config.ts; apps/web/src/lib/protected-route.ts,
sales,Projects,/projects/new,N/A (page resource; endpoint matrix tracked separately),View,ALLOW (current source policy),PARENT VISIBLE,ALLOW,Page/layout gate; action and endpoint capabilities require separate rows,Tenant scope required,NOT TESTED,NOT TESTED,NOT TESTED,NOT TESTED,apps/web/src/app/(dashboard)/projects/new/page.tsx; apps/web/src/lib/operations/nav-config.ts; apps/web/src/lib/protected-route.ts,
sales,Post-Construction,/punchlist,N/A (page resource; endpoint matrix tracked separately),View,DENY (current source policy),HIDDEN,DENY/REDIRECT,Page/layout gate; action and endpoint capabilities require separate rows,Tenant scope required,NOT TESTED,NOT TESTED,NOT TESTED,NOT TESTED,apps/web/src/app/(dashboard)/punchlist/page.tsx; apps/web/src/lib/operations/nav-config.ts; apps/web/src/lib/protected-route.ts,
sales,Post-Construction,/punchlist/[id],N/A (page resource; endpoint matrix tracked separately),View,DENY (current source policy),PARENT HIDDEN,DENY/REDIRECT,Page/layout gate; action and endpoint capabilities require separate rows,Tenant scope required,NOT TESTED,NOT TESTED,NOT TESTED,NOT TESTED,apps/web/src/app/(dashboard)/punchlist/[id]/page.tsx; apps/web/src/lib/operations/nav-config.ts; apps/web/src/lib/protected-route.ts,
sales,Post-Construction,/punchlist/new,N/A (page resource; endpoint matrix tracked separately),View,DENY (current source policy),PARENT HIDDEN,DENY/REDIRECT,Page/layout gate; action and endpoint capabilities require separate rows,Tenant scope required,NOT TESTED,NOT TESTED,NOT TESTED,NOT TESTED,apps/web/src/app/(dashboard)/punchlist/new/page.tsx; apps/web/src/lib/operations/nav-config.ts; apps/web/src/lib/protected-route.ts,
sales,Procurement,/purchase-orders,N/A (page resource; endpoint matrix tracked separately),View,DENY (current source policy),HIDDEN,DENY/REDIRECT,Page/layout gate; action and endpoint capabilities require separate rows,Tenant scope required,NOT TESTED,NOT TESTED,NOT TESTED,NOT TESTED,apps/web/src/app/(dashboard)/purchase-orders/page.tsx; apps/web/src/lib/operations/nav-config.ts; apps/web/src/lib/protected-route.ts,
sales,Procurement,/purchase-orders/[id],N/A (page resource; endpoint matrix tracked separately),View,DENY (current source policy),PARENT HIDDEN,DENY/REDIRECT,Page/layout gate; action and endpoint capabilities require separate rows,Tenant scope required,NOT TESTED,NOT TESTED,NOT TESTED,NOT TESTED,apps/web/src/app/(dashboard)/purchase-orders/[id]/page.tsx; apps/web/src/lib/operations/nav-config.ts; apps/web/src/lib/protected-route.ts,
sales,Procurement,/purchase-orders/[id]/print,N/A (page resource; endpoint matrix tracked separately),View,DENY (current source policy),PARENT HIDDEN,DENY/REDIRECT,Page/layout gate; action and endpoint capabilities require separate rows,Tenant scope required,NOT TESTED,NOT TESTED,NOT TESTED,NOT TESTED,apps/web/src/app/(print)/purchase-orders/[id]/print/page.tsx; apps/web/src/lib/operations/nav-config.ts; apps/web/src/lib/protected-route.ts,
sales,Admin & Reports,/reports,N/A (page resource; endpoint matrix tracked separately),View,ALLOW (current source policy),VISIBLE,ALLOW,Page/layout gate; action and endpoint capabilities require separate rows,Tenant scope required,NOT TESTED,NOT TESTED,NOT TESTED,NOT TESTED,apps/web/src/app/(dashboard)/reports/page.tsx; apps/web/src/lib/operations/nav-config.ts; apps/web/src/lib/protected-route.ts,
sales,Settings & Profile,/settings,N/A (page resource; endpoint matrix tracked separately),View,ALLOW (current source policy),VISIBLE,ALLOW,Page/layout gate; action and endpoint capabilities require separate rows,Tenant scope required,NOT TESTED,NOT TESTED,NOT TESTED,NOT TESTED,apps/web/src/app/(dashboard)/settings/page.tsx; apps/web/src/lib/operations/nav-config.ts; apps/web/src/lib/protected-route.ts,
sales,Construction Cadence,/tasks,N/A (page resource; endpoint matrix tracked separately),View,ALLOW (current source policy),VISIBLE,ALLOW,Page/layout gate; action and endpoint capabilities require separate rows,Tenant scope required,NOT TESTED,NOT TESTED,NOT TESTED,NOT TESTED,apps/web/src/app/(dashboard)/tasks/page.tsx; apps/web/src/lib/operations/nav-config.ts; apps/web/src/lib/protected-route.ts,
sales,Warranty & CX,/warranty,N/A (page resource; endpoint matrix tracked separately),View,DENY (current source policy),HIDDEN,DENY/REDIRECT,Page/layout gate; action and endpoint capabilities require separate rows,Tenant scope required,NOT TESTED,NOT TESTED,NOT TESTED,NOT TESTED,apps/web/src/app/(dashboard)/warranty/page.tsx; apps/web/src/lib/operations/nav-config.ts; apps/web/src/lib/protected-route.ts,
sales,Warranty & CX,/warranty/[id],N/A (page resource; endpoint matrix tracked separately),View,DENY (current source policy),PARENT HIDDEN,DENY/REDIRECT,Page/layout gate; action and endpoint capabilities require separate rows,Tenant scope required,NOT TESTED,NOT TESTED,NOT TESTED,NOT TESTED,apps/web/src/app/(dashboard)/warranty/[id]/page.tsx; apps/web/src/lib/operations/nav-config.ts; apps/web/src/lib/protected-route.ts,
sales,Warranty & CX,/warranty/cnps,N/A (page resource; endpoint matrix tracked separately),View,DENY (current source policy),HIDDEN,DENY/REDIRECT,Page/layout gate; action and endpoint capabilities require separate rows,Tenant scope required,NOT TESTED,NOT TESTED,NOT TESTED,NOT TESTED,apps/web/src/app/(dashboard)/warranty/cnps/page.tsx; apps/web/src/lib/operations/nav-config.ts; apps/web/src/lib/protected-route.ts,
sales,Construction Cadence,/weekly-report/[id],N/A (page resource; endpoint matrix tracked separately),View,ALLOW (current source policy),NO CONFIGURED NAV ITEM,ALLOW BY CATCH-ALL; PAGE GATE VARIES,Page/layout gate; action and endpoint capabilities require separate rows,Tenant scope required,NOT TESTED,NOT TESTED,NOT TESTED,PARTIAL,apps/web/src/app/(print)/weekly-report/[id]/page.tsx; apps/web/src/lib/operations/nav-config.ts; apps/web/src/lib/protected-route.ts,
commercial,Admin & Reports,/admin,N/A (page resource; endpoint matrix tracked separately),View,ALLOW (current source policy),VISIBLE,ALLOW,Page/layout gate; action and endpoint capabilities require separate rows,Tenant scope required,NOT TESTED,NOT TESTED,NOT TESTED,NOT TESTED,apps/web/src/app/(dashboard)/admin/page.tsx; apps/web/src/lib/operations/nav-config.ts; apps/web/src/lib/protected-route.ts,
commercial,Admin & Reports,/admin/data-quality,N/A (page resource; endpoint matrix tracked separately),View,ALLOW (current source policy),PARENT VISIBLE,ALLOW,Page/layout gate; action and endpoint capabilities require separate rows,Tenant scope required,NOT TESTED,NOT TESTED,NOT TESTED,NOT TESTED,apps/web/src/app/(dashboard)/admin/data-quality/page.tsx; apps/web/src/lib/operations/nav-config.ts; apps/web/src/lib/protected-route.ts,
commercial,Admin & Reports,/admin/mapping-config,N/A (page resource; endpoint matrix tracked separately),View,ALLOW (current source policy),PARENT VISIBLE,ALLOW,Page/layout gate; action and endpoint capabilities require separate rows,Tenant scope required,NOT TESTED,NOT TESTED,NOT TESTED,NOT TESTED,apps/web/src/app/(dashboard)/admin/mapping-config/page.tsx; apps/web/src/lib/operations/nav-config.ts; apps/web/src/lib/protected-route.ts,
commercial,Admin & Reports,/admin/material-items,N/A (page resource; endpoint matrix tracked separately),View,ALLOW (current source policy),PARENT VISIBLE,ALLOW,Page/layout gate; action and endpoint capabilities require separate rows,Tenant scope required,NOT TESTED,NOT TESTED,NOT TESTED,NOT TESTED,apps/web/src/app/(dashboard)/admin/material-items/page.tsx; apps/web/src/lib/operations/nav-config.ts; apps/web/src/lib/protected-route.ts,
commercial,Admin & Reports,/admin/rate-cards,N/A (page resource; endpoint matrix tracked separately),View,ALLOW (current source policy),PARENT VISIBLE,ALLOW,Page/layout gate; action and endpoint capabilities require separate rows,Tenant scope required,NOT TESTED,NOT TESTED,NOT TESTED,NOT TESTED,apps/web/src/app/(dashboard)/admin/rate-cards/page.tsx; apps/web/src/lib/operations/nav-config.ts; apps/web/src/lib/protected-route.ts,
commercial,Admin & Reports,/admin/users,N/A (page resource; endpoint matrix tracked separately),View,ALLOW (current source policy),PARENT VISIBLE,ALLOW,Page/layout gate; action and endpoint capabilities require separate rows,Tenant scope required,NOT TESTED,NOT TESTED,NOT TESTED,NOT TESTED,apps/web/src/app/(dashboard)/admin/users/page.tsx; apps/web/src/lib/operations/nav-config.ts; apps/web/src/lib/protected-route.ts,
commercial,Admin & Reports,/admin/users/[id],N/A (page resource; endpoint matrix tracked separately),View,ALLOW (current source policy),PARENT VISIBLE,ALLOW,Page/layout gate; action and endpoint capabilities require separate rows,Tenant scope required,NOT TESTED,NOT TESTED,NOT TESTED,NOT TESTED,apps/web/src/app/(dashboard)/admin/users/[id]/page.tsx; apps/web/src/lib/operations/nav-config.ts; apps/web/src/lib/protected-route.ts,
commercial,Admin & Reports,/admin/users/new,N/A (page resource; endpoint matrix tracked separately),View,ALLOW (current source policy),PARENT VISIBLE,ALLOW,Page/layout gate; action and endpoint capabilities require separate rows,Tenant scope required,NOT TESTED,NOT TESTED,NOT TESTED,NOT TESTED,apps/web/src/app/(dashboard)/admin/users/new/page.tsx; apps/web/src/lib/operations/nav-config.ts; apps/web/src/lib/protected-route.ts,
commercial,Assets,/assets,N/A (page resource; endpoint matrix tracked separately),View,ALLOW (current source policy),HIDDEN BY CONTROLLED-ROLLOUT FLAG,ALLOW,Page/layout gate; action and endpoint capabilities require separate rows,Tenant scope required,NOT TESTED,NOT TESTED,NOT TESTED,NOT TESTED,apps/web/src/app/(dashboard)/assets/page.tsx; apps/web/src/lib/operations/nav-config.ts; apps/web/src/lib/protected-route.ts,
commercial,Assets,/assets/[assetId],N/A (page resource; endpoint matrix tracked separately),View,ALLOW (current source policy),HIDDEN BY CONTROLLED-ROLLOUT FLAG,ALLOW,Page/layout gate; action and endpoint capabilities require separate rows,Tenant scope required,NOT TESTED,NOT TESTED,NOT TESTED,NOT TESTED,apps/web/src/app/(dashboard)/assets/[assetId]/page.tsx; apps/web/src/lib/operations/nav-config.ts; apps/web/src/lib/protected-route.ts,
commercial,BOM Engine,/bom,N/A (page resource; endpoint matrix tracked separately),View,ALLOW (current source policy),VISIBLE,ALLOW,Page/layout gate; action and endpoint capabilities require separate rows,Tenant scope required,NOT TESTED,NOT TESTED,NOT TESTED,NOT TESTED,apps/web/src/app/(dashboard)/bom/page.tsx; apps/web/src/lib/operations/nav-config.ts; apps/web/src/lib/protected-route.ts,
commercial,Finance & Billing,/claims,N/A (page resource; endpoint matrix tracked separately),View,ALLOW (current source policy),VISIBLE,ALLOW,Page/layout gate; action and endpoint capabilities require separate rows,Tenant scope required,NOT TESTED,NOT TESTED,NOT TESTED,NOT TESTED,apps/web/src/app/(dashboard)/claims/page.tsx; apps/web/src/lib/operations/nav-config.ts; apps/web/src/lib/protected-route.ts,
commercial,Finance & Billing,/claims/[id],N/A (page resource; endpoint matrix tracked separately),View,ALLOW (current source policy),PARENT VISIBLE,ALLOW,Page/layout gate; action and endpoint capabilities require separate rows,Tenant scope required,NOT TESTED,NOT TESTED,NOT TESTED,NOT TESTED,apps/web/src/app/(dashboard)/claims/[id]/page.tsx; apps/web/src/lib/operations/nav-config.ts; apps/web/src/lib/protected-route.ts,
commercial,Finance & Billing,/claims/new,N/A (page resource; endpoint matrix tracked separately),View,ALLOW (current source policy),PARENT VISIBLE,ALLOW,Page/layout gate; action and endpoint capabilities require separate rows,Tenant scope required,NOT TESTED,NOT TESTED,NOT TESTED,NOT TESTED,apps/web/src/app/(dashboard)/claims/new/page.tsx; apps/web/src/lib/operations/nav-config.ts; apps/web/src/lib/protected-route.ts,
commercial,Cortex,/cortex,N/A (page resource; endpoint matrix tracked separately),View,ALLOW (current source policy),VISIBLE,ALLOW,Page/layout gate; action and endpoint capabilities require separate rows,Tenant scope required,NOT TESTED,NOT TESTED,NOT TESTED,NOT TESTED,apps/web/src/app/(dashboard)/cortex/page.tsx; apps/web/src/lib/operations/nav-config.ts; apps/web/src/lib/protected-route.ts,
commercial,CRM & Proposal,/crm,N/A (page resource; endpoint matrix tracked separately),View,ALLOW (current source policy),NO CONFIGURED NAV ITEM,ALLOW BY CATCH-ALL; PAGE GATE VARIES,Page/layout gate; action and endpoint capabilities require separate rows,Tenant scope required,NOT TESTED,NOT TESTED,NOT TESTED,PARTIAL,apps/web/src/app/(dashboard)/crm/page.tsx; apps/web/src/lib/operations/nav-config.ts; apps/web/src/lib/protected-route.ts,
commercial,CRM & Proposal,/crm/accounts,N/A (page resource; endpoint matrix tracked separately),View,ALLOW (current source policy),VISIBLE,ALLOW,Page/layout gate; action and endpoint capabilities require separate rows,Tenant scope required,NOT TESTED,NOT TESTED,NOT TESTED,NOT TESTED,apps/web/src/app/(dashboard)/crm/accounts/page.tsx; apps/web/src/lib/operations/nav-config.ts; apps/web/src/lib/protected-route.ts,
commercial,CRM & Proposal,/crm/accounts/[id],N/A (page resource; endpoint matrix tracked separately),View,ALLOW (current source policy),PARENT VISIBLE,ALLOW,Page/layout gate; action and endpoint capabilities require separate rows,Tenant scope required,NOT TESTED,NOT TESTED,NOT TESTED,NOT TESTED,apps/web/src/app/(dashboard)/crm/accounts/[id]/page.tsx; apps/web/src/lib/operations/nav-config.ts; apps/web/src/lib/protected-route.ts,
commercial,CRM & Proposal,/crm/accounts/new,N/A (page resource; endpoint matrix tracked separately),View,ALLOW (current source policy),PARENT VISIBLE,ALLOW,Page/layout gate; action and endpoint capabilities require separate rows,Tenant scope required,NOT TESTED,NOT TESTED,NOT TESTED,NOT TESTED,apps/web/src/app/(dashboard)/crm/accounts/new/page.tsx; apps/web/src/lib/operations/nav-config.ts; apps/web/src/lib/protected-route.ts,
commercial,CRM & Proposal,/crm/kyc-queue,N/A (page resource; endpoint matrix tracked separately),View,DENY (current source policy),HIDDEN,DENY/REDIRECT,Page/layout gate; action and endpoint capabilities require separate rows,Tenant scope required,NOT TESTED,NOT TESTED,NOT TESTED,NOT TESTED,apps/web/src/app/(dashboard)/crm/kyc-queue/page.tsx; apps/web/src/lib/operations/nav-config.ts; apps/web/src/lib/protected-route.ts,
commercial,CRM & Proposal,/crm/opportunities,N/A (page resource; endpoint matrix tracked separately),View,ALLOW (current source policy),NO CONFIGURED NAV ITEM,ALLOW BY CATCH-ALL; PAGE GATE VARIES,Page/layout gate; action and endpoint capabilities require separate rows,Tenant scope required,NOT TESTED,NOT TESTED,NOT TESTED,PARTIAL,apps/web/src/app/(dashboard)/crm/opportunities/page.tsx; apps/web/src/lib/operations/nav-config.ts; apps/web/src/lib/protected-route.ts,
commercial,CRM & Proposal,/crm/opportunities/[id],N/A (page resource; endpoint matrix tracked separately),View,ALLOW (current source policy),NO CONFIGURED NAV ITEM,ALLOW BY CATCH-ALL; PAGE GATE VARIES,Page/layout gate; action and endpoint capabilities require separate rows,Tenant scope required,NOT TESTED,NOT TESTED,NOT TESTED,PARTIAL,apps/web/src/app/(dashboard)/crm/opportunities/[id]/page.tsx; apps/web/src/lib/operations/nav-config.ts; apps/web/src/lib/protected-route.ts,
commercial,CRM & Proposal,/crm/opportunities/[id]/proposal,N/A (page resource; endpoint matrix tracked separately),View,ALLOW (current source policy),NO CONFIGURED NAV ITEM,ALLOW BY CATCH-ALL; PAGE GATE VARIES,Page/layout gate; action and endpoint capabilities require separate rows,Tenant scope required,NOT TESTED,NOT TESTED,NOT TESTED,PARTIAL,apps/web/src/app/(dashboard)/crm/opportunities/[id]/proposal/page.tsx; apps/web/src/lib/operations/nav-config.ts; apps/web/src/lib/protected-route.ts,
commercial,CRM & Proposal,/crm/opportunities/[id]/proposal/change-requests,N/A (page resource; endpoint matrix tracked separately),View,ALLOW (current source policy),NO CONFIGURED NAV ITEM,ALLOW BY CATCH-ALL; PAGE GATE VARIES,Page/layout gate; action and endpoint capabilities require separate rows,Tenant scope required,NOT TESTED,NOT TESTED,NOT TESTED,PARTIAL,apps/web/src/app/(dashboard)/crm/opportunities/[id]/proposal/change-requests/page.tsx; apps/web/src/lib/operations/nav-config.ts; apps/web/src/lib/protected-route.ts,
commercial,CRM & Proposal,/crm/opportunities/[id]/proposal/design,N/A (page resource; endpoint matrix tracked separately),View,ALLOW (current source policy),NO CONFIGURED NAV ITEM,ALLOW BY CATCH-ALL; PAGE GATE VARIES,Page/layout gate; action and endpoint capabilities require separate rows,Tenant scope required,NOT TESTED,NOT TESTED,NOT TESTED,PARTIAL,apps/web/src/app/(dashboard)/crm/opportunities/[id]/proposal/design/page.tsx; apps/web/src/lib/operations/nav-config.ts; apps/web/src/lib/protected-route.ts,
commercial,CRM & Proposal,/crm/opportunities/[id]/proposal/inspection,N/A (page resource; endpoint matrix tracked separately),View,ALLOW (current source policy),NO CONFIGURED NAV ITEM,ALLOW BY CATCH-ALL; PAGE GATE VARIES,Page/layout gate; action and endpoint capabilities require separate rows,Tenant scope required,NOT TESTED,NOT TESTED,NOT TESTED,PARTIAL,apps/web/src/app/(dashboard)/crm/opportunities/[id]/proposal/inspection/page.tsx; apps/web/src/lib/operations/nav-config.ts; apps/web/src/lib/protected-route.ts,
commercial,CRM & Proposal,/crm/opportunities/[id]/proposal/pprf,N/A (page resource; endpoint matrix tracked separately),View,ALLOW (current source policy),NO CONFIGURED NAV ITEM,ALLOW BY CATCH-ALL; PAGE GATE VARIES,Page/layout gate; action and endpoint capabilities require separate rows,Tenant scope required,NOT TESTED,NOT TESTED,NOT TESTED,PARTIAL,apps/web/src/app/(dashboard)/crm/opportunities/[id]/proposal/pprf/page.tsx; apps/web/src/lib/operations/nav-config.ts; apps/web/src/lib/protected-route.ts,
commercial,CRM & Proposal,/crm/opportunities/new/pprf,N/A (page resource; endpoint matrix tracked separately),View,ALLOW (current source policy),NO CONFIGURED NAV ITEM,ALLOW BY CATCH-ALL; PAGE GATE VARIES,Page/layout gate; action and endpoint capabilities require separate rows,Tenant scope required,NOT TESTED,NOT TESTED,NOT TESTED,PARTIAL,apps/web/src/app/(dashboard)/crm/opportunities/new/pprf/page.tsx; apps/web/src/lib/operations/nav-config.ts; apps/web/src/lib/protected-route.ts,
commercial,Dashboard,/dashboard,N/A (page resource; endpoint matrix tracked separately),View,ALLOW (current source policy),VISIBLE,ALLOW,Page/layout gate; action and endpoint capabilities require separate rows,Tenant scope required,NOT TESTED,PASSED - real Supabase login and render,NOT TESTED,PARTIAL,apps/web/src/app/(dashboard)/dashboard/page.tsx; isolated Chromium role matrix 2026-09-02,Full route-state and action coverage remains
commercial,Documents,/documents,N/A (page resource; endpoint matrix tracked separately),View,ALLOW (current source policy),VISIBLE,ALLOW,Page/layout gate; action and endpoint capabilities require separate rows,Tenant scope required,NOT TESTED,NOT TESTED,NOT TESTED,NOT TESTED,apps/web/src/app/(dashboard)/documents/page.tsx; apps/web/src/lib/operations/nav-config.ts; apps/web/src/lib/protected-route.ts,
commercial,Finance,/finance,N/A (page resource; endpoint matrix tracked separately),View,DENY (current source policy),HIDDEN,DENY/REDIRECT,Page/layout gate; action and endpoint capabilities require separate rows,Tenant scope required,NOT TESTED,NOT TESTED,NOT TESTED,NOT TESTED,apps/web/src/app/(dashboard)/finance/page.tsx; apps/web/src/lib/operations/nav-config.ts; apps/web/src/lib/protected-route.ts,
commercial,Finance,/finance/cash,N/A (page resource; endpoint matrix tracked separately),View,DENY (current source policy),HIDDEN,DENY/REDIRECT,Page/layout gate; action and endpoint capabilities require separate rows,Tenant scope required,NOT TESTED,NOT TESTED,NOT TESTED,NOT TESTED,apps/web/src/app/(dashboard)/finance/cash/page.tsx; apps/web/src/lib/operations/nav-config.ts; apps/web/src/lib/protected-route.ts,
commercial,Finance,/finance/cash/[id],N/A (page resource; endpoint matrix tracked separately),View,DENY (current source policy),PARENT HIDDEN,DENY/REDIRECT,Page/layout gate; action and endpoint capabilities require separate rows,Tenant scope required,NOT TESTED,NOT TESTED,NOT TESTED,NOT TESTED,apps/web/src/app/(dashboard)/finance/cash/[id]/page.tsx; apps/web/src/lib/operations/nav-config.ts; apps/web/src/lib/protected-route.ts,
commercial,Finance,/finance/cash/new,N/A (page resource; endpoint matrix tracked separately),View,DENY (current source policy),PARENT HIDDEN,DENY/REDIRECT,Page/layout gate; action and endpoint capabilities require separate rows,Tenant scope required,NOT TESTED,NOT TESTED,NOT TESTED,NOT TESTED,apps/web/src/app/(dashboard)/finance/cash/new/page.tsx; apps/web/src/lib/operations/nav-config.ts; apps/web/src/lib/protected-route.ts,
commercial,Finance,/finance/journals/[id],N/A (page resource; endpoint matrix tracked separately),View,DENY (current source policy),PARENT HIDDEN,DENY/REDIRECT,Page/layout gate; action and endpoint capabilities require separate rows,Tenant scope required,NOT TESTED,NOT TESTED,NOT TESTED,NOT TESTED,apps/web/src/app/(dashboard)/finance/journals/[id]/page.tsx; apps/web/src/lib/operations/nav-config.ts; apps/web/src/lib/protected-route.ts,
commercial,Finance,/finance/journals/new,N/A (page resource; endpoint matrix tracked separately),View,DENY (current source policy),PARENT HIDDEN,DENY/REDIRECT,Page/layout gate; action and endpoint capabilities require separate rows,Tenant scope required,NOT TESTED,NOT TESTED,NOT TESTED,NOT TESTED,apps/web/src/app/(dashboard)/finance/journals/new/page.tsx; apps/web/src/lib/operations/nav-config.ts; apps/web/src/lib/protected-route.ts,
commercial,Finance,/finance/ledger,N/A (page resource; endpoint matrix tracked separately),View,DENY (current source policy),PARENT HIDDEN,DENY/REDIRECT,Page/layout gate; action and endpoint capabilities require separate rows,Tenant scope required,NOT TESTED,NOT TESTED,NOT TESTED,NOT TESTED,apps/web/src/app/(dashboard)/finance/ledger/page.tsx; apps/web/src/lib/operations/nav-config.ts; apps/web/src/lib/protected-route.ts,
commercial,Finance,/finance/payables,N/A (page resource; endpoint matrix tracked separately),View,DENY (current source policy),HIDDEN,DENY/REDIRECT,Page/layout gate; action and endpoint capabilities require separate rows,Tenant scope required,NOT TESTED,NOT TESTED,NOT TESTED,NOT TESTED,apps/web/src/app/(dashboard)/finance/payables/page.tsx; apps/web/src/lib/operations/nav-config.ts; apps/web/src/lib/protected-route.ts,
commercial,Finance,/finance/payables/[id],N/A (page resource; endpoint matrix tracked separately),View,DENY (current source policy),PARENT HIDDEN,DENY/REDIRECT,Page/layout gate; action and endpoint capabilities require separate rows,Tenant scope required,NOT TESTED,NOT TESTED,NOT TESTED,NOT TESTED,apps/web/src/app/(dashboard)/finance/payables/[id]/page.tsx; apps/web/src/lib/operations/nav-config.ts; apps/web/src/lib/protected-route.ts,
commercial,Finance,/finance/payables/[id]/edit,N/A (page resource; endpoint matrix tracked separately),View,DENY (current source policy),PARENT HIDDEN,DENY/REDIRECT,Page/layout gate; action and endpoint capabilities require separate rows,Tenant scope required,NOT TESTED,NOT TESTED,NOT TESTED,NOT TESTED,apps/web/src/app/(dashboard)/finance/payables/[id]/edit/page.tsx; apps/web/src/lib/operations/nav-config.ts; apps/web/src/lib/protected-route.ts,
commercial,Finance,/finance/payables/new,N/A (page resource; endpoint matrix tracked separately),View,DENY (current source policy),PARENT HIDDEN,DENY/REDIRECT,Page/layout gate; action and endpoint capabilities require separate rows,Tenant scope required,NOT TESTED,NOT TESTED,NOT TESTED,NOT TESTED,apps/web/src/app/(dashboard)/finance/payables/new/page.tsx; apps/web/src/lib/operations/nav-config.ts; apps/web/src/lib/protected-route.ts,
commercial,Finance,/finance/receivables,N/A (page resource; endpoint matrix tracked separately),View,DENY (current source policy),HIDDEN,DENY/REDIRECT,Page/layout gate; action and endpoint capabilities require separate rows,Tenant scope required,NOT TESTED,NOT TESTED,NOT TESTED,NOT TESTED,apps/web/src/app/(dashboard)/finance/receivables/page.tsx; apps/web/src/lib/operations/nav-config.ts; apps/web/src/lib/protected-route.ts,
commercial,Finance,/finance/reconciliation,N/A (page resource; endpoint matrix tracked separately),View,DENY (current source policy),HIDDEN,DENY/REDIRECT,Page/layout gate; action and endpoint capabilities require separate rows,Tenant scope required,NOT TESTED,NOT TESTED,NOT TESTED,NOT TESTED,apps/web/src/app/(dashboard)/finance/reconciliation/page.tsx; apps/web/src/lib/operations/nav-config.ts; apps/web/src/lib/protected-route.ts,
commercial,Finance,/finance/reconciliation/[id],N/A (page resource; endpoint matrix tracked separately),View,DENY (current source policy),PARENT HIDDEN,DENY/REDIRECT,Page/layout gate; action and endpoint capabilities require separate rows,Tenant scope required,NOT TESTED,NOT TESTED,NOT TESTED,NOT TESTED,apps/web/src/app/(dashboard)/finance/reconciliation/[id]/page.tsx; apps/web/src/lib/operations/nav-config.ts; apps/web/src/lib/protected-route.ts,
commercial,Finance,/finance/reconciliation/new,N/A (page resource; endpoint matrix tracked separately),View,DENY (current source policy),PARENT HIDDEN,DENY/REDIRECT,Page/layout gate; action and endpoint capabilities require separate rows,Tenant scope required,NOT TESTED,NOT TESTED,NOT TESTED,NOT TESTED,apps/web/src/app/(dashboard)/finance/reconciliation/new/page.tsx; apps/web/src/lib/operations/nav-config.ts; apps/web/src/lib/protected-route.ts,
commercial,Proposal Print,/inspection/[id],N/A (page resource; endpoint matrix tracked separately),View,ALLOW (current source policy),NO CONFIGURED NAV ITEM,ALLOW BY CATCH-ALL; PAGE GATE VARIES,Page/layout gate; action and endpoint capabilities require separate rows,Tenant scope required,NOT TESTED,NOT TESTED,NOT TESTED,PARTIAL,apps/web/src/app/(print)/inspection/[id]/page.tsx; apps/web/src/lib/operations/nav-config.ts; apps/web/src/lib/protected-route.ts,
commercial,Inventory,/inventory,N/A (page resource; endpoint matrix tracked separately),View,ALLOW (current source policy),VISIBLE,ALLOW,Page/layout gate; action and endpoint capabilities require separate rows,Tenant scope required,NOT TESTED,NOT TESTED,NOT TESTED,NOT TESTED,apps/web/src/app/(dashboard)/inventory/page.tsx; apps/web/src/lib/operations/nav-config.ts; apps/web/src/lib/protected-route.ts,
commercial,Inventory,/inventory/movements,N/A (page resource; endpoint matrix tracked separately),View,ALLOW (current source policy),PARENT VISIBLE,ALLOW,Page/layout gate; action and endpoint capabilities require separate rows,Tenant scope required,NOT TESTED,NOT TESTED,NOT TESTED,NOT TESTED,apps/web/src/app/(dashboard)/inventory/movements/page.tsx; apps/web/src/lib/operations/nav-config.ts; apps/web/src/lib/protected-route.ts,
commercial,Inventory,/inventory/movements/[id],N/A (page resource; endpoint matrix tracked separately),View,ALLOW (current source policy),PARENT VISIBLE,ALLOW,Page/layout gate; action and endpoint capabilities require separate rows,Tenant scope required,NOT TESTED,NOT TESTED,NOT TESTED,NOT TESTED,apps/web/src/app/(dashboard)/inventory/movements/[id]/page.tsx; apps/web/src/lib/operations/nav-config.ts; apps/web/src/lib/protected-route.ts,
commercial,Inventory,/inventory/movements/new,N/A (page resource; endpoint matrix tracked separately),View,ALLOW (current source policy),PARENT VISIBLE,ALLOW,Page/layout gate; action and endpoint capabilities require separate rows,Tenant scope required,NOT TESTED,NOT TESTED,NOT TESTED,NOT TESTED,apps/web/src/app/(dashboard)/inventory/movements/new/page.tsx; apps/web/src/lib/operations/nav-config.ts; apps/web/src/lib/protected-route.ts,
commercial,Inventory,/inventory/receipts,N/A (page resource; endpoint matrix tracked separately),View,ALLOW (current source policy),PARENT VISIBLE,ALLOW,Page/layout gate; action and endpoint capabilities require separate rows,Tenant scope required,NOT TESTED,NOT TESTED,NOT TESTED,NOT TESTED,apps/web/src/app/(dashboard)/inventory/receipts/page.tsx; apps/web/src/lib/operations/nav-config.ts; apps/web/src/lib/protected-route.ts,
commercial,Inventory,/inventory/receipts/[id],N/A (page resource; endpoint matrix tracked separately),View,ALLOW (current source policy),PARENT VISIBLE,ALLOW,Page/layout gate; action and endpoint capabilities require separate rows,Tenant scope required,NOT TESTED,NOT TESTED,NOT TESTED,NOT TESTED,apps/web/src/app/(dashboard)/inventory/receipts/[id]/page.tsx; apps/web/src/lib/operations/nav-config.ts; apps/web/src/lib/protected-route.ts,
commercial,Inventory,/inventory/receipts/new,N/A (page resource; endpoint matrix tracked separately),View,ALLOW (current source policy),PARENT VISIBLE,ALLOW,Page/layout gate; action and endpoint capabilities require separate rows,Tenant scope required,NOT TESTED,NOT TESTED,NOT TESTED,NOT TESTED,apps/web/src/app/(dashboard)/inventory/receipts/new/page.tsx; apps/web/src/lib/operations/nav-config.ts; apps/web/src/lib/protected-route.ts,
commercial,Finance,/invoices,N/A (page resource; endpoint matrix tracked separately),View,DENY (current source policy),HIDDEN,DENY/REDIRECT,Page/layout gate; action and endpoint capabilities require separate rows,Tenant scope required,NOT TESTED,NOT TESTED,NOT TESTED,NOT TESTED,apps/web/src/app/(dashboard)/invoices/page.tsx; apps/web/src/lib/operations/nav-config.ts; apps/web/src/lib/protected-route.ts,
commercial,Finance,/invoices/[id],N/A (page resource; endpoint matrix tracked separately),View,DENY (current source policy),PARENT HIDDEN,DENY/REDIRECT,Page/layout gate; action and endpoint capabilities require separate rows,Tenant scope required,NOT TESTED,NOT TESTED,NOT TESTED,NOT TESTED,apps/web/src/app/(dashboard)/invoices/[id]/page.tsx; apps/web/src/lib/operations/nav-config.ts; apps/web/src/lib/protected-route.ts,
commercial,Finance,/invoices/[id]/bir2307,N/A (page resource; endpoint matrix tracked separately),View,DENY (current source policy),PARENT HIDDEN,DENY/REDIRECT,Page/layout gate; action and endpoint capabilities require separate rows,Tenant scope required,NOT TESTED,NOT TESTED,NOT TESTED,NOT TESTED,apps/web/src/app/(print)/invoices/[id]/bir2307/page.tsx; apps/web/src/lib/operations/nav-config.ts; apps/web/src/lib/protected-route.ts,
commercial,Finance,/invoices/[id]/print,N/A (page resource; endpoint matrix tracked separately),View,DENY (current source policy),PARENT HIDDEN,DENY/REDIRECT,Page/layout gate; action and endpoint capabilities require separate rows,Tenant scope required,NOT TESTED,NOT TESTED,NOT TESTED,NOT TESTED,apps/web/src/app/(print)/invoices/[id]/print/page.tsx; apps/web/src/lib/operations/nav-config.ts; apps/web/src/lib/protected-route.ts,
commercial,Pre-Construction,/permits,N/A (page resource; endpoint matrix tracked separately),View,ALLOW (current source policy),VISIBLE,ALLOW,Page/layout gate; action and endpoint capabilities require separate rows,Tenant scope required,NOT TESTED,NOT TESTED,NOT TESTED,NOT TESTED,apps/web/src/app/(dashboard)/permits/page.tsx; apps/web/src/lib/operations/nav-config.ts; apps/web/src/lib/protected-route.ts,
commercial,Pipeline,/pipeline,N/A (page resource; endpoint matrix tracked separately),View,ALLOW (current source policy),NO CONFIGURED NAV ITEM,ALLOW BY CATCH-ALL; PAGE GATE VARIES,Page/layout gate; action and endpoint capabilities require separate rows,Tenant scope required,NOT TESTED,NOT TESTED,NOT TESTED,PARTIAL,apps/web/src/app/(dashboard)/pipeline/page.tsx; apps/web/src/lib/operations/nav-config.ts; apps/web/src/lib/protected-route.ts,
commercial,Pipeline,/pipeline/board,N/A (page resource; endpoint matrix tracked separately),View,ALLOW (current source policy),VISIBLE,ALLOW,Page/layout gate; action and endpoint capabilities require separate rows,Tenant scope required,NOT TESTED,NOT TESTED,NOT TESTED,NOT TESTED,apps/web/src/app/(dashboard)/pipeline/board/page.tsx; apps/web/src/lib/operations/nav-config.ts; apps/web/src/lib/protected-route.ts,
commercial,Pipeline,/pipeline/conversion,N/A (page resource; endpoint matrix tracked separately),View,ALLOW (current source policy),NO CONFIGURED NAV ITEM,ALLOW BY CATCH-ALL; PAGE GATE VARIES,Page/layout gate; action and endpoint capabilities require separate rows,Tenant scope required,NOT TESTED,NOT TESTED,NOT TESTED,PARTIAL,apps/web/src/app/(dashboard)/pipeline/conversion/page.tsx; apps/web/src/lib/operations/nav-config.ts; apps/web/src/lib/protected-route.ts,
commercial,Process & SLA,/process,N/A (page resource; endpoint matrix tracked separately),View,ALLOW (current source policy),VISIBLE,ALLOW,Page/layout gate; action and endpoint capabilities require separate rows,Tenant scope required,NOT TESTED,NOT TESTED,NOT TESTED,NOT TESTED,apps/web/src/app/(dashboard)/process/page.tsx; apps/web/src/lib/operations/nav-config.ts; apps/web/src/lib/protected-route.ts,
commercial,Procurement,/procurement,N/A (page resource; endpoint matrix tracked separately),View,ALLOW (current source policy),NO CONFIGURED NAV ITEM,ALLOW BY CATCH-ALL; PAGE GATE VARIES,Page/layout gate; action and endpoint capabilities require separate rows,Tenant scope required,NOT TESTED,NOT TESTED,NOT TESTED,PARTIAL,apps/web/src/app/(dashboard)/procurement/page.tsx; apps/web/src/lib/operations/nav-config.ts; apps/web/src/lib/protected-route.ts,
commercial,Procurement,/procurement/deliveries,N/A (page resource; endpoint matrix tracked separately),View,DENY (current source policy),HIDDEN,DENY/REDIRECT,Page/layout gate; action and endpoint capabilities require separate rows,Tenant scope required,NOT TESTED,NOT TESTED,NOT TESTED,NOT TESTED,apps/web/src/app/(dashboard)/procurement/deliveries/page.tsx; apps/web/src/lib/operations/nav-config.ts; apps/web/src/lib/protected-route.ts,
commercial,Procurement,/procurement/deliveries/[id],N/A (page resource; endpoint matrix tracked separately),View,DENY (current source policy),PARENT HIDDEN,DENY/REDIRECT,Page/layout gate; action and endpoint capabilities require separate rows,Tenant scope required,NOT TESTED,NOT TESTED,NOT TESTED,NOT TESTED,apps/web/src/app/(dashboard)/procurement/deliveries/[id]/page.tsx; apps/web/src/lib/operations/nav-config.ts; apps/web/src/lib/protected-route.ts,
commercial,Procurement,/procurement/deliveries/new,N/A (page resource; endpoint matrix tracked separately),View,DENY (current source policy),PARENT HIDDEN,DENY/REDIRECT,Page/layout gate; action and endpoint capabilities require separate rows,Tenant scope required,NOT TESTED,NOT TESTED,NOT TESTED,NOT TESTED,apps/web/src/app/(dashboard)/procurement/deliveries/new/page.tsx; apps/web/src/lib/operations/nav-config.ts; apps/web/src/lib/protected-route.ts,
commercial,Procurement,/procurement/rfqs,N/A (page resource; endpoint matrix tracked separately),View,ALLOW (current source policy),VISIBLE,ALLOW,Page/layout gate; action and endpoint capabilities require separate rows,Tenant scope required,NOT TESTED,NOT TESTED,NOT TESTED,NOT TESTED,apps/web/src/app/(dashboard)/procurement/rfqs/page.tsx; apps/web/src/lib/operations/nav-config.ts; apps/web/src/lib/protected-route.ts,
commercial,Procurement,/procurement/rfqs/[id],N/A (page resource; endpoint matrix tracked separately),View,ALLOW (current source policy),PARENT VISIBLE,ALLOW,Page/layout gate; action and endpoint capabilities require separate rows,Tenant scope required,NOT TESTED,NOT TESTED,NOT TESTED,NOT TESTED,apps/web/src/app/(dashboard)/procurement/rfqs/[id]/page.tsx; apps/web/src/lib/operations/nav-config.ts; apps/web/src/lib/protected-route.ts,
commercial,Projects,/projects,N/A (page resource; endpoint matrix tracked separately),View,ALLOW (current source policy),VISIBLE,ALLOW,Page/layout gate; action and endpoint capabilities require separate rows,Tenant scope required,NOT TESTED,NOT TESTED,NOT TESTED,NOT TESTED,apps/web/src/app/(dashboard)/projects/page.tsx; apps/web/src/lib/operations/nav-config.ts; apps/web/src/lib/protected-route.ts,
commercial,Projects,/projects/[id],N/A (page resource; endpoint matrix tracked separately),View,ALLOW (current source policy),PARENT VISIBLE,ALLOW,Page/layout gate; action and endpoint capabilities require separate rows,Tenant scope required,NOT TESTED,NOT TESTED,NOT TESTED,NOT TESTED,apps/web/src/app/(dashboard)/projects/[id]/page.tsx; apps/web/src/lib/operations/nav-config.ts; apps/web/src/lib/protected-route.ts,
commercial,Projects,/projects/[id]/access,N/A (page resource; endpoint matrix tracked separately),View,ALLOW (current source policy),PARENT VISIBLE,ALLOW,Page/layout gate; action and endpoint capabilities require separate rows,Tenant scope required,NOT TESTED,NOT TESTED,NOT TESTED,NOT TESTED,apps/web/src/app/(dashboard)/projects/[id]/access/page.tsx; apps/web/src/lib/operations/nav-config.ts; apps/web/src/lib/protected-route.ts,
commercial,Projects,/projects/[id]/audit,N/A (page resource; endpoint matrix tracked separately),View,DENY (audit.read policy),AUDIT TAB HIDDEN,DENY/NOT FOUND,Project detail projection plus audit.read route gate,Tenant and requested project scope,PASSED - all-role projection and route tests,PASSED - direct audit denial,NOT RUN,PARTIAL,project-detail-access.test.tsx; project-sensitive-routes.test.tsx; isolated Chromium 2026-09-03,Database-backed budget trigger not exercised in the broader project-detail slice
commercial,Projects,/projects/[id]/billing,N/A (page resource; endpoint matrix tracked separately),View,ALLOW (current source policy),PARENT VISIBLE,ALLOW,Page/layout gate; action and endpoint capabilities require separate rows,Tenant scope required,NOT TESTED,NOT TESTED,NOT TESTED,NOT TESTED,apps/web/src/app/(dashboard)/projects/[id]/billing/page.tsx; apps/web/src/lib/operations/nav-config.ts; apps/web/src/lib/protected-route.ts,
commercial,Projects,/projects/[id]/bom,N/A (page resource; endpoint matrix tracked separately),View,ALLOW (current source policy),PARENT VISIBLE,ALLOW,Page/layout gate; action and endpoint capabilities require separate rows,Tenant scope required,NOT TESTED,NOT TESTED,NOT TESTED,NOT TESTED,apps/web/src/app/(dashboard)/projects/[id]/bom/page.tsx; apps/web/src/lib/operations/nav-config.ts; apps/web/src/lib/protected-route.ts,
commercial,Projects,/projects/[id]/bom/togal,N/A (page resource; endpoint matrix tracked separately),View,ALLOW (current source policy),PARENT VISIBLE,ALLOW,Page/layout gate; action and endpoint capabilities require separate rows,Tenant scope required,NOT TESTED,NOT TESTED,NOT TESTED,NOT TESTED,apps/web/src/app/(dashboard)/projects/[id]/bom/togal/page.tsx; apps/web/src/lib/operations/nav-config.ts; apps/web/src/lib/protected-route.ts,
commercial,Projects,/projects/[id]/checklist,N/A (page resource; endpoint matrix tracked separately),View,ALLOW (current source policy),PARENT VISIBLE,ALLOW,Page/layout gate; action and endpoint capabilities require separate rows,Tenant scope required,NOT TESTED,NOT TESTED,NOT TESTED,NOT TESTED,apps/web/src/app/(dashboard)/projects/[id]/checklist/page.tsx; apps/web/src/lib/operations/nav-config.ts; apps/web/src/lib/protected-route.ts,
commercial,Projects,/projects/[id]/coc,N/A (page resource; endpoint matrix tracked separately),View,ALLOW (current source policy),PARENT VISIBLE,ALLOW,Page/layout gate; action and endpoint capabilities require separate rows,Tenant scope required,NOT TESTED,NOT TESTED,NOT TESTED,NOT TESTED,apps/web/src/app/(dashboard)/projects/[id]/coc/page.tsx; apps/web/src/lib/operations/nav-config.ts; apps/web/src/lib/protected-route.ts,
commercial,Projects,/projects/[id]/comments,N/A (page resource; endpoint matrix tracked separately),View,ALLOW (current source policy),PARENT VISIBLE,ALLOW,Page/layout gate; action and endpoint capabilities require separate rows,Tenant scope required,NOT TESTED,NOT TESTED,NOT TESTED,NOT TESTED,apps/web/src/app/(dashboard)/projects/[id]/comments/page.tsx; apps/web/src/lib/operations/nav-config.ts; apps/web/src/lib/protected-route.ts,
commercial,Projects,/projects/[id]/cost,N/A (page resource; endpoint matrix tracked separately),View,ALLOW (current source policy),PARENT VISIBLE,ALLOW,Page/layout gate; action and endpoint capabilities require separate rows,Tenant scope required,NOT TESTED,NOT TESTED,NOT TESTED,NOT TESTED,apps/web/src/app/(dashboard)/projects/[id]/cost/page.tsx; apps/web/src/lib/operations/nav-config.ts; apps/web/src/lib/protected-route.ts,
commercial,Projects,/projects/[id]/cost/budget,N/A (page resource; endpoint matrix tracked separately),View,ALLOW (current source policy),PARENT VISIBLE,ALLOW,Page/layout gate; action and endpoint capabilities require separate rows,Tenant scope required,NOT TESTED,NOT TESTED,NOT TESTED,NOT TESTED,apps/web/src/app/(dashboard)/projects/[id]/cost/budget/page.tsx; apps/web/src/lib/operations/nav-config.ts; apps/web/src/lib/protected-route.ts,
commercial,Projects,/projects/[id]/documents,N/A (page resource; endpoint matrix tracked separately),View,ALLOW (current source policy),PARENT VISIBLE,ALLOW,Page/layout gate; action and endpoint capabilities require separate rows,Tenant scope required,NOT TESTED,NOT TESTED,NOT TESTED,NOT TESTED,apps/web/src/app/(dashboard)/projects/[id]/documents/page.tsx; apps/web/src/lib/operations/nav-config.ts; apps/web/src/lib/protected-route.ts,
commercial,Projects,/projects/[id]/permits,N/A (page resource; endpoint matrix tracked separately),View,ALLOW (current source policy),PARENT VISIBLE,ALLOW,Page/layout gate; action and endpoint capabilities require separate rows,Tenant scope required,NOT TESTED,NOT TESTED,NOT TESTED,NOT TESTED,apps/web/src/app/(dashboard)/projects/[id]/permits/page.tsx; apps/web/src/lib/operations/nav-config.ts; apps/web/src/lib/protected-route.ts,
commercial,Projects,/projects/[id]/progress,N/A (page resource; endpoint matrix tracked separately),View,ALLOW (current source policy),PARENT VISIBLE,ALLOW,Page/layout gate; action and endpoint capabilities require separate rows,Tenant scope required,NOT TESTED,NOT TESTED,NOT TESTED,NOT TESTED,apps/web/src/app/(dashboard)/projects/[id]/progress/page.tsx; apps/web/src/lib/operations/nav-config.ts; apps/web/src/lib/protected-route.ts,
commercial,Projects,/projects/[id]/reports,N/A (page resource; endpoint matrix tracked separately),View,ALLOW (current source policy),PARENT VISIBLE,ALLOW,Page/layout gate; action and endpoint capabilities require separate rows,Tenant scope required,NOT TESTED,NOT TESTED,NOT TESTED,NOT TESTED,apps/web/src/app/(dashboard)/projects/[id]/reports/page.tsx; apps/web/src/lib/operations/nav-config.ts; apps/web/src/lib/protected-route.ts,
commercial,Projects,/projects/[id]/scope,N/A (page resource; endpoint matrix tracked separately),View,ALLOW (current source policy),PARENT VISIBLE,ALLOW,Page/layout gate; action and endpoint capabilities require separate rows,Tenant scope required,NOT TESTED,NOT TESTED,NOT TESTED,NOT TESTED,apps/web/src/app/(dashboard)/projects/[id]/scope/page.tsx; apps/web/src/lib/operations/nav-config.ts; apps/web/src/lib/protected-route.ts,
commercial,Projects,/projects/[id]/turnover,N/A (page resource; endpoint matrix tracked separately),View,ALLOW (current source policy),PARENT VISIBLE,ALLOW,Page/layout gate; action and endpoint capabilities require separate rows,Tenant scope required,NOT TESTED,NOT TESTED,NOT TESTED,NOT TESTED,apps/web/src/app/(dashboard)/projects/[id]/turnover/page.tsx; apps/web/src/lib/operations/nav-config.ts; apps/web/src/lib/protected-route.ts,
commercial,Projects,/projects/[id]/vos,N/A (page resource; endpoint matrix tracked separately),View,ALLOW (current source policy),PARENT VISIBLE,ALLOW,Page/layout gate; action and endpoint capabilities require separate rows,Tenant scope required,NOT TESTED,NOT TESTED,NOT TESTED,NOT TESTED,apps/web/src/app/(dashboard)/projects/[id]/vos/page.tsx; apps/web/src/lib/operations/nav-config.ts; apps/web/src/lib/protected-route.ts,
commercial,Projects,/projects/[id]/vos/[voId],N/A (page resource; endpoint matrix tracked separately),View,ALLOW (current source policy),PARENT VISIBLE,ALLOW,Page/layout gate; action and endpoint capabilities require separate rows,Tenant scope required,NOT TESTED,NOT TESTED,NOT TESTED,NOT TESTED,apps/web/src/app/(dashboard)/projects/[id]/vos/[voId]/page.tsx; apps/web/src/lib/operations/nav-config.ts; apps/web/src/lib/protected-route.ts,
commercial,Projects,/projects/new,N/A (page resource; endpoint matrix tracked separately),View,ALLOW (current source policy),PARENT VISIBLE,ALLOW,Page/layout gate; action and endpoint capabilities require separate rows,Tenant scope required,NOT TESTED,NOT TESTED,NOT TESTED,NOT TESTED,apps/web/src/app/(dashboard)/projects/new/page.tsx; apps/web/src/lib/operations/nav-config.ts; apps/web/src/lib/protected-route.ts,
commercial,Post-Construction,/punchlist,N/A (page resource; endpoint matrix tracked separately),View,DENY (current source policy),HIDDEN,DENY/REDIRECT,Page/layout gate; action and endpoint capabilities require separate rows,Tenant scope required,NOT TESTED,NOT TESTED,NOT TESTED,NOT TESTED,apps/web/src/app/(dashboard)/punchlist/page.tsx; apps/web/src/lib/operations/nav-config.ts; apps/web/src/lib/protected-route.ts,
commercial,Post-Construction,/punchlist/[id],N/A (page resource; endpoint matrix tracked separately),View,DENY (current source policy),PARENT HIDDEN,DENY/REDIRECT,Page/layout gate; action and endpoint capabilities require separate rows,Tenant scope required,NOT TESTED,NOT TESTED,NOT TESTED,NOT TESTED,apps/web/src/app/(dashboard)/punchlist/[id]/page.tsx; apps/web/src/lib/operations/nav-config.ts; apps/web/src/lib/protected-route.ts,
commercial,Post-Construction,/punchlist/new,N/A (page resource; endpoint matrix tracked separately),View,DENY (current source policy),PARENT HIDDEN,DENY/REDIRECT,Page/layout gate; action and endpoint capabilities require separate rows,Tenant scope required,NOT TESTED,NOT TESTED,NOT TESTED,NOT TESTED,apps/web/src/app/(dashboard)/punchlist/new/page.tsx; apps/web/src/lib/operations/nav-config.ts; apps/web/src/lib/protected-route.ts,
commercial,Procurement,/purchase-orders,N/A (page resource; endpoint matrix tracked separately),View,ALLOW (current source policy),VISIBLE,ALLOW,Page/layout gate; action and endpoint capabilities require separate rows,Tenant scope required,NOT TESTED,NOT TESTED,NOT TESTED,NOT TESTED,apps/web/src/app/(dashboard)/purchase-orders/page.tsx; apps/web/src/lib/operations/nav-config.ts; apps/web/src/lib/protected-route.ts,
commercial,Procurement,/purchase-orders/[id],N/A (page resource; endpoint matrix tracked separately),View,ALLOW (current source policy),PARENT VISIBLE,ALLOW,Page/layout gate; action and endpoint capabilities require separate rows,Tenant scope required,NOT TESTED,NOT TESTED,NOT TESTED,NOT TESTED,apps/web/src/app/(dashboard)/purchase-orders/[id]/page.tsx; apps/web/src/lib/operations/nav-config.ts; apps/web/src/lib/protected-route.ts,
commercial,Procurement,/purchase-orders/[id]/print,N/A (page resource; endpoint matrix tracked separately),View,ALLOW (current source policy),PARENT VISIBLE,ALLOW,Page/layout gate; action and endpoint capabilities require separate rows,Tenant scope required,NOT TESTED,NOT TESTED,NOT TESTED,NOT TESTED,apps/web/src/app/(print)/purchase-orders/[id]/print/page.tsx; apps/web/src/lib/operations/nav-config.ts; apps/web/src/lib/protected-route.ts,
commercial,Admin & Reports,/reports,N/A (page resource; endpoint matrix tracked separately),View,DENY (current source policy),HIDDEN,DENY/REDIRECT,Page/layout gate; action and endpoint capabilities require separate rows,Tenant scope required,NOT TESTED,NOT TESTED,NOT TESTED,NOT TESTED,apps/web/src/app/(dashboard)/reports/page.tsx; apps/web/src/lib/operations/nav-config.ts; apps/web/src/lib/protected-route.ts,
commercial,Settings & Profile,/settings,N/A (page resource; endpoint matrix tracked separately),View,ALLOW (current source policy),VISIBLE,ALLOW,Page/layout gate; action and endpoint capabilities require separate rows,Tenant scope required,NOT TESTED,NOT TESTED,NOT TESTED,NOT TESTED,apps/web/src/app/(dashboard)/settings/page.tsx; apps/web/src/lib/operations/nav-config.ts; apps/web/src/lib/protected-route.ts,
commercial,Construction Cadence,/tasks,N/A (page resource; endpoint matrix tracked separately),View,ALLOW (current source policy),VISIBLE,ALLOW,Page/layout gate; action and endpoint capabilities require separate rows,Tenant scope required,NOT TESTED,NOT TESTED,NOT TESTED,NOT TESTED,apps/web/src/app/(dashboard)/tasks/page.tsx; apps/web/src/lib/operations/nav-config.ts; apps/web/src/lib/protected-route.ts,
commercial,Warranty & CX,/warranty,N/A (page resource; endpoint matrix tracked separately),View,DENY (current source policy),HIDDEN,DENY/REDIRECT,Page/layout gate; action and endpoint capabilities require separate rows,Tenant scope required,NOT TESTED,NOT TESTED,NOT TESTED,NOT TESTED,apps/web/src/app/(dashboard)/warranty/page.tsx; apps/web/src/lib/operations/nav-config.ts; apps/web/src/lib/protected-route.ts,
commercial,Warranty & CX,/warranty/[id],N/A (page resource; endpoint matrix tracked separately),View,DENY (current source policy),PARENT HIDDEN,DENY/REDIRECT,Page/layout gate; action and endpoint capabilities require separate rows,Tenant scope required,NOT TESTED,NOT TESTED,NOT TESTED,NOT TESTED,apps/web/src/app/(dashboard)/warranty/[id]/page.tsx; apps/web/src/lib/operations/nav-config.ts; apps/web/src/lib/protected-route.ts,
commercial,Warranty & CX,/warranty/cnps,N/A (page resource; endpoint matrix tracked separately),View,DENY (current source policy),HIDDEN,DENY/REDIRECT,Page/layout gate; action and endpoint capabilities require separate rows,Tenant scope required,NOT TESTED,NOT TESTED,NOT TESTED,NOT TESTED,apps/web/src/app/(dashboard)/warranty/cnps/page.tsx; apps/web/src/lib/operations/nav-config.ts; apps/web/src/lib/protected-route.ts,
commercial,Construction Cadence,/weekly-report/[id],N/A (page resource; endpoint matrix tracked separately),View,ALLOW (current source policy),NO CONFIGURED NAV ITEM,ALLOW BY CATCH-ALL; PAGE GATE VARIES,Page/layout gate; action and endpoint capabilities require separate rows,Tenant scope required,NOT TESTED,NOT TESTED,NOT TESTED,PARTIAL,apps/web/src/app/(print)/weekly-report/[id]/page.tsx; apps/web/src/lib/operations/nav-config.ts; apps/web/src/lib/protected-route.ts,
design,Admin & Reports,/admin,N/A (page resource; endpoint matrix tracked separately),View,DENY (current source policy),HIDDEN,DENY/REDIRECT,Page/layout gate; action and endpoint capabilities require separate rows,Tenant scope required,NOT TESTED,NOT TESTED,NOT TESTED,NOT TESTED,apps/web/src/app/(dashboard)/admin/page.tsx; apps/web/src/lib/operations/nav-config.ts; apps/web/src/lib/protected-route.ts,
design,Admin & Reports,/admin/data-quality,N/A (page resource; endpoint matrix tracked separately),View,DENY (current source policy),PARENT HIDDEN,DENY/REDIRECT,Page/layout gate; action and endpoint capabilities require separate rows,Tenant scope required,NOT TESTED,NOT TESTED,NOT TESTED,NOT TESTED,apps/web/src/app/(dashboard)/admin/data-quality/page.tsx; apps/web/src/lib/operations/nav-config.ts; apps/web/src/lib/protected-route.ts,
design,Admin & Reports,/admin/mapping-config,N/A (page resource; endpoint matrix tracked separately),View,DENY (current source policy),PARENT HIDDEN,DENY/REDIRECT,Page/layout gate; action and endpoint capabilities require separate rows,Tenant scope required,NOT TESTED,NOT TESTED,NOT TESTED,NOT TESTED,apps/web/src/app/(dashboard)/admin/mapping-config/page.tsx; apps/web/src/lib/operations/nav-config.ts; apps/web/src/lib/protected-route.ts,
design,Admin & Reports,/admin/material-items,N/A (page resource; endpoint matrix tracked separately),View,DENY (current source policy),PARENT HIDDEN,DENY/REDIRECT,Page/layout gate; action and endpoint capabilities require separate rows,Tenant scope required,NOT TESTED,NOT TESTED,NOT TESTED,NOT TESTED,apps/web/src/app/(dashboard)/admin/material-items/page.tsx; apps/web/src/lib/operations/nav-config.ts; apps/web/src/lib/protected-route.ts,
design,Admin & Reports,/admin/rate-cards,N/A (page resource; endpoint matrix tracked separately),View,DENY (current source policy),PARENT HIDDEN,DENY/REDIRECT,Page/layout gate; action and endpoint capabilities require separate rows,Tenant scope required,NOT TESTED,NOT TESTED,NOT TESTED,NOT TESTED,apps/web/src/app/(dashboard)/admin/rate-cards/page.tsx; apps/web/src/lib/operations/nav-config.ts; apps/web/src/lib/protected-route.ts,
design,Admin & Reports,/admin/users,N/A (page resource; endpoint matrix tracked separately),View,DENY (current source policy),PARENT HIDDEN,DENY/REDIRECT,Page/layout gate; action and endpoint capabilities require separate rows,Tenant scope required,NOT TESTED,NOT TESTED,NOT TESTED,NOT TESTED,apps/web/src/app/(dashboard)/admin/users/page.tsx; apps/web/src/lib/operations/nav-config.ts; apps/web/src/lib/protected-route.ts,
design,Admin & Reports,/admin/users/[id],N/A (page resource; endpoint matrix tracked separately),View,DENY (current source policy),PARENT HIDDEN,DENY/REDIRECT,Page/layout gate; action and endpoint capabilities require separate rows,Tenant scope required,NOT TESTED,NOT TESTED,NOT TESTED,NOT TESTED,apps/web/src/app/(dashboard)/admin/users/[id]/page.tsx; apps/web/src/lib/operations/nav-config.ts; apps/web/src/lib/protected-route.ts,
design,Admin & Reports,/admin/users/new,N/A (page resource; endpoint matrix tracked separately),View,DENY (current source policy),PARENT HIDDEN,DENY/REDIRECT,Page/layout gate; action and endpoint capabilities require separate rows,Tenant scope required,NOT TESTED,NOT TESTED,NOT TESTED,NOT TESTED,apps/web/src/app/(dashboard)/admin/users/new/page.tsx; apps/web/src/lib/operations/nav-config.ts; apps/web/src/lib/protected-route.ts,
design,Assets,/assets,N/A (page resource; endpoint matrix tracked separately),View,ALLOW (current source policy),HIDDEN BY CONTROLLED-ROLLOUT FLAG,ALLOW,Page/layout gate; action and endpoint capabilities require separate rows,Tenant scope required,NOT TESTED,NOT TESTED,NOT TESTED,NOT TESTED,apps/web/src/app/(dashboard)/assets/page.tsx; apps/web/src/lib/operations/nav-config.ts; apps/web/src/lib/protected-route.ts,
design,Assets,/assets/[assetId],N/A (page resource; endpoint matrix tracked separately),View,ALLOW (current source policy),HIDDEN BY CONTROLLED-ROLLOUT FLAG,ALLOW,Page/layout gate; action and endpoint capabilities require separate rows,Tenant scope required,NOT TESTED,NOT TESTED,NOT TESTED,NOT TESTED,apps/web/src/app/(dashboard)/assets/[assetId]/page.tsx; apps/web/src/lib/operations/nav-config.ts; apps/web/src/lib/protected-route.ts,
design,BOM Engine,/bom,N/A (page resource; endpoint matrix tracked separately),View,DENY (current source policy),HIDDEN,DENY/REDIRECT,Page/layout gate; action and endpoint capabilities require separate rows,Tenant scope required,NOT TESTED,NOT TESTED,NOT TESTED,NOT TESTED,apps/web/src/app/(dashboard)/bom/page.tsx; apps/web/src/lib/operations/nav-config.ts; apps/web/src/lib/protected-route.ts,
design,Finance & Billing,/claims,N/A (page resource; endpoint matrix tracked separately),View,DENY (current source policy),HIDDEN,DENY/REDIRECT,Page/layout gate; action and endpoint capabilities require separate rows,Tenant scope required,NOT TESTED,NOT TESTED,NOT TESTED,NOT TESTED,apps/web/src/app/(dashboard)/claims/page.tsx; apps/web/src/lib/operations/nav-config.ts; apps/web/src/lib/protected-route.ts,
design,Finance & Billing,/claims/[id],N/A (page resource; endpoint matrix tracked separately),View,DENY (current source policy),PARENT HIDDEN,DENY/REDIRECT,Page/layout gate; action and endpoint capabilities require separate rows,Tenant scope required,NOT TESTED,NOT TESTED,NOT TESTED,NOT TESTED,apps/web/src/app/(dashboard)/claims/[id]/page.tsx; apps/web/src/lib/operations/nav-config.ts; apps/web/src/lib/protected-route.ts,
design,Finance & Billing,/claims/new,N/A (page resource; endpoint matrix tracked separately),View,DENY (current source policy),PARENT HIDDEN,DENY/REDIRECT,Page/layout gate; action and endpoint capabilities require separate rows,Tenant scope required,NOT TESTED,NOT TESTED,NOT TESTED,NOT TESTED,apps/web/src/app/(dashboard)/claims/new/page.tsx; apps/web/src/lib/operations/nav-config.ts; apps/web/src/lib/protected-route.ts,
design,Cortex,/cortex,N/A (page resource; endpoint matrix tracked separately),View,ALLOW (current source policy),VISIBLE,ALLOW,Page/layout gate; action and endpoint capabilities require separate rows,Tenant scope required,NOT TESTED,NOT TESTED,NOT TESTED,NOT TESTED,apps/web/src/app/(dashboard)/cortex/page.tsx; apps/web/src/lib/operations/nav-config.ts; apps/web/src/lib/protected-route.ts,
design,CRM & Proposal,/crm,N/A (page resource; endpoint matrix tracked separately),View,ALLOW (current source policy),NO CONFIGURED NAV ITEM,ALLOW BY CATCH-ALL; PAGE GATE VARIES,Page/layout gate; action and endpoint capabilities require separate rows,Tenant scope required,NOT TESTED,NOT TESTED,NOT TESTED,PARTIAL,apps/web/src/app/(dashboard)/crm/page.tsx; apps/web/src/lib/operations/nav-config.ts; apps/web/src/lib/protected-route.ts,
design,CRM & Proposal,/crm/accounts,N/A (page resource; endpoint matrix tracked separately),View,ALLOW (current source policy),VISIBLE,ALLOW,Page/layout gate; action and endpoint capabilities require separate rows,Tenant scope required,NOT TESTED,NOT TESTED,NOT TESTED,NOT TESTED,apps/web/src/app/(dashboard)/crm/accounts/page.tsx; apps/web/src/lib/operations/nav-config.ts; apps/web/src/lib/protected-route.ts,
design,CRM & Proposal,/crm/accounts/[id],N/A (page resource; endpoint matrix tracked separately),View,ALLOW (current source policy),PARENT VISIBLE,ALLOW,Page/layout gate; action and endpoint capabilities require separate rows,Tenant scope required,NOT TESTED,NOT TESTED,NOT TESTED,NOT TESTED,apps/web/src/app/(dashboard)/crm/accounts/[id]/page.tsx; apps/web/src/lib/operations/nav-config.ts; apps/web/src/lib/protected-route.ts,
design,CRM & Proposal,/crm/accounts/new,N/A (page resource; endpoint matrix tracked separately),View,ALLOW (current source policy),PARENT VISIBLE,ALLOW,Page/layout gate; action and endpoint capabilities require separate rows,Tenant scope required,NOT TESTED,NOT TESTED,NOT TESTED,NOT TESTED,apps/web/src/app/(dashboard)/crm/accounts/new/page.tsx; apps/web/src/lib/operations/nav-config.ts; apps/web/src/lib/protected-route.ts,
design,CRM & Proposal,/crm/kyc-queue,N/A (page resource; endpoint matrix tracked separately),View,DENY (current source policy),HIDDEN,DENY/REDIRECT,Page/layout gate; action and endpoint capabilities require separate rows,Tenant scope required,NOT TESTED,NOT TESTED,NOT TESTED,NOT TESTED,apps/web/src/app/(dashboard)/crm/kyc-queue/page.tsx; apps/web/src/lib/operations/nav-config.ts; apps/web/src/lib/protected-route.ts,
design,CRM & Proposal,/crm/opportunities,N/A (page resource; endpoint matrix tracked separately),View,ALLOW (current source policy),NO CONFIGURED NAV ITEM,ALLOW BY CATCH-ALL; PAGE GATE VARIES,Page/layout gate; action and endpoint capabilities require separate rows,Tenant scope required,NOT TESTED,NOT TESTED,NOT TESTED,PARTIAL,apps/web/src/app/(dashboard)/crm/opportunities/page.tsx; apps/web/src/lib/operations/nav-config.ts; apps/web/src/lib/protected-route.ts,
design,CRM & Proposal,/crm/opportunities/[id],N/A (page resource; endpoint matrix tracked separately),View,ALLOW (current source policy),NO CONFIGURED NAV ITEM,ALLOW BY CATCH-ALL; PAGE GATE VARIES,Page/layout gate; action and endpoint capabilities require separate rows,Tenant scope required,NOT TESTED,NOT TESTED,NOT TESTED,PARTIAL,apps/web/src/app/(dashboard)/crm/opportunities/[id]/page.tsx; apps/web/src/lib/operations/nav-config.ts; apps/web/src/lib/protected-route.ts,
design,CRM & Proposal,/crm/opportunities/[id]/proposal,N/A (page resource; endpoint matrix tracked separately),View,ALLOW (current source policy),NO CONFIGURED NAV ITEM,ALLOW BY CATCH-ALL; PAGE GATE VARIES,Page/layout gate; action and endpoint capabilities require separate rows,Tenant scope required,NOT TESTED,NOT TESTED,NOT TESTED,PARTIAL,apps/web/src/app/(dashboard)/crm/opportunities/[id]/proposal/page.tsx; apps/web/src/lib/operations/nav-config.ts; apps/web/src/lib/protected-route.ts,
design,CRM & Proposal,/crm/opportunities/[id]/proposal/change-requests,N/A (page resource; endpoint matrix tracked separately),View,ALLOW (current source policy),NO CONFIGURED NAV ITEM,ALLOW BY CATCH-ALL; PAGE GATE VARIES,Page/layout gate; action and endpoint capabilities require separate rows,Tenant scope required,NOT TESTED,NOT TESTED,NOT TESTED,PARTIAL,apps/web/src/app/(dashboard)/crm/opportunities/[id]/proposal/change-requests/page.tsx; apps/web/src/lib/operations/nav-config.ts; apps/web/src/lib/protected-route.ts,
design,CRM & Proposal,/crm/opportunities/[id]/proposal/design,N/A (page resource; endpoint matrix tracked separately),View,ALLOW (current source policy),NO CONFIGURED NAV ITEM,ALLOW BY CATCH-ALL; PAGE GATE VARIES,Page/layout gate; action and endpoint capabilities require separate rows,Tenant scope required,NOT TESTED,NOT TESTED,NOT TESTED,PARTIAL,apps/web/src/app/(dashboard)/crm/opportunities/[id]/proposal/design/page.tsx; apps/web/src/lib/operations/nav-config.ts; apps/web/src/lib/protected-route.ts,
design,CRM & Proposal,/crm/opportunities/[id]/proposal/inspection,N/A (page resource; endpoint matrix tracked separately),View,ALLOW (current source policy),NO CONFIGURED NAV ITEM,ALLOW BY CATCH-ALL; PAGE GATE VARIES,Page/layout gate; action and endpoint capabilities require separate rows,Tenant scope required,NOT TESTED,NOT TESTED,NOT TESTED,PARTIAL,apps/web/src/app/(dashboard)/crm/opportunities/[id]/proposal/inspection/page.tsx; apps/web/src/lib/operations/nav-config.ts; apps/web/src/lib/protected-route.ts,
design,CRM & Proposal,/crm/opportunities/[id]/proposal/pprf,N/A (page resource; endpoint matrix tracked separately),View,ALLOW (current source policy),NO CONFIGURED NAV ITEM,ALLOW BY CATCH-ALL; PAGE GATE VARIES,Page/layout gate; action and endpoint capabilities require separate rows,Tenant scope required,NOT TESTED,NOT TESTED,NOT TESTED,PARTIAL,apps/web/src/app/(dashboard)/crm/opportunities/[id]/proposal/pprf/page.tsx; apps/web/src/lib/operations/nav-config.ts; apps/web/src/lib/protected-route.ts,
design,CRM & Proposal,/crm/opportunities/new/pprf,N/A (page resource; endpoint matrix tracked separately),View,ALLOW (current source policy),NO CONFIGURED NAV ITEM,ALLOW BY CATCH-ALL; PAGE GATE VARIES,Page/layout gate; action and endpoint capabilities require separate rows,Tenant scope required,NOT TESTED,NOT TESTED,NOT TESTED,PARTIAL,apps/web/src/app/(dashboard)/crm/opportunities/new/pprf/page.tsx; apps/web/src/lib/operations/nav-config.ts; apps/web/src/lib/protected-route.ts,
design,Dashboard,/dashboard,N/A (page resource; endpoint matrix tracked separately),View,ALLOW (current source policy),VISIBLE,ALLOW,Page/layout gate; action and endpoint capabilities require separate rows,Tenant scope required,NOT TESTED,PASSED - real Supabase login and render,NOT TESTED,PARTIAL,apps/web/src/app/(dashboard)/dashboard/page.tsx; isolated Chromium role matrix 2026-09-02,Full route-state and action coverage remains
design,Documents,/documents,N/A (page resource; endpoint matrix tracked separately),View,ALLOW (current source policy),VISIBLE,ALLOW,Page/layout gate; action and endpoint capabilities require separate rows,Tenant scope required,NOT TESTED,NOT TESTED,NOT TESTED,NOT TESTED,apps/web/src/app/(dashboard)/documents/page.tsx; apps/web/src/lib/operations/nav-config.ts; apps/web/src/lib/protected-route.ts,
design,Finance,/finance,N/A (page resource; endpoint matrix tracked separately),View,DENY (current source policy),HIDDEN,DENY/REDIRECT,Page/layout gate; action and endpoint capabilities require separate rows,Tenant scope required,NOT TESTED,NOT TESTED,NOT TESTED,NOT TESTED,apps/web/src/app/(dashboard)/finance/page.tsx; apps/web/src/lib/operations/nav-config.ts; apps/web/src/lib/protected-route.ts,
design,Finance,/finance/cash,N/A (page resource; endpoint matrix tracked separately),View,DENY (current source policy),HIDDEN,DENY/REDIRECT,Page/layout gate; action and endpoint capabilities require separate rows,Tenant scope required,NOT TESTED,NOT TESTED,NOT TESTED,NOT TESTED,apps/web/src/app/(dashboard)/finance/cash/page.tsx; apps/web/src/lib/operations/nav-config.ts; apps/web/src/lib/protected-route.ts,
design,Finance,/finance/cash/[id],N/A (page resource; endpoint matrix tracked separately),View,DENY (current source policy),PARENT HIDDEN,DENY/REDIRECT,Page/layout gate; action and endpoint capabilities require separate rows,Tenant scope required,NOT TESTED,NOT TESTED,NOT TESTED,NOT TESTED,apps/web/src/app/(dashboard)/finance/cash/[id]/page.tsx; apps/web/src/lib/operations/nav-config.ts; apps/web/src/lib/protected-route.ts,
design,Finance,/finance/cash/new,N/A (page resource; endpoint matrix tracked separately),View,DENY (current source policy),PARENT HIDDEN,DENY/REDIRECT,Page/layout gate; action and endpoint capabilities require separate rows,Tenant scope required,NOT TESTED,NOT TESTED,NOT TESTED,NOT TESTED,apps/web/src/app/(dashboard)/finance/cash/new/page.tsx; apps/web/src/lib/operations/nav-config.ts; apps/web/src/lib/protected-route.ts,
design,Finance,/finance/journals/[id],N/A (page resource; endpoint matrix tracked separately),View,DENY (current source policy),PARENT HIDDEN,DENY/REDIRECT,Page/layout gate; action and endpoint capabilities require separate rows,Tenant scope required,NOT TESTED,NOT TESTED,NOT TESTED,NOT TESTED,apps/web/src/app/(dashboard)/finance/journals/[id]/page.tsx; apps/web/src/lib/operations/nav-config.ts; apps/web/src/lib/protected-route.ts,
design,Finance,/finance/journals/new,N/A (page resource; endpoint matrix tracked separately),View,DENY (current source policy),PARENT HIDDEN,DENY/REDIRECT,Page/layout gate; action and endpoint capabilities require separate rows,Tenant scope required,NOT TESTED,NOT TESTED,NOT TESTED,NOT TESTED,apps/web/src/app/(dashboard)/finance/journals/new/page.tsx; apps/web/src/lib/operations/nav-config.ts; apps/web/src/lib/protected-route.ts,
design,Finance,/finance/ledger,N/A (page resource; endpoint matrix tracked separately),View,DENY (current source policy),PARENT HIDDEN,DENY/REDIRECT,Page/layout gate; action and endpoint capabilities require separate rows,Tenant scope required,NOT TESTED,NOT TESTED,NOT TESTED,NOT TESTED,apps/web/src/app/(dashboard)/finance/ledger/page.tsx; apps/web/src/lib/operations/nav-config.ts; apps/web/src/lib/protected-route.ts,
design,Finance,/finance/payables,N/A (page resource; endpoint matrix tracked separately),View,DENY (current source policy),HIDDEN,DENY/REDIRECT,Page/layout gate; action and endpoint capabilities require separate rows,Tenant scope required,NOT TESTED,NOT TESTED,NOT TESTED,NOT TESTED,apps/web/src/app/(dashboard)/finance/payables/page.tsx; apps/web/src/lib/operations/nav-config.ts; apps/web/src/lib/protected-route.ts,
design,Finance,/finance/payables/[id],N/A (page resource; endpoint matrix tracked separately),View,DENY (current source policy),PARENT HIDDEN,DENY/REDIRECT,Page/layout gate; action and endpoint capabilities require separate rows,Tenant scope required,NOT TESTED,NOT TESTED,NOT TESTED,NOT TESTED,apps/web/src/app/(dashboard)/finance/payables/[id]/page.tsx; apps/web/src/lib/operations/nav-config.ts; apps/web/src/lib/protected-route.ts,
design,Finance,/finance/payables/[id]/edit,N/A (page resource; endpoint matrix tracked separately),View,DENY (current source policy),PARENT HIDDEN,DENY/REDIRECT,Page/layout gate; action and endpoint capabilities require separate rows,Tenant scope required,NOT TESTED,NOT TESTED,NOT TESTED,NOT TESTED,apps/web/src/app/(dashboard)/finance/payables/[id]/edit/page.tsx; apps/web/src/lib/operations/nav-config.ts; apps/web/src/lib/protected-route.ts,
design,Finance,/finance/payables/new,N/A (page resource; endpoint matrix tracked separately),View,DENY (current source policy),PARENT HIDDEN,DENY/REDIRECT,Page/layout gate; action and endpoint capabilities require separate rows,Tenant scope required,NOT TESTED,NOT TESTED,NOT TESTED,NOT TESTED,apps/web/src/app/(dashboard)/finance/payables/new/page.tsx; apps/web/src/lib/operations/nav-config.ts; apps/web/src/lib/protected-route.ts,
design,Finance,/finance/receivables,N/A (page resource; endpoint matrix tracked separately),View,DENY (current source policy),HIDDEN,DENY/REDIRECT,Page/layout gate; action and endpoint capabilities require separate rows,Tenant scope required,NOT TESTED,NOT TESTED,NOT TESTED,NOT TESTED,apps/web/src/app/(dashboard)/finance/receivables/page.tsx; apps/web/src/lib/operations/nav-config.ts; apps/web/src/lib/protected-route.ts,
design,Finance,/finance/reconciliation,N/A (page resource; endpoint matrix tracked separately),View,DENY (current source policy),HIDDEN,DENY/REDIRECT,Page/layout gate; action and endpoint capabilities require separate rows,Tenant scope required,NOT TESTED,NOT TESTED,NOT TESTED,NOT TESTED,apps/web/src/app/(dashboard)/finance/reconciliation/page.tsx; apps/web/src/lib/operations/nav-config.ts; apps/web/src/lib/protected-route.ts,
design,Finance,/finance/reconciliation/[id],N/A (page resource; endpoint matrix tracked separately),View,DENY (current source policy),PARENT HIDDEN,DENY/REDIRECT,Page/layout gate; action and endpoint capabilities require separate rows,Tenant scope required,NOT TESTED,NOT TESTED,NOT TESTED,NOT TESTED,apps/web/src/app/(dashboard)/finance/reconciliation/[id]/page.tsx; apps/web/src/lib/operations/nav-config.ts; apps/web/src/lib/protected-route.ts,
design,Finance,/finance/reconciliation/new,N/A (page resource; endpoint matrix tracked separately),View,DENY (current source policy),PARENT HIDDEN,DENY/REDIRECT,Page/layout gate; action and endpoint capabilities require separate rows,Tenant scope required,NOT TESTED,NOT TESTED,NOT TESTED,NOT TESTED,apps/web/src/app/(dashboard)/finance/reconciliation/new/page.tsx; apps/web/src/lib/operations/nav-config.ts; apps/web/src/lib/protected-route.ts,
design,Proposal Print,/inspection/[id],N/A (page resource; endpoint matrix tracked separately),View,ALLOW (current source policy),NO CONFIGURED NAV ITEM,ALLOW BY CATCH-ALL; PAGE GATE VARIES,Page/layout gate; action and endpoint capabilities require separate rows,Tenant scope required,NOT TESTED,NOT TESTED,NOT TESTED,PARTIAL,apps/web/src/app/(print)/inspection/[id]/page.tsx; apps/web/src/lib/operations/nav-config.ts; apps/web/src/lib/protected-route.ts,
design,Inventory,/inventory,N/A (page resource; endpoint matrix tracked separately),View,DENY (current source policy),HIDDEN,DENY/REDIRECT,Page/layout gate; action and endpoint capabilities require separate rows,Tenant scope required,NOT TESTED,NOT TESTED,NOT TESTED,NOT TESTED,apps/web/src/app/(dashboard)/inventory/page.tsx; apps/web/src/lib/operations/nav-config.ts; apps/web/src/lib/protected-route.ts,
design,Inventory,/inventory/movements,N/A (page resource; endpoint matrix tracked separately),View,DENY (current source policy),PARENT HIDDEN,DENY/REDIRECT,Page/layout gate; action and endpoint capabilities require separate rows,Tenant scope required,NOT TESTED,NOT TESTED,NOT TESTED,NOT TESTED,apps/web/src/app/(dashboard)/inventory/movements/page.tsx; apps/web/src/lib/operations/nav-config.ts; apps/web/src/lib/protected-route.ts,
design,Inventory,/inventory/movements/[id],N/A (page resource; endpoint matrix tracked separately),View,DENY (current source policy),PARENT HIDDEN,DENY/REDIRECT,Page/layout gate; action and endpoint capabilities require separate rows,Tenant scope required,NOT TESTED,NOT TESTED,NOT TESTED,NOT TESTED,apps/web/src/app/(dashboard)/inventory/movements/[id]/page.tsx; apps/web/src/lib/operations/nav-config.ts; apps/web/src/lib/protected-route.ts,
design,Inventory,/inventory/movements/new,N/A (page resource; endpoint matrix tracked separately),View,DENY (current source policy),PARENT HIDDEN,DENY/REDIRECT,Page/layout gate; action and endpoint capabilities require separate rows,Tenant scope required,NOT TESTED,NOT TESTED,NOT TESTED,NOT TESTED,apps/web/src/app/(dashboard)/inventory/movements/new/page.tsx; apps/web/src/lib/operations/nav-config.ts; apps/web/src/lib/protected-route.ts,
design,Inventory,/inventory/receipts,N/A (page resource; endpoint matrix tracked separately),View,DENY (current source policy),PARENT HIDDEN,DENY/REDIRECT,Page/layout gate; action and endpoint capabilities require separate rows,Tenant scope required,NOT TESTED,NOT TESTED,NOT TESTED,NOT TESTED,apps/web/src/app/(dashboard)/inventory/receipts/page.tsx; apps/web/src/lib/operations/nav-config.ts; apps/web/src/lib/protected-route.ts,
design,Inventory,/inventory/receipts/[id],N/A (page resource; endpoint matrix tracked separately),View,DENY (current source policy),PARENT HIDDEN,DENY/REDIRECT,Page/layout gate; action and endpoint capabilities require separate rows,Tenant scope required,NOT TESTED,NOT TESTED,NOT TESTED,NOT TESTED,apps/web/src/app/(dashboard)/inventory/receipts/[id]/page.tsx; apps/web/src/lib/operations/nav-config.ts; apps/web/src/lib/protected-route.ts,
design,Inventory,/inventory/receipts/new,N/A (page resource; endpoint matrix tracked separately),View,DENY (current source policy),PARENT HIDDEN,DENY/REDIRECT,Page/layout gate; action and endpoint capabilities require separate rows,Tenant scope required,NOT TESTED,NOT TESTED,NOT TESTED,NOT TESTED,apps/web/src/app/(dashboard)/inventory/receipts/new/page.tsx; apps/web/src/lib/operations/nav-config.ts; apps/web/src/lib/protected-route.ts,
design,Finance,/invoices,N/A (page resource; endpoint matrix tracked separately),View,DENY (current source policy),HIDDEN,DENY/REDIRECT,Page/layout gate; action and endpoint capabilities require separate rows,Tenant scope required,NOT TESTED,NOT TESTED,NOT TESTED,NOT TESTED,apps/web/src/app/(dashboard)/invoices/page.tsx; apps/web/src/lib/operations/nav-config.ts; apps/web/src/lib/protected-route.ts,
design,Finance,/invoices/[id],N/A (page resource; endpoint matrix tracked separately),View,DENY (current source policy),PARENT HIDDEN,DENY/REDIRECT,Page/layout gate; action and endpoint capabilities require separate rows,Tenant scope required,NOT TESTED,NOT TESTED,NOT TESTED,NOT TESTED,apps/web/src/app/(dashboard)/invoices/[id]/page.tsx; apps/web/src/lib/operations/nav-config.ts; apps/web/src/lib/protected-route.ts,
design,Finance,/invoices/[id]/bir2307,N/A (page resource; endpoint matrix tracked separately),View,DENY (current source policy),PARENT HIDDEN,DENY/REDIRECT,Page/layout gate; action and endpoint capabilities require separate rows,Tenant scope required,NOT TESTED,NOT TESTED,NOT TESTED,NOT TESTED,apps/web/src/app/(print)/invoices/[id]/bir2307/page.tsx; apps/web/src/lib/operations/nav-config.ts; apps/web/src/lib/protected-route.ts,
design,Finance,/invoices/[id]/print,N/A (page resource; endpoint matrix tracked separately),View,DENY (current source policy),PARENT HIDDEN,DENY/REDIRECT,Page/layout gate; action and endpoint capabilities require separate rows,Tenant scope required,NOT TESTED,NOT TESTED,NOT TESTED,NOT TESTED,apps/web/src/app/(print)/invoices/[id]/print/page.tsx; apps/web/src/lib/operations/nav-config.ts; apps/web/src/lib/protected-route.ts,
design,Pre-Construction,/permits,N/A (page resource; endpoint matrix tracked separately),View,DENY (current source policy),HIDDEN,DENY/REDIRECT,Page/layout gate; action and endpoint capabilities require separate rows,Tenant scope required,NOT TESTED,NOT TESTED,NOT TESTED,NOT TESTED,apps/web/src/app/(dashboard)/permits/page.tsx; apps/web/src/lib/operations/nav-config.ts; apps/web/src/lib/protected-route.ts,
design,Pipeline,/pipeline,N/A (page resource; endpoint matrix tracked separately),View,ALLOW (current source policy),NO CONFIGURED NAV ITEM,ALLOW BY CATCH-ALL; PAGE GATE VARIES,Page/layout gate; action and endpoint capabilities require separate rows,Tenant scope required,NOT TESTED,NOT TESTED,NOT TESTED,PARTIAL,apps/web/src/app/(dashboard)/pipeline/page.tsx; apps/web/src/lib/operations/nav-config.ts; apps/web/src/lib/protected-route.ts,
design,Pipeline,/pipeline/board,N/A (page resource; endpoint matrix tracked separately),View,ALLOW (current source policy),VISIBLE,ALLOW,Page/layout gate; action and endpoint capabilities require separate rows,Tenant scope required,NOT TESTED,NOT TESTED,NOT TESTED,NOT TESTED,apps/web/src/app/(dashboard)/pipeline/board/page.tsx; apps/web/src/lib/operations/nav-config.ts; apps/web/src/lib/protected-route.ts,
design,Pipeline,/pipeline/conversion,N/A (page resource; endpoint matrix tracked separately),View,ALLOW (current source policy),NO CONFIGURED NAV ITEM,ALLOW BY CATCH-ALL; PAGE GATE VARIES,Page/layout gate; action and endpoint capabilities require separate rows,Tenant scope required,NOT TESTED,NOT TESTED,NOT TESTED,PARTIAL,apps/web/src/app/(dashboard)/pipeline/conversion/page.tsx; apps/web/src/lib/operations/nav-config.ts; apps/web/src/lib/protected-route.ts,
design,Process & SLA,/process,N/A (page resource; endpoint matrix tracked separately),View,ALLOW (current source policy),VISIBLE,ALLOW,Page/layout gate; action and endpoint capabilities require separate rows,Tenant scope required,NOT TESTED,NOT TESTED,NOT TESTED,NOT TESTED,apps/web/src/app/(dashboard)/process/page.tsx; apps/web/src/lib/operations/nav-config.ts; apps/web/src/lib/protected-route.ts,
design,Procurement,/procurement,N/A (page resource; endpoint matrix tracked separately),View,ALLOW (current source policy),NO CONFIGURED NAV ITEM,ALLOW BY CATCH-ALL; PAGE GATE VARIES,Page/layout gate; action and endpoint capabilities require separate rows,Tenant scope required,NOT TESTED,NOT TESTED,NOT TESTED,PARTIAL,apps/web/src/app/(dashboard)/procurement/page.tsx; apps/web/src/lib/operations/nav-config.ts; apps/web/src/lib/protected-route.ts,
design,Procurement,/procurement/deliveries,N/A (page resource; endpoint matrix tracked separately),View,DENY (current source policy),HIDDEN,DENY/REDIRECT,Page/layout gate; action and endpoint capabilities require separate rows,Tenant scope required,NOT TESTED,NOT TESTED,NOT TESTED,NOT TESTED,apps/web/src/app/(dashboard)/procurement/deliveries/page.tsx; apps/web/src/lib/operations/nav-config.ts; apps/web/src/lib/protected-route.ts,
design,Procurement,/procurement/deliveries/[id],N/A (page resource; endpoint matrix tracked separately),View,DENY (current source policy),PARENT HIDDEN,DENY/REDIRECT,Page/layout gate; action and endpoint capabilities require separate rows,Tenant scope required,NOT TESTED,NOT TESTED,NOT TESTED,NOT TESTED,apps/web/src/app/(dashboard)/procurement/deliveries/[id]/page.tsx; apps/web/src/lib/operations/nav-config.ts; apps/web/src/lib/protected-route.ts,
design,Procurement,/procurement/deliveries/new,N/A (page resource; endpoint matrix tracked separately),View,DENY (current source policy),PARENT HIDDEN,DENY/REDIRECT,Page/layout gate; action and endpoint capabilities require separate rows,Tenant scope required,NOT TESTED,NOT TESTED,NOT TESTED,NOT TESTED,apps/web/src/app/(dashboard)/procurement/deliveries/new/page.tsx; apps/web/src/lib/operations/nav-config.ts; apps/web/src/lib/protected-route.ts,
design,Procurement,/procurement/rfqs,N/A (page resource; endpoint matrix tracked separately),View,DENY (current source policy),HIDDEN,DENY/REDIRECT,Page/layout gate; action and endpoint capabilities require separate rows,Tenant scope required,NOT TESTED,NOT TESTED,NOT TESTED,NOT TESTED,apps/web/src/app/(dashboard)/procurement/rfqs/page.tsx; apps/web/src/lib/operations/nav-config.ts; apps/web/src/lib/protected-route.ts,
design,Procurement,/procurement/rfqs/[id],N/A (page resource; endpoint matrix tracked separately),View,DENY (current source policy),PARENT HIDDEN,DENY/REDIRECT,Page/layout gate; action and endpoint capabilities require separate rows,Tenant scope required,NOT TESTED,NOT TESTED,NOT TESTED,NOT TESTED,apps/web/src/app/(dashboard)/procurement/rfqs/[id]/page.tsx; apps/web/src/lib/operations/nav-config.ts; apps/web/src/lib/protected-route.ts,
design,Projects,/projects,N/A (page resource; endpoint matrix tracked separately),View,ALLOW (current source policy),VISIBLE,ALLOW,Page/layout gate; action and endpoint capabilities require separate rows,Tenant scope required,NOT TESTED,NOT TESTED,NOT TESTED,NOT TESTED,apps/web/src/app/(dashboard)/projects/page.tsx; apps/web/src/lib/operations/nav-config.ts; apps/web/src/lib/protected-route.ts,
design,Projects,/projects/[id],N/A (page resource; endpoint matrix tracked separately),View,ALLOW (current source policy),PARENT VISIBLE,ALLOW,Page/layout gate; action and endpoint capabilities require separate rows,Tenant scope required,NOT TESTED,NOT TESTED,NOT TESTED,NOT TESTED,apps/web/src/app/(dashboard)/projects/[id]/page.tsx; apps/web/src/lib/operations/nav-config.ts; apps/web/src/lib/protected-route.ts,
design,Projects,/projects/[id]/access,N/A (page resource; endpoint matrix tracked separately),View,ALLOW (current source policy),PARENT VISIBLE,ALLOW,Page/layout gate; action and endpoint capabilities require separate rows,Tenant scope required,NOT TESTED,NOT TESTED,NOT TESTED,NOT TESTED,apps/web/src/app/(dashboard)/projects/[id]/access/page.tsx; apps/web/src/lib/operations/nav-config.ts; apps/web/src/lib/protected-route.ts,
design,Projects,/projects/[id]/audit,N/A (page resource; endpoint matrix tracked separately),View,DENY (audit.read policy),AUDIT TAB HIDDEN,DENY/NOT FOUND,Project detail projection plus audit.read route gate,Tenant and requested project scope,PASSED - all-role projection and route tests,PASSED - direct audit denial,NOT RUN,PARTIAL,project-detail-access.test.tsx; project-sensitive-routes.test.tsx; isolated Chromium 2026-09-03,Database-backed budget trigger not exercised in the broader project-detail slice
design,Projects,/projects/[id]/billing,N/A (page resource; endpoint matrix tracked separately),View,ALLOW (current source policy),PARENT VISIBLE,ALLOW,Page/layout gate; action and endpoint capabilities require separate rows,Tenant scope required,NOT TESTED,NOT TESTED,NOT TESTED,NOT TESTED,apps/web/src/app/(dashboard)/projects/[id]/billing/page.tsx; apps/web/src/lib/operations/nav-config.ts; apps/web/src/lib/protected-route.ts,
design,Projects,/projects/[id]/bom,N/A (page resource; endpoint matrix tracked separately),View,ALLOW (current source policy),PARENT VISIBLE,ALLOW,Page/layout gate; action and endpoint capabilities require separate rows,Tenant scope required,NOT TESTED,NOT TESTED,NOT TESTED,NOT TESTED,apps/web/src/app/(dashboard)/projects/[id]/bom/page.tsx; apps/web/src/lib/operations/nav-config.ts; apps/web/src/lib/protected-route.ts,
design,Projects,/projects/[id]/bom/togal,N/A (page resource; endpoint matrix tracked separately),View,ALLOW (current source policy),PARENT VISIBLE,ALLOW,Page/layout gate; action and endpoint capabilities require separate rows,Tenant scope required,NOT TESTED,NOT TESTED,NOT TESTED,NOT TESTED,apps/web/src/app/(dashboard)/projects/[id]/bom/togal/page.tsx; apps/web/src/lib/operations/nav-config.ts; apps/web/src/lib/protected-route.ts,
design,Projects,/projects/[id]/checklist,N/A (page resource; endpoint matrix tracked separately),View,ALLOW (current source policy),PARENT VISIBLE,ALLOW,Page/layout gate; action and endpoint capabilities require separate rows,Tenant scope required,NOT TESTED,NOT TESTED,NOT TESTED,NOT TESTED,apps/web/src/app/(dashboard)/projects/[id]/checklist/page.tsx; apps/web/src/lib/operations/nav-config.ts; apps/web/src/lib/protected-route.ts,
design,Projects,/projects/[id]/coc,N/A (page resource; endpoint matrix tracked separately),View,ALLOW (current source policy),PARENT VISIBLE,ALLOW,Page/layout gate; action and endpoint capabilities require separate rows,Tenant scope required,NOT TESTED,NOT TESTED,NOT TESTED,NOT TESTED,apps/web/src/app/(dashboard)/projects/[id]/coc/page.tsx; apps/web/src/lib/operations/nav-config.ts; apps/web/src/lib/protected-route.ts,
design,Projects,/projects/[id]/comments,N/A (page resource; endpoint matrix tracked separately),View,ALLOW (current source policy),PARENT VISIBLE,ALLOW,Page/layout gate; action and endpoint capabilities require separate rows,Tenant scope required,NOT TESTED,NOT TESTED,NOT TESTED,NOT TESTED,apps/web/src/app/(dashboard)/projects/[id]/comments/page.tsx; apps/web/src/lib/operations/nav-config.ts; apps/web/src/lib/protected-route.ts,
design,Projects,/projects/[id]/cost,N/A (page resource; endpoint matrix tracked separately),View,ALLOW (current source policy),PARENT VISIBLE,ALLOW,Page/layout gate; action and endpoint capabilities require separate rows,Tenant scope required,NOT TESTED,NOT TESTED,NOT TESTED,NOT TESTED,apps/web/src/app/(dashboard)/projects/[id]/cost/page.tsx; apps/web/src/lib/operations/nav-config.ts; apps/web/src/lib/protected-route.ts,
design,Projects,/projects/[id]/cost/budget,N/A (page resource; endpoint matrix tracked separately),View,ALLOW (current source policy),PARENT VISIBLE,ALLOW,Page/layout gate; action and endpoint capabilities require separate rows,Tenant scope required,NOT TESTED,NOT TESTED,NOT TESTED,NOT TESTED,apps/web/src/app/(dashboard)/projects/[id]/cost/budget/page.tsx; apps/web/src/lib/operations/nav-config.ts; apps/web/src/lib/protected-route.ts,
design,Projects,/projects/[id]/documents,N/A (page resource; endpoint matrix tracked separately),View,ALLOW (current source policy),PARENT VISIBLE,ALLOW,Page/layout gate; action and endpoint capabilities require separate rows,Tenant scope required,NOT TESTED,NOT TESTED,NOT TESTED,NOT TESTED,apps/web/src/app/(dashboard)/projects/[id]/documents/page.tsx; apps/web/src/lib/operations/nav-config.ts; apps/web/src/lib/protected-route.ts,
design,Projects,/projects/[id]/permits,N/A (page resource; endpoint matrix tracked separately),View,ALLOW (current source policy),PARENT VISIBLE,ALLOW,Page/layout gate; action and endpoint capabilities require separate rows,Tenant scope required,NOT TESTED,NOT TESTED,NOT TESTED,NOT TESTED,apps/web/src/app/(dashboard)/projects/[id]/permits/page.tsx; apps/web/src/lib/operations/nav-config.ts; apps/web/src/lib/protected-route.ts,
design,Projects,/projects/[id]/progress,N/A (page resource; endpoint matrix tracked separately),View,ALLOW (current source policy),PARENT VISIBLE,ALLOW,Page/layout gate; action and endpoint capabilities require separate rows,Tenant scope required,NOT TESTED,NOT TESTED,NOT TESTED,NOT TESTED,apps/web/src/app/(dashboard)/projects/[id]/progress/page.tsx; apps/web/src/lib/operations/nav-config.ts; apps/web/src/lib/protected-route.ts,
design,Projects,/projects/[id]/reports,N/A (page resource; endpoint matrix tracked separately),View,ALLOW (current source policy),PARENT VISIBLE,ALLOW,Page/layout gate; action and endpoint capabilities require separate rows,Tenant scope required,NOT TESTED,NOT TESTED,NOT TESTED,NOT TESTED,apps/web/src/app/(dashboard)/projects/[id]/reports/page.tsx; apps/web/src/lib/operations/nav-config.ts; apps/web/src/lib/protected-route.ts,
design,Projects,/projects/[id]/scope,N/A (page resource; endpoint matrix tracked separately),View,ALLOW (current source policy),PARENT VISIBLE,ALLOW,Page/layout gate; action and endpoint capabilities require separate rows,Tenant scope required,NOT TESTED,NOT TESTED,NOT TESTED,NOT TESTED,apps/web/src/app/(dashboard)/projects/[id]/scope/page.tsx; apps/web/src/lib/operations/nav-config.ts; apps/web/src/lib/protected-route.ts,
design,Projects,/projects/[id]/turnover,N/A (page resource; endpoint matrix tracked separately),View,ALLOW (current source policy),PARENT VISIBLE,ALLOW,Page/layout gate; action and endpoint capabilities require separate rows,Tenant scope required,NOT TESTED,NOT TESTED,NOT TESTED,NOT TESTED,apps/web/src/app/(dashboard)/projects/[id]/turnover/page.tsx; apps/web/src/lib/operations/nav-config.ts; apps/web/src/lib/protected-route.ts,
design,Projects,/projects/[id]/vos,N/A (page resource; endpoint matrix tracked separately),View,ALLOW (current source policy),PARENT VISIBLE,ALLOW,Page/layout gate; action and endpoint capabilities require separate rows,Tenant scope required,NOT TESTED,NOT TESTED,NOT TESTED,NOT TESTED,apps/web/src/app/(dashboard)/projects/[id]/vos/page.tsx; apps/web/src/lib/operations/nav-config.ts; apps/web/src/lib/protected-route.ts,
design,Projects,/projects/[id]/vos/[voId],N/A (page resource; endpoint matrix tracked separately),View,ALLOW (current source policy),PARENT VISIBLE,ALLOW,Page/layout gate; action and endpoint capabilities require separate rows,Tenant scope required,NOT TESTED,NOT TESTED,NOT TESTED,NOT TESTED,apps/web/src/app/(dashboard)/projects/[id]/vos/[voId]/page.tsx; apps/web/src/lib/operations/nav-config.ts; apps/web/src/lib/protected-route.ts,
design,Projects,/projects/new,N/A (page resource; endpoint matrix tracked separately),View,ALLOW (current source policy),PARENT VISIBLE,ALLOW,Page/layout gate; action and endpoint capabilities require separate rows,Tenant scope required,NOT TESTED,NOT TESTED,NOT TESTED,NOT TESTED,apps/web/src/app/(dashboard)/projects/new/page.tsx; apps/web/src/lib/operations/nav-config.ts; apps/web/src/lib/protected-route.ts,
design,Post-Construction,/punchlist,N/A (page resource; endpoint matrix tracked separately),View,DENY (current source policy),HIDDEN,DENY/REDIRECT,Page/layout gate; action and endpoint capabilities require separate rows,Tenant scope required,NOT TESTED,NOT TESTED,NOT TESTED,NOT TESTED,apps/web/src/app/(dashboard)/punchlist/page.tsx; apps/web/src/lib/operations/nav-config.ts; apps/web/src/lib/protected-route.ts,
design,Post-Construction,/punchlist/[id],N/A (page resource; endpoint matrix tracked separately),View,DENY (current source policy),PARENT HIDDEN,DENY/REDIRECT,Page/layout gate; action and endpoint capabilities require separate rows,Tenant scope required,NOT TESTED,NOT TESTED,NOT TESTED,NOT TESTED,apps/web/src/app/(dashboard)/punchlist/[id]/page.tsx; apps/web/src/lib/operations/nav-config.ts; apps/web/src/lib/protected-route.ts,
design,Post-Construction,/punchlist/new,N/A (page resource; endpoint matrix tracked separately),View,DENY (current source policy),PARENT HIDDEN,DENY/REDIRECT,Page/layout gate; action and endpoint capabilities require separate rows,Tenant scope required,NOT TESTED,NOT TESTED,NOT TESTED,NOT TESTED,apps/web/src/app/(dashboard)/punchlist/new/page.tsx; apps/web/src/lib/operations/nav-config.ts; apps/web/src/lib/protected-route.ts,
design,Procurement,/purchase-orders,N/A (page resource; endpoint matrix tracked separately),View,DENY (current source policy),HIDDEN,DENY/REDIRECT,Page/layout gate; action and endpoint capabilities require separate rows,Tenant scope required,NOT TESTED,NOT TESTED,NOT TESTED,NOT TESTED,apps/web/src/app/(dashboard)/purchase-orders/page.tsx; apps/web/src/lib/operations/nav-config.ts; apps/web/src/lib/protected-route.ts,
design,Procurement,/purchase-orders/[id],N/A (page resource; endpoint matrix tracked separately),View,DENY (current source policy),PARENT HIDDEN,DENY/REDIRECT,Page/layout gate; action and endpoint capabilities require separate rows,Tenant scope required,NOT TESTED,NOT TESTED,NOT TESTED,NOT TESTED,apps/web/src/app/(dashboard)/purchase-orders/[id]/page.tsx; apps/web/src/lib/operations/nav-config.ts; apps/web/src/lib/protected-route.ts,
design,Procurement,/purchase-orders/[id]/print,N/A (page resource; endpoint matrix tracked separately),View,DENY (current source policy),PARENT HIDDEN,DENY/REDIRECT,Page/layout gate; action and endpoint capabilities require separate rows,Tenant scope required,NOT TESTED,NOT TESTED,NOT TESTED,NOT TESTED,apps/web/src/app/(print)/purchase-orders/[id]/print/page.tsx; apps/web/src/lib/operations/nav-config.ts; apps/web/src/lib/protected-route.ts,
design,Admin & Reports,/reports,N/A (page resource; endpoint matrix tracked separately),View,DENY (current source policy),HIDDEN,DENY/REDIRECT,Page/layout gate; action and endpoint capabilities require separate rows,Tenant scope required,NOT TESTED,NOT TESTED,NOT TESTED,NOT TESTED,apps/web/src/app/(dashboard)/reports/page.tsx; apps/web/src/lib/operations/nav-config.ts; apps/web/src/lib/protected-route.ts,
design,Settings & Profile,/settings,N/A (page resource; endpoint matrix tracked separately),View,ALLOW (current source policy),VISIBLE,ALLOW,Page/layout gate; action and endpoint capabilities require separate rows,Tenant scope required,NOT TESTED,NOT TESTED,NOT TESTED,NOT TESTED,apps/web/src/app/(dashboard)/settings/page.tsx; apps/web/src/lib/operations/nav-config.ts; apps/web/src/lib/protected-route.ts,
design,Construction Cadence,/tasks,N/A (page resource; endpoint matrix tracked separately),View,ALLOW (current source policy),VISIBLE,ALLOW,Page/layout gate; action and endpoint capabilities require separate rows,Tenant scope required,NOT TESTED,NOT TESTED,NOT TESTED,NOT TESTED,apps/web/src/app/(dashboard)/tasks/page.tsx; apps/web/src/lib/operations/nav-config.ts; apps/web/src/lib/protected-route.ts,
design,Warranty & CX,/warranty,N/A (page resource; endpoint matrix tracked separately),View,DENY (current source policy),HIDDEN,DENY/REDIRECT,Page/layout gate; action and endpoint capabilities require separate rows,Tenant scope required,NOT TESTED,NOT TESTED,NOT TESTED,NOT TESTED,apps/web/src/app/(dashboard)/warranty/page.tsx; apps/web/src/lib/operations/nav-config.ts; apps/web/src/lib/protected-route.ts,
design,Warranty & CX,/warranty/[id],N/A (page resource; endpoint matrix tracked separately),View,DENY (current source policy),PARENT HIDDEN,DENY/REDIRECT,Page/layout gate; action and endpoint capabilities require separate rows,Tenant scope required,NOT TESTED,NOT TESTED,NOT TESTED,NOT TESTED,apps/web/src/app/(dashboard)/warranty/[id]/page.tsx; apps/web/src/lib/operations/nav-config.ts; apps/web/src/lib/protected-route.ts,
design,Warranty & CX,/warranty/cnps,N/A (page resource; endpoint matrix tracked separately),View,DENY (current source policy),HIDDEN,DENY/REDIRECT,Page/layout gate; action and endpoint capabilities require separate rows,Tenant scope required,NOT TESTED,NOT TESTED,NOT TESTED,NOT TESTED,apps/web/src/app/(dashboard)/warranty/cnps/page.tsx; apps/web/src/lib/operations/nav-config.ts; apps/web/src/lib/protected-route.ts,
design,Construction Cadence,/weekly-report/[id],N/A (page resource; endpoint matrix tracked separately),View,ALLOW (current source policy),NO CONFIGURED NAV ITEM,ALLOW BY CATCH-ALL; PAGE GATE VARIES,Page/layout gate; action and endpoint capabilities require separate rows,Tenant scope required,NOT TESTED,NOT TESTED,NOT TESTED,PARTIAL,apps/web/src/app/(print)/weekly-report/[id]/page.tsx; apps/web/src/lib/operations/nav-config.ts; apps/web/src/lib/protected-route.ts,
sd_pm_pe,Admin & Reports,/admin,N/A (page resource; endpoint matrix tracked separately),View,DENY (current source policy),HIDDEN,DENY/REDIRECT,Page/layout gate; action and endpoint capabilities require separate rows,Tenant scope required,NOT TESTED,NOT TESTED,NOT TESTED,NOT TESTED,apps/web/src/app/(dashboard)/admin/page.tsx; apps/web/src/lib/operations/nav-config.ts; apps/web/src/lib/protected-route.ts,
sd_pm_pe,Admin & Reports,/admin/data-quality,N/A (page resource; endpoint matrix tracked separately),View,DENY (current source policy),PARENT HIDDEN,DENY/REDIRECT,Page/layout gate; action and endpoint capabilities require separate rows,Tenant scope required,NOT TESTED,NOT TESTED,NOT TESTED,NOT TESTED,apps/web/src/app/(dashboard)/admin/data-quality/page.tsx; apps/web/src/lib/operations/nav-config.ts; apps/web/src/lib/protected-route.ts,
sd_pm_pe,Admin & Reports,/admin/mapping-config,N/A (page resource; endpoint matrix tracked separately),View,DENY (current source policy),PARENT HIDDEN,DENY/REDIRECT,Page/layout gate; action and endpoint capabilities require separate rows,Tenant scope required,NOT TESTED,NOT TESTED,NOT TESTED,NOT TESTED,apps/web/src/app/(dashboard)/admin/mapping-config/page.tsx; apps/web/src/lib/operations/nav-config.ts; apps/web/src/lib/protected-route.ts,
sd_pm_pe,Admin & Reports,/admin/material-items,N/A (page resource; endpoint matrix tracked separately),View,DENY (current source policy),PARENT HIDDEN,DENY/REDIRECT,Page/layout gate; action and endpoint capabilities require separate rows,Tenant scope required,NOT TESTED,NOT TESTED,NOT TESTED,NOT TESTED,apps/web/src/app/(dashboard)/admin/material-items/page.tsx; apps/web/src/lib/operations/nav-config.ts; apps/web/src/lib/protected-route.ts,
sd_pm_pe,Admin & Reports,/admin/rate-cards,N/A (page resource; endpoint matrix tracked separately),View,DENY (current source policy),PARENT HIDDEN,DENY/REDIRECT,Page/layout gate; action and endpoint capabilities require separate rows,Tenant scope required,NOT TESTED,NOT TESTED,NOT TESTED,NOT TESTED,apps/web/src/app/(dashboard)/admin/rate-cards/page.tsx; apps/web/src/lib/operations/nav-config.ts; apps/web/src/lib/protected-route.ts,
sd_pm_pe,Admin & Reports,/admin/users,N/A (page resource; endpoint matrix tracked separately),View,DENY (current source policy),PARENT HIDDEN,DENY/REDIRECT,Page/layout gate; action and endpoint capabilities require separate rows,Tenant scope required,NOT TESTED,NOT TESTED,NOT TESTED,NOT TESTED,apps/web/src/app/(dashboard)/admin/users/page.tsx; apps/web/src/lib/operations/nav-config.ts; apps/web/src/lib/protected-route.ts,
sd_pm_pe,Admin & Reports,/admin/users/[id],N/A (page resource; endpoint matrix tracked separately),View,DENY (current source policy),PARENT HIDDEN,DENY/REDIRECT,Page/layout gate; action and endpoint capabilities require separate rows,Tenant scope required,NOT TESTED,NOT TESTED,NOT TESTED,NOT TESTED,apps/web/src/app/(dashboard)/admin/users/[id]/page.tsx; apps/web/src/lib/operations/nav-config.ts; apps/web/src/lib/protected-route.ts,
sd_pm_pe,Admin & Reports,/admin/users/new,N/A (page resource; endpoint matrix tracked separately),View,DENY (current source policy),PARENT HIDDEN,DENY/REDIRECT,Page/layout gate; action and endpoint capabilities require separate rows,Tenant scope required,NOT TESTED,NOT TESTED,NOT TESTED,NOT TESTED,apps/web/src/app/(dashboard)/admin/users/new/page.tsx; apps/web/src/lib/operations/nav-config.ts; apps/web/src/lib/protected-route.ts,
sd_pm_pe,Assets,/assets,N/A (page resource; endpoint matrix tracked separately),View,ALLOW (current source policy),HIDDEN BY CONTROLLED-ROLLOUT FLAG,ALLOW,Page/layout gate; action and endpoint capabilities require separate rows,Tenant scope required,NOT TESTED,NOT TESTED,NOT TESTED,NOT TESTED,apps/web/src/app/(dashboard)/assets/page.tsx; apps/web/src/lib/operations/nav-config.ts; apps/web/src/lib/protected-route.ts,
sd_pm_pe,Assets,/assets/[assetId],N/A (page resource; endpoint matrix tracked separately),View,ALLOW (current source policy),HIDDEN BY CONTROLLED-ROLLOUT FLAG,ALLOW,Page/layout gate; action and endpoint capabilities require separate rows,Tenant scope required,NOT TESTED,NOT TESTED,NOT TESTED,NOT TESTED,apps/web/src/app/(dashboard)/assets/[assetId]/page.tsx; apps/web/src/lib/operations/nav-config.ts; apps/web/src/lib/protected-route.ts,
sd_pm_pe,BOM Engine,/bom,N/A (page resource; endpoint matrix tracked separately),View,DENY (current source policy),HIDDEN,DENY/REDIRECT,Page/layout gate; action and endpoint capabilities require separate rows,Tenant scope required,NOT TESTED,NOT TESTED,NOT TESTED,NOT TESTED,apps/web/src/app/(dashboard)/bom/page.tsx; apps/web/src/lib/operations/nav-config.ts; apps/web/src/lib/protected-route.ts,
sd_pm_pe,Finance & Billing,/claims,N/A (page resource; endpoint matrix tracked separately),View,ALLOW (current source policy),VISIBLE,ALLOW,Page/layout gate; action and endpoint capabilities require separate rows,Tenant scope required,NOT TESTED,NOT TESTED,NOT TESTED,NOT TESTED,apps/web/src/app/(dashboard)/claims/page.tsx; apps/web/src/lib/operations/nav-config.ts; apps/web/src/lib/protected-route.ts,
sd_pm_pe,Finance & Billing,/claims/[id],N/A (page resource; endpoint matrix tracked separately),View,ALLOW (current source policy),PARENT VISIBLE,ALLOW,Page/layout gate; action and endpoint capabilities require separate rows,Tenant scope required,NOT TESTED,NOT TESTED,NOT TESTED,NOT TESTED,apps/web/src/app/(dashboard)/claims/[id]/page.tsx; apps/web/src/lib/operations/nav-config.ts; apps/web/src/lib/protected-route.ts,
sd_pm_pe,Finance & Billing,/claims/new,N/A (page resource; endpoint matrix tracked separately),View,ALLOW (current source policy),PARENT VISIBLE,ALLOW,Page/layout gate; action and endpoint capabilities require separate rows,Tenant scope required,NOT TESTED,NOT TESTED,NOT TESTED,NOT TESTED,apps/web/src/app/(dashboard)/claims/new/page.tsx; apps/web/src/lib/operations/nav-config.ts; apps/web/src/lib/protected-route.ts,
sd_pm_pe,Cortex,/cortex,N/A (page resource; endpoint matrix tracked separately),View,ALLOW (current source policy),VISIBLE,ALLOW,Page/layout gate; action and endpoint capabilities require separate rows,Tenant scope required,NOT TESTED,NOT TESTED,NOT TESTED,NOT TESTED,apps/web/src/app/(dashboard)/cortex/page.tsx; apps/web/src/lib/operations/nav-config.ts; apps/web/src/lib/protected-route.ts,
sd_pm_pe,CRM & Proposal,/crm,N/A (page resource; endpoint matrix tracked separately),View,ALLOW (current source policy),NO CONFIGURED NAV ITEM,ALLOW BY CATCH-ALL; PAGE GATE VARIES,Page/layout gate; action and endpoint capabilities require separate rows,Tenant scope required,NOT TESTED,NOT TESTED,NOT TESTED,PARTIAL,apps/web/src/app/(dashboard)/crm/page.tsx; apps/web/src/lib/operations/nav-config.ts; apps/web/src/lib/protected-route.ts,
sd_pm_pe,CRM & Proposal,/crm/accounts,N/A (page resource; endpoint matrix tracked separately),View,ALLOW (current source policy),VISIBLE,ALLOW,Page/layout gate; action and endpoint capabilities require separate rows,Tenant scope required,NOT TESTED,NOT TESTED,NOT TESTED,NOT TESTED,apps/web/src/app/(dashboard)/crm/accounts/page.tsx; apps/web/src/lib/operations/nav-config.ts; apps/web/src/lib/protected-route.ts,
sd_pm_pe,CRM & Proposal,/crm/accounts/[id],N/A (page resource; endpoint matrix tracked separately),View,ALLOW (current source policy),PARENT VISIBLE,ALLOW,Page/layout gate; action and endpoint capabilities require separate rows,Tenant scope required,NOT TESTED,NOT TESTED,NOT TESTED,NOT TESTED,apps/web/src/app/(dashboard)/crm/accounts/[id]/page.tsx; apps/web/src/lib/operations/nav-config.ts; apps/web/src/lib/protected-route.ts,
sd_pm_pe,CRM & Proposal,/crm/accounts/new,N/A (page resource; endpoint matrix tracked separately),View,ALLOW (current source policy),PARENT VISIBLE,ALLOW,Page/layout gate; action and endpoint capabilities require separate rows,Tenant scope required,NOT TESTED,NOT TESTED,NOT TESTED,NOT TESTED,apps/web/src/app/(dashboard)/crm/accounts/new/page.tsx; apps/web/src/lib/operations/nav-config.ts; apps/web/src/lib/protected-route.ts,
sd_pm_pe,CRM & Proposal,/crm/kyc-queue,N/A (page resource; endpoint matrix tracked separately),View,DENY (current source policy),HIDDEN,DENY/REDIRECT,Page/layout gate; action and endpoint capabilities require separate rows,Tenant scope required,NOT TESTED,NOT TESTED,NOT TESTED,NOT TESTED,apps/web/src/app/(dashboard)/crm/kyc-queue/page.tsx; apps/web/src/lib/operations/nav-config.ts; apps/web/src/lib/protected-route.ts,
sd_pm_pe,CRM & Proposal,/crm/opportunities,N/A (page resource; endpoint matrix tracked separately),View,ALLOW (current source policy),NO CONFIGURED NAV ITEM,ALLOW BY CATCH-ALL; PAGE GATE VARIES,Page/layout gate; action and endpoint capabilities require separate rows,Tenant scope required,NOT TESTED,NOT TESTED,NOT TESTED,PARTIAL,apps/web/src/app/(dashboard)/crm/opportunities/page.tsx; apps/web/src/lib/operations/nav-config.ts; apps/web/src/lib/protected-route.ts,
sd_pm_pe,CRM & Proposal,/crm/opportunities/[id],N/A (page resource; endpoint matrix tracked separately),View,ALLOW (current source policy),NO CONFIGURED NAV ITEM,ALLOW BY CATCH-ALL; PAGE GATE VARIES,Page/layout gate; action and endpoint capabilities require separate rows,Tenant scope required,NOT TESTED,NOT TESTED,NOT TESTED,PARTIAL,apps/web/src/app/(dashboard)/crm/opportunities/[id]/page.tsx; apps/web/src/lib/operations/nav-config.ts; apps/web/src/lib/protected-route.ts,
sd_pm_pe,CRM & Proposal,/crm/opportunities/[id]/proposal,N/A (page resource; endpoint matrix tracked separately),View,ALLOW (current source policy),NO CONFIGURED NAV ITEM,ALLOW BY CATCH-ALL; PAGE GATE VARIES,Page/layout gate; action and endpoint capabilities require separate rows,Tenant scope required,NOT TESTED,NOT TESTED,NOT TESTED,PARTIAL,apps/web/src/app/(dashboard)/crm/opportunities/[id]/proposal/page.tsx; apps/web/src/lib/operations/nav-config.ts; apps/web/src/lib/protected-route.ts,
sd_pm_pe,CRM & Proposal,/crm/opportunities/[id]/proposal/change-requests,N/A (page resource; endpoint matrix tracked separately),View,ALLOW (current source policy),NO CONFIGURED NAV ITEM,ALLOW BY CATCH-ALL; PAGE GATE VARIES,Page/layout gate; action and endpoint capabilities require separate rows,Tenant scope required,NOT TESTED,NOT TESTED,NOT TESTED,PARTIAL,apps/web/src/app/(dashboard)/crm/opportunities/[id]/proposal/change-requests/page.tsx; apps/web/src/lib/operations/nav-config.ts; apps/web/src/lib/protected-route.ts,
sd_pm_pe,CRM & Proposal,/crm/opportunities/[id]/proposal/design,N/A (page resource; endpoint matrix tracked separately),View,ALLOW (current source policy),NO CONFIGURED NAV ITEM,ALLOW BY CATCH-ALL; PAGE GATE VARIES,Page/layout gate; action and endpoint capabilities require separate rows,Tenant scope required,NOT TESTED,NOT TESTED,NOT TESTED,PARTIAL,apps/web/src/app/(dashboard)/crm/opportunities/[id]/proposal/design/page.tsx; apps/web/src/lib/operations/nav-config.ts; apps/web/src/lib/protected-route.ts,
sd_pm_pe,CRM & Proposal,/crm/opportunities/[id]/proposal/inspection,N/A (page resource; endpoint matrix tracked separately),View,ALLOW (current source policy),NO CONFIGURED NAV ITEM,ALLOW BY CATCH-ALL; PAGE GATE VARIES,Page/layout gate; action and endpoint capabilities require separate rows,Tenant scope required,NOT TESTED,NOT TESTED,NOT TESTED,PARTIAL,apps/web/src/app/(dashboard)/crm/opportunities/[id]/proposal/inspection/page.tsx; apps/web/src/lib/operations/nav-config.ts; apps/web/src/lib/protected-route.ts,
sd_pm_pe,CRM & Proposal,/crm/opportunities/[id]/proposal/pprf,N/A (page resource; endpoint matrix tracked separately),View,ALLOW (current source policy),NO CONFIGURED NAV ITEM,ALLOW BY CATCH-ALL; PAGE GATE VARIES,Page/layout gate; action and endpoint capabilities require separate rows,Tenant scope required,NOT TESTED,NOT TESTED,NOT TESTED,PARTIAL,apps/web/src/app/(dashboard)/crm/opportunities/[id]/proposal/pprf/page.tsx; apps/web/src/lib/operations/nav-config.ts; apps/web/src/lib/protected-route.ts,
sd_pm_pe,CRM & Proposal,/crm/opportunities/new/pprf,N/A (page resource; endpoint matrix tracked separately),View,ALLOW (current source policy),NO CONFIGURED NAV ITEM,ALLOW BY CATCH-ALL; PAGE GATE VARIES,Page/layout gate; action and endpoint capabilities require separate rows,Tenant scope required,NOT TESTED,NOT TESTED,NOT TESTED,PARTIAL,apps/web/src/app/(dashboard)/crm/opportunities/new/pprf/page.tsx; apps/web/src/lib/operations/nav-config.ts; apps/web/src/lib/protected-route.ts,
sd_pm_pe,Dashboard,/dashboard,N/A (page resource; endpoint matrix tracked separately),View,ALLOW (current source policy),VISIBLE,ALLOW,Page/layout gate; action and endpoint capabilities require separate rows,Tenant scope required,NOT TESTED,PASSED - real Supabase login and render,NOT TESTED,PARTIAL,apps/web/src/app/(dashboard)/dashboard/page.tsx; isolated Chromium role matrix 2026-09-02,Full route-state and action coverage remains
sd_pm_pe,Documents,/documents,N/A (page resource; endpoint matrix tracked separately),View,ALLOW (current source policy),VISIBLE,ALLOW,Page/layout gate; action and endpoint capabilities require separate rows,Tenant scope required,NOT TESTED,NOT TESTED,NOT TESTED,NOT TESTED,apps/web/src/app/(dashboard)/documents/page.tsx; apps/web/src/lib/operations/nav-config.ts; apps/web/src/lib/protected-route.ts,
sd_pm_pe,Finance,/finance,N/A (page resource; endpoint matrix tracked separately),View,DENY (current source policy),HIDDEN,DENY/REDIRECT,Page/layout gate; action and endpoint capabilities require separate rows,Tenant scope required,NOT TESTED,NOT TESTED,NOT TESTED,NOT TESTED,apps/web/src/app/(dashboard)/finance/page.tsx; apps/web/src/lib/operations/nav-config.ts; apps/web/src/lib/protected-route.ts,
sd_pm_pe,Finance,/finance/cash,N/A (page resource; endpoint matrix tracked separately),View,DENY (current source policy),HIDDEN,DENY/REDIRECT,Page/layout gate; action and endpoint capabilities require separate rows,Tenant scope required,NOT TESTED,NOT TESTED,NOT TESTED,NOT TESTED,apps/web/src/app/(dashboard)/finance/cash/page.tsx; apps/web/src/lib/operations/nav-config.ts; apps/web/src/lib/protected-route.ts,
sd_pm_pe,Finance,/finance/cash/[id],N/A (page resource; endpoint matrix tracked separately),View,DENY (current source policy),PARENT HIDDEN,DENY/REDIRECT,Page/layout gate; action and endpoint capabilities require separate rows,Tenant scope required,NOT TESTED,NOT TESTED,NOT TESTED,NOT TESTED,apps/web/src/app/(dashboard)/finance/cash/[id]/page.tsx; apps/web/src/lib/operations/nav-config.ts; apps/web/src/lib/protected-route.ts,
sd_pm_pe,Finance,/finance/cash/new,N/A (page resource; endpoint matrix tracked separately),View,DENY (current source policy),PARENT HIDDEN,DENY/REDIRECT,Page/layout gate; action and endpoint capabilities require separate rows,Tenant scope required,NOT TESTED,NOT TESTED,NOT TESTED,NOT TESTED,apps/web/src/app/(dashboard)/finance/cash/new/page.tsx; apps/web/src/lib/operations/nav-config.ts; apps/web/src/lib/protected-route.ts,
sd_pm_pe,Finance,/finance/journals/[id],N/A (page resource; endpoint matrix tracked separately),View,DENY (current source policy),PARENT HIDDEN,DENY/REDIRECT,Page/layout gate; action and endpoint capabilities require separate rows,Tenant scope required,NOT TESTED,NOT TESTED,NOT TESTED,NOT TESTED,apps/web/src/app/(dashboard)/finance/journals/[id]/page.tsx; apps/web/src/lib/operations/nav-config.ts; apps/web/src/lib/protected-route.ts,
sd_pm_pe,Finance,/finance/journals/new,N/A (page resource; endpoint matrix tracked separately),View,DENY (current source policy),PARENT HIDDEN,DENY/REDIRECT,Page/layout gate; action and endpoint capabilities require separate rows,Tenant scope required,NOT TESTED,NOT TESTED,NOT TESTED,NOT TESTED,apps/web/src/app/(dashboard)/finance/journals/new/page.tsx; apps/web/src/lib/operations/nav-config.ts; apps/web/src/lib/protected-route.ts,
sd_pm_pe,Finance,/finance/ledger,N/A (page resource; endpoint matrix tracked separately),View,DENY (current source policy),PARENT HIDDEN,DENY/REDIRECT,Page/layout gate; action and endpoint capabilities require separate rows,Tenant scope required,NOT TESTED,NOT TESTED,NOT TESTED,NOT TESTED,apps/web/src/app/(dashboard)/finance/ledger/page.tsx; apps/web/src/lib/operations/nav-config.ts; apps/web/src/lib/protected-route.ts,
sd_pm_pe,Finance,/finance/payables,N/A (page resource; endpoint matrix tracked separately),View,DENY (current source policy),HIDDEN,DENY/REDIRECT,Page/layout gate; action and endpoint capabilities require separate rows,Tenant scope required,NOT TESTED,NOT TESTED,NOT TESTED,NOT TESTED,apps/web/src/app/(dashboard)/finance/payables/page.tsx; apps/web/src/lib/operations/nav-config.ts; apps/web/src/lib/protected-route.ts,
sd_pm_pe,Finance,/finance/payables/[id],N/A (page resource; endpoint matrix tracked separately),View,DENY (current source policy),PARENT HIDDEN,DENY/REDIRECT,Page/layout gate; action and endpoint capabilities require separate rows,Tenant scope required,NOT TESTED,NOT TESTED,NOT TESTED,NOT TESTED,apps/web/src/app/(dashboard)/finance/payables/[id]/page.tsx; apps/web/src/lib/operations/nav-config.ts; apps/web/src/lib/protected-route.ts,
sd_pm_pe,Finance,/finance/payables/[id]/edit,N/A (page resource; endpoint matrix tracked separately),View,DENY (current source policy),PARENT HIDDEN,DENY/REDIRECT,Page/layout gate; action and endpoint capabilities require separate rows,Tenant scope required,NOT TESTED,NOT TESTED,NOT TESTED,NOT TESTED,apps/web/src/app/(dashboard)/finance/payables/[id]/edit/page.tsx; apps/web/src/lib/operations/nav-config.ts; apps/web/src/lib/protected-route.ts,
sd_pm_pe,Finance,/finance/payables/new,N/A (page resource; endpoint matrix tracked separately),View,DENY (current source policy),PARENT HIDDEN,DENY/REDIRECT,Page/layout gate; action and endpoint capabilities require separate rows,Tenant scope required,NOT TESTED,NOT TESTED,NOT TESTED,NOT TESTED,apps/web/src/app/(dashboard)/finance/payables/new/page.tsx; apps/web/src/lib/operations/nav-config.ts; apps/web/src/lib/protected-route.ts,
sd_pm_pe,Finance,/finance/receivables,N/A (page resource; endpoint matrix tracked separately),View,DENY (current source policy),HIDDEN,DENY/REDIRECT,Page/layout gate; action and endpoint capabilities require separate rows,Tenant scope required,NOT TESTED,NOT TESTED,NOT TESTED,NOT TESTED,apps/web/src/app/(dashboard)/finance/receivables/page.tsx; apps/web/src/lib/operations/nav-config.ts; apps/web/src/lib/protected-route.ts,
sd_pm_pe,Finance,/finance/reconciliation,N/A (page resource; endpoint matrix tracked separately),View,DENY (current source policy),HIDDEN,DENY/REDIRECT,Page/layout gate; action and endpoint capabilities require separate rows,Tenant scope required,NOT TESTED,NOT TESTED,NOT TESTED,NOT TESTED,apps/web/src/app/(dashboard)/finance/reconciliation/page.tsx; apps/web/src/lib/operations/nav-config.ts; apps/web/src/lib/protected-route.ts,
sd_pm_pe,Finance,/finance/reconciliation/[id],N/A (page resource; endpoint matrix tracked separately),View,DENY (current source policy),PARENT HIDDEN,DENY/REDIRECT,Page/layout gate; action and endpoint capabilities require separate rows,Tenant scope required,NOT TESTED,NOT TESTED,NOT TESTED,NOT TESTED,apps/web/src/app/(dashboard)/finance/reconciliation/[id]/page.tsx; apps/web/src/lib/operations/nav-config.ts; apps/web/src/lib/protected-route.ts,
sd_pm_pe,Finance,/finance/reconciliation/new,N/A (page resource; endpoint matrix tracked separately),View,DENY (current source policy),PARENT HIDDEN,DENY/REDIRECT,Page/layout gate; action and endpoint capabilities require separate rows,Tenant scope required,NOT TESTED,NOT TESTED,NOT TESTED,NOT TESTED,apps/web/src/app/(dashboard)/finance/reconciliation/new/page.tsx; apps/web/src/lib/operations/nav-config.ts; apps/web/src/lib/protected-route.ts,
sd_pm_pe,Proposal Print,/inspection/[id],N/A (page resource; endpoint matrix tracked separately),View,ALLOW (current source policy),NO CONFIGURED NAV ITEM,ALLOW BY CATCH-ALL; PAGE GATE VARIES,Page/layout gate; action and endpoint capabilities require separate rows,Tenant scope required,NOT TESTED,NOT TESTED,NOT TESTED,PARTIAL,apps/web/src/app/(print)/inspection/[id]/page.tsx; apps/web/src/lib/operations/nav-config.ts; apps/web/src/lib/protected-route.ts,
sd_pm_pe,Inventory,/inventory,N/A (page resource; endpoint matrix tracked separately),View,ALLOW (current source policy),VISIBLE,ALLOW,Page/layout gate; action and endpoint capabilities require separate rows,Tenant scope required,NOT TESTED,NOT TESTED,NOT TESTED,NOT TESTED,apps/web/src/app/(dashboard)/inventory/page.tsx; apps/web/src/lib/operations/nav-config.ts; apps/web/src/lib/protected-route.ts,
sd_pm_pe,Inventory,/inventory/movements,N/A (page resource; endpoint matrix tracked separately),View,ALLOW (current source policy),PARENT VISIBLE,ALLOW,Page/layout gate; action and endpoint capabilities require separate rows,Tenant scope required,NOT TESTED,NOT TESTED,NOT TESTED,NOT TESTED,apps/web/src/app/(dashboard)/inventory/movements/page.tsx; apps/web/src/lib/operations/nav-config.ts; apps/web/src/lib/protected-route.ts,
sd_pm_pe,Inventory,/inventory/movements/[id],N/A (page resource; endpoint matrix tracked separately),View,ALLOW (current source policy),PARENT VISIBLE,ALLOW,Page/layout gate; action and endpoint capabilities require separate rows,Tenant scope required,NOT TESTED,NOT TESTED,NOT TESTED,NOT TESTED,apps/web/src/app/(dashboard)/inventory/movements/[id]/page.tsx; apps/web/src/lib/operations/nav-config.ts; apps/web/src/lib/protected-route.ts,
sd_pm_pe,Inventory,/inventory/movements/new,N/A (page resource; endpoint matrix tracked separately),View,ALLOW (current source policy),PARENT VISIBLE,ALLOW,Page/layout gate; action and endpoint capabilities require separate rows,Tenant scope required,NOT TESTED,NOT TESTED,NOT TESTED,NOT TESTED,apps/web/src/app/(dashboard)/inventory/movements/new/page.tsx; apps/web/src/lib/operations/nav-config.ts; apps/web/src/lib/protected-route.ts,
sd_pm_pe,Inventory,/inventory/receipts,N/A (page resource; endpoint matrix tracked separately),View,ALLOW (current source policy),PARENT VISIBLE,ALLOW,Page/layout gate; action and endpoint capabilities require separate rows,Tenant scope required,NOT TESTED,NOT TESTED,NOT TESTED,NOT TESTED,apps/web/src/app/(dashboard)/inventory/receipts/page.tsx; apps/web/src/lib/operations/nav-config.ts; apps/web/src/lib/protected-route.ts,
sd_pm_pe,Inventory,/inventory/receipts/[id],N/A (page resource; endpoint matrix tracked separately),View,ALLOW (current source policy),PARENT VISIBLE,ALLOW,Page/layout gate; action and endpoint capabilities require separate rows,Tenant scope required,NOT TESTED,NOT TESTED,NOT TESTED,NOT TESTED,apps/web/src/app/(dashboard)/inventory/receipts/[id]/page.tsx; apps/web/src/lib/operations/nav-config.ts; apps/web/src/lib/protected-route.ts,
sd_pm_pe,Inventory,/inventory/receipts/new,N/A (page resource; endpoint matrix tracked separately),View,ALLOW (current source policy),PARENT VISIBLE,ALLOW,Page/layout gate; action and endpoint capabilities require separate rows,Tenant scope required,NOT TESTED,NOT TESTED,NOT TESTED,NOT TESTED,apps/web/src/app/(dashboard)/inventory/receipts/new/page.tsx; apps/web/src/lib/operations/nav-config.ts; apps/web/src/lib/protected-route.ts,
sd_pm_pe,Finance,/invoices,N/A (page resource; endpoint matrix tracked separately),View,DENY (current source policy),HIDDEN,DENY/REDIRECT,Page/layout gate; action and endpoint capabilities require separate rows,Tenant scope required,NOT TESTED,NOT TESTED,NOT TESTED,NOT TESTED,apps/web/src/app/(dashboard)/invoices/page.tsx; apps/web/src/lib/operations/nav-config.ts; apps/web/src/lib/protected-route.ts,
sd_pm_pe,Finance,/invoices/[id],N/A (page resource; endpoint matrix tracked separately),View,DENY (current source policy),PARENT HIDDEN,DENY/REDIRECT,Page/layout gate; action and endpoint capabilities require separate rows,Tenant scope required,NOT TESTED,NOT TESTED,NOT TESTED,NOT TESTED,apps/web/src/app/(dashboard)/invoices/[id]/page.tsx; apps/web/src/lib/operations/nav-config.ts; apps/web/src/lib/protected-route.ts,
sd_pm_pe,Finance,/invoices/[id]/bir2307,N/A (page resource; endpoint matrix tracked separately),View,DENY (current source policy),PARENT HIDDEN,DENY/REDIRECT,Page/layout gate; action and endpoint capabilities require separate rows,Tenant scope required,NOT TESTED,NOT TESTED,NOT TESTED,NOT TESTED,apps/web/src/app/(print)/invoices/[id]/bir2307/page.tsx; apps/web/src/lib/operations/nav-config.ts; apps/web/src/lib/protected-route.ts,
sd_pm_pe,Finance,/invoices/[id]/print,N/A (page resource; endpoint matrix tracked separately),View,DENY (current source policy),PARENT HIDDEN,DENY/REDIRECT,Page/layout gate; action and endpoint capabilities require separate rows,Tenant scope required,NOT TESTED,NOT TESTED,NOT TESTED,NOT TESTED,apps/web/src/app/(print)/invoices/[id]/print/page.tsx; apps/web/src/lib/operations/nav-config.ts; apps/web/src/lib/protected-route.ts,
sd_pm_pe,Pre-Construction,/permits,N/A (page resource; endpoint matrix tracked separately),View,ALLOW (current source policy),VISIBLE,ALLOW,Page/layout gate; action and endpoint capabilities require separate rows,Tenant scope required,NOT TESTED,NOT TESTED,NOT TESTED,NOT TESTED,apps/web/src/app/(dashboard)/permits/page.tsx; apps/web/src/lib/operations/nav-config.ts; apps/web/src/lib/protected-route.ts,
sd_pm_pe,Pipeline,/pipeline,N/A (page resource; endpoint matrix tracked separately),View,ALLOW (current source policy),NO CONFIGURED NAV ITEM,ALLOW BY CATCH-ALL; PAGE GATE VARIES,Page/layout gate; action and endpoint capabilities require separate rows,Tenant scope required,NOT TESTED,NOT TESTED,NOT TESTED,PARTIAL,apps/web/src/app/(dashboard)/pipeline/page.tsx; apps/web/src/lib/operations/nav-config.ts; apps/web/src/lib/protected-route.ts,
sd_pm_pe,Pipeline,/pipeline/board,N/A (page resource; endpoint matrix tracked separately),View,ALLOW (current source policy),VISIBLE,ALLOW,Page/layout gate; action and endpoint capabilities require separate rows,Tenant scope required,NOT TESTED,NOT TESTED,NOT TESTED,NOT TESTED,apps/web/src/app/(dashboard)/pipeline/board/page.tsx; apps/web/src/lib/operations/nav-config.ts; apps/web/src/lib/protected-route.ts,
sd_pm_pe,Pipeline,/pipeline/conversion,N/A (page resource; endpoint matrix tracked separately),View,ALLOW (current source policy),NO CONFIGURED NAV ITEM,ALLOW BY CATCH-ALL; PAGE GATE VARIES,Page/layout gate; action and endpoint capabilities require separate rows,Tenant scope required,NOT TESTED,NOT TESTED,NOT TESTED,PARTIAL,apps/web/src/app/(dashboard)/pipeline/conversion/page.tsx; apps/web/src/lib/operations/nav-config.ts; apps/web/src/lib/protected-route.ts,
sd_pm_pe,Process & SLA,/process,N/A (page resource; endpoint matrix tracked separately),View,ALLOW (current source policy),VISIBLE,ALLOW,Page/layout gate; action and endpoint capabilities require separate rows,Tenant scope required,NOT TESTED,NOT TESTED,NOT TESTED,NOT TESTED,apps/web/src/app/(dashboard)/process/page.tsx; apps/web/src/lib/operations/nav-config.ts; apps/web/src/lib/protected-route.ts,
sd_pm_pe,Procurement,/procurement,N/A (page resource; endpoint matrix tracked separately),View,ALLOW (current source policy),NO CONFIGURED NAV ITEM,ALLOW BY CATCH-ALL; PAGE GATE VARIES,Page/layout gate; action and endpoint capabilities require separate rows,Tenant scope required,NOT TESTED,NOT TESTED,NOT TESTED,PARTIAL,apps/web/src/app/(dashboard)/procurement/page.tsx; apps/web/src/lib/operations/nav-config.ts; apps/web/src/lib/protected-route.ts,
sd_pm_pe,Procurement,/procurement/deliveries,N/A (page resource; endpoint matrix tracked separately),View,ALLOW (current source policy),VISIBLE,ALLOW,Page/layout gate; action and endpoint capabilities require separate rows,Tenant scope required,NOT TESTED,NOT TESTED,NOT TESTED,NOT TESTED,apps/web/src/app/(dashboard)/procurement/deliveries/page.tsx; apps/web/src/lib/operations/nav-config.ts; apps/web/src/lib/protected-route.ts,
sd_pm_pe,Procurement,/procurement/deliveries/[id],N/A (page resource; endpoint matrix tracked separately),View,ALLOW (current source policy),PARENT VISIBLE,ALLOW,Page/layout gate; action and endpoint capabilities require separate rows,Tenant scope required,NOT TESTED,NOT TESTED,NOT TESTED,NOT TESTED,apps/web/src/app/(dashboard)/procurement/deliveries/[id]/page.tsx; apps/web/src/lib/operations/nav-config.ts; apps/web/src/lib/protected-route.ts,
sd_pm_pe,Procurement,/procurement/deliveries/new,N/A (page resource; endpoint matrix tracked separately),View,ALLOW (current source policy),PARENT VISIBLE,ALLOW,Page/layout gate; action and endpoint capabilities require separate rows,Tenant scope required,NOT TESTED,NOT TESTED,NOT TESTED,NOT TESTED,apps/web/src/app/(dashboard)/procurement/deliveries/new/page.tsx; apps/web/src/lib/operations/nav-config.ts; apps/web/src/lib/protected-route.ts,
sd_pm_pe,Procurement,/procurement/rfqs,N/A (page resource; endpoint matrix tracked separately),View,DENY (current source policy),HIDDEN,DENY/REDIRECT,Page/layout gate; action and endpoint capabilities require separate rows,Tenant scope required,NOT TESTED,NOT TESTED,NOT TESTED,NOT TESTED,apps/web/src/app/(dashboard)/procurement/rfqs/page.tsx; apps/web/src/lib/operations/nav-config.ts; apps/web/src/lib/protected-route.ts,
sd_pm_pe,Procurement,/procurement/rfqs/[id],N/A (page resource; endpoint matrix tracked separately),View,DENY (current source policy),PARENT HIDDEN,DENY/REDIRECT,Page/layout gate; action and endpoint capabilities require separate rows,Tenant scope required,NOT TESTED,NOT TESTED,NOT TESTED,NOT TESTED,apps/web/src/app/(dashboard)/procurement/rfqs/[id]/page.tsx; apps/web/src/lib/operations/nav-config.ts; apps/web/src/lib/protected-route.ts,
sd_pm_pe,Projects,/projects,N/A (page resource; endpoint matrix tracked separately),View,ALLOW (current source policy),VISIBLE,ALLOW,Page/layout gate; action and endpoint capabilities require separate rows,Tenant scope required,NOT TESTED,NOT TESTED,NOT TESTED,NOT TESTED,apps/web/src/app/(dashboard)/projects/page.tsx; apps/web/src/lib/operations/nav-config.ts; apps/web/src/lib/protected-route.ts,
sd_pm_pe,Projects,/projects/[id],N/A (page resource; endpoint matrix tracked separately),View,ALLOW (current source policy),PARENT VISIBLE,ALLOW,Page/layout gate; action and endpoint capabilities require separate rows,Tenant scope required,NOT TESTED,NOT TESTED,NOT TESTED,NOT TESTED,apps/web/src/app/(dashboard)/projects/[id]/page.tsx; apps/web/src/lib/operations/nav-config.ts; apps/web/src/lib/protected-route.ts,
sd_pm_pe,Projects,/projects/[id]/access,N/A (page resource; endpoint matrix tracked separately),View,ALLOW (current source policy),PARENT VISIBLE,ALLOW,Page/layout gate; action and endpoint capabilities require separate rows,Tenant scope required,NOT TESTED,NOT TESTED,NOT TESTED,NOT TESTED,apps/web/src/app/(dashboard)/projects/[id]/access/page.tsx; apps/web/src/lib/operations/nav-config.ts; apps/web/src/lib/protected-route.ts,
sd_pm_pe,Projects,/projects/[id]/audit,N/A (page resource; endpoint matrix tracked separately),View,DENY (audit.read policy),AUDIT TAB HIDDEN,DENY/NOT FOUND,Project detail projection plus audit.read route gate,Tenant and requested project scope,PASSED - all-role projection and route tests,PASSED - direct audit denial,NOT RUN,PARTIAL,project-detail-access.test.tsx; project-sensitive-routes.test.tsx; isolated Chromium 2026-09-03,Database-backed budget trigger not exercised in the broader project-detail slice
sd_pm_pe,Projects,/projects/[id]/billing,N/A (page resource; endpoint matrix tracked separately),View,ALLOW (current source policy),PARENT VISIBLE,ALLOW,Page/layout gate; action and endpoint capabilities require separate rows,Tenant scope required,NOT TESTED,NOT TESTED,NOT TESTED,NOT TESTED,apps/web/src/app/(dashboard)/projects/[id]/billing/page.tsx; apps/web/src/lib/operations/nav-config.ts; apps/web/src/lib/protected-route.ts,
sd_pm_pe,Projects,/projects/[id]/bom,N/A (page resource; endpoint matrix tracked separately),View,ALLOW (current source policy),PARENT VISIBLE,ALLOW,Page/layout gate; action and endpoint capabilities require separate rows,Tenant scope required,NOT TESTED,NOT TESTED,NOT TESTED,NOT TESTED,apps/web/src/app/(dashboard)/projects/[id]/bom/page.tsx; apps/web/src/lib/operations/nav-config.ts; apps/web/src/lib/protected-route.ts,
sd_pm_pe,Projects,/projects/[id]/bom/togal,N/A (page resource; endpoint matrix tracked separately),View,ALLOW (current source policy),PARENT VISIBLE,ALLOW,Page/layout gate; action and endpoint capabilities require separate rows,Tenant scope required,NOT TESTED,NOT TESTED,NOT TESTED,NOT TESTED,apps/web/src/app/(dashboard)/projects/[id]/bom/togal/page.tsx; apps/web/src/lib/operations/nav-config.ts; apps/web/src/lib/protected-route.ts,
sd_pm_pe,Projects,/projects/[id]/checklist,N/A (page resource; endpoint matrix tracked separately),View,ALLOW (current source policy),PARENT VISIBLE,ALLOW,Page/layout gate; action and endpoint capabilities require separate rows,Tenant scope required,NOT TESTED,NOT TESTED,NOT TESTED,NOT TESTED,apps/web/src/app/(dashboard)/projects/[id]/checklist/page.tsx; apps/web/src/lib/operations/nav-config.ts; apps/web/src/lib/protected-route.ts,
sd_pm_pe,Projects,/projects/[id]/coc,N/A (page resource; endpoint matrix tracked separately),View,ALLOW (current source policy),PARENT VISIBLE,ALLOW,Page/layout gate; action and endpoint capabilities require separate rows,Tenant scope required,NOT TESTED,NOT TESTED,NOT TESTED,NOT TESTED,apps/web/src/app/(dashboard)/projects/[id]/coc/page.tsx; apps/web/src/lib/operations/nav-config.ts; apps/web/src/lib/protected-route.ts,
sd_pm_pe,Projects,/projects/[id]/comments,N/A (page resource; endpoint matrix tracked separately),View,ALLOW (current source policy),PARENT VISIBLE,ALLOW,Page/layout gate; action and endpoint capabilities require separate rows,Tenant scope required,NOT TESTED,NOT TESTED,NOT TESTED,NOT TESTED,apps/web/src/app/(dashboard)/projects/[id]/comments/page.tsx; apps/web/src/lib/operations/nav-config.ts; apps/web/src/lib/protected-route.ts,
sd_pm_pe,Projects,/projects/[id]/cost,N/A (page resource; endpoint matrix tracked separately),View,ALLOW (current source policy),PARENT VISIBLE,ALLOW,Page/layout gate; action and endpoint capabilities require separate rows,Tenant scope required,NOT TESTED,NOT TESTED,NOT TESTED,NOT TESTED,apps/web/src/app/(dashboard)/projects/[id]/cost/page.tsx; apps/web/src/lib/operations/nav-config.ts; apps/web/src/lib/protected-route.ts,
sd_pm_pe,Projects,/projects/[id]/cost/budget,N/A (page resource; endpoint matrix tracked separately),View,ALLOW (current source policy),PARENT VISIBLE,ALLOW,Page/layout gate; action and endpoint capabilities require separate rows,Tenant scope required,NOT TESTED,NOT TESTED,NOT TESTED,NOT TESTED,apps/web/src/app/(dashboard)/projects/[id]/cost/budget/page.tsx; apps/web/src/lib/operations/nav-config.ts; apps/web/src/lib/protected-route.ts,
sd_pm_pe,Projects,/projects/[id]/documents,N/A (page resource; endpoint matrix tracked separately),View,ALLOW (current source policy),PARENT VISIBLE,ALLOW,Page/layout gate; action and endpoint capabilities require separate rows,Tenant scope required,NOT TESTED,NOT TESTED,NOT TESTED,NOT TESTED,apps/web/src/app/(dashboard)/projects/[id]/documents/page.tsx; apps/web/src/lib/operations/nav-config.ts; apps/web/src/lib/protected-route.ts,
sd_pm_pe,Projects,/projects/[id]/permits,N/A (page resource; endpoint matrix tracked separately),View,ALLOW (current source policy),PARENT VISIBLE,ALLOW,Page/layout gate; action and endpoint capabilities require separate rows,Tenant scope required,NOT TESTED,NOT TESTED,NOT TESTED,NOT TESTED,apps/web/src/app/(dashboard)/projects/[id]/permits/page.tsx; apps/web/src/lib/operations/nav-config.ts; apps/web/src/lib/protected-route.ts,
sd_pm_pe,Projects,/projects/[id]/progress,N/A (page resource; endpoint matrix tracked separately),View,ALLOW (current source policy),PARENT VISIBLE,ALLOW,Page/layout gate; action and endpoint capabilities require separate rows,Tenant scope required,NOT TESTED,NOT TESTED,NOT TESTED,NOT TESTED,apps/web/src/app/(dashboard)/projects/[id]/progress/page.tsx; apps/web/src/lib/operations/nav-config.ts; apps/web/src/lib/protected-route.ts,
sd_pm_pe,Projects,/projects/[id]/reports,N/A (page resource; endpoint matrix tracked separately),View,ALLOW (current source policy),PARENT VISIBLE,ALLOW,Page/layout gate; action and endpoint capabilities require separate rows,Tenant scope required,NOT TESTED,NOT TESTED,NOT TESTED,NOT TESTED,apps/web/src/app/(dashboard)/projects/[id]/reports/page.tsx; apps/web/src/lib/operations/nav-config.ts; apps/web/src/lib/protected-route.ts,
sd_pm_pe,Projects,/projects/[id]/scope,N/A (page resource; endpoint matrix tracked separately),View,ALLOW (current source policy),PARENT VISIBLE,ALLOW,Page/layout gate; action and endpoint capabilities require separate rows,Tenant scope required,NOT TESTED,NOT TESTED,NOT TESTED,NOT TESTED,apps/web/src/app/(dashboard)/projects/[id]/scope/page.tsx; apps/web/src/lib/operations/nav-config.ts; apps/web/src/lib/protected-route.ts,
sd_pm_pe,Projects,/projects/[id]/turnover,N/A (page resource; endpoint matrix tracked separately),View,ALLOW (current source policy),PARENT VISIBLE,ALLOW,Page/layout gate; action and endpoint capabilities require separate rows,Tenant scope required,NOT TESTED,NOT TESTED,NOT TESTED,NOT TESTED,apps/web/src/app/(dashboard)/projects/[id]/turnover/page.tsx; apps/web/src/lib/operations/nav-config.ts; apps/web/src/lib/protected-route.ts,
sd_pm_pe,Projects,/projects/[id]/vos,N/A (page resource; endpoint matrix tracked separately),View,ALLOW (current source policy),PARENT VISIBLE,ALLOW,Page/layout gate; action and endpoint capabilities require separate rows,Tenant scope required,NOT TESTED,NOT TESTED,NOT TESTED,NOT TESTED,apps/web/src/app/(dashboard)/projects/[id]/vos/page.tsx; apps/web/src/lib/operations/nav-config.ts; apps/web/src/lib/protected-route.ts,
sd_pm_pe,Projects,/projects/[id]/vos/[voId],N/A (page resource; endpoint matrix tracked separately),View,ALLOW (current source policy),PARENT VISIBLE,ALLOW,Page/layout gate; action and endpoint capabilities require separate rows,Tenant scope required,NOT TESTED,NOT TESTED,NOT TESTED,NOT TESTED,apps/web/src/app/(dashboard)/projects/[id]/vos/[voId]/page.tsx; apps/web/src/lib/operations/nav-config.ts; apps/web/src/lib/protected-route.ts,
sd_pm_pe,Projects,/projects/new,N/A (page resource; endpoint matrix tracked separately),View,ALLOW (current source policy),PARENT VISIBLE,ALLOW,Page/layout gate; action and endpoint capabilities require separate rows,Tenant scope required,NOT TESTED,NOT TESTED,NOT TESTED,NOT TESTED,apps/web/src/app/(dashboard)/projects/new/page.tsx; apps/web/src/lib/operations/nav-config.ts; apps/web/src/lib/protected-route.ts,
sd_pm_pe,Post-Construction,/punchlist,N/A (page resource; endpoint matrix tracked separately),View,ALLOW (current source policy),VISIBLE,ALLOW,Page/layout gate; action and endpoint capabilities require separate rows,Tenant scope required,NOT TESTED,NOT TESTED,NOT TESTED,NOT TESTED,apps/web/src/app/(dashboard)/punchlist/page.tsx; apps/web/src/lib/operations/nav-config.ts; apps/web/src/lib/protected-route.ts,
sd_pm_pe,Post-Construction,/punchlist/[id],N/A (page resource; endpoint matrix tracked separately),View,ALLOW (current source policy),PARENT VISIBLE,ALLOW,Page/layout gate; action and endpoint capabilities require separate rows,Tenant scope required,NOT TESTED,NOT TESTED,NOT TESTED,NOT TESTED,apps/web/src/app/(dashboard)/punchlist/[id]/page.tsx; apps/web/src/lib/operations/nav-config.ts; apps/web/src/lib/protected-route.ts,
sd_pm_pe,Post-Construction,/punchlist/new,N/A (page resource; endpoint matrix tracked separately),View,ALLOW (current source policy),PARENT VISIBLE,ALLOW,Page/layout gate; action and endpoint capabilities require separate rows,Tenant scope required,NOT TESTED,NOT TESTED,NOT TESTED,NOT TESTED,apps/web/src/app/(dashboard)/punchlist/new/page.tsx; apps/web/src/lib/operations/nav-config.ts; apps/web/src/lib/protected-route.ts,
sd_pm_pe,Procurement,/purchase-orders,N/A (page resource; endpoint matrix tracked separately),View,ALLOW (current source policy),VISIBLE,ALLOW,Page/layout gate; action and endpoint capabilities require separate rows,Tenant scope required,NOT TESTED,NOT TESTED,NOT TESTED,NOT TESTED,apps/web/src/app/(dashboard)/purchase-orders/page.tsx; apps/web/src/lib/operations/nav-config.ts; apps/web/src/lib/protected-route.ts,
sd_pm_pe,Procurement,/purchase-orders/[id],N/A (page resource; endpoint matrix tracked separately),View,ALLOW (current source policy),PARENT VISIBLE,ALLOW,Page/layout gate; action and endpoint capabilities require separate rows,Tenant scope required,NOT TESTED,NOT TESTED,NOT TESTED,NOT TESTED,apps/web/src/app/(dashboard)/purchase-orders/[id]/page.tsx; apps/web/src/lib/operations/nav-config.ts; apps/web/src/lib/protected-route.ts,
sd_pm_pe,Procurement,/purchase-orders/[id]/print,N/A (page resource; endpoint matrix tracked separately),View,ALLOW (current source policy),PARENT VISIBLE,ALLOW,Page/layout gate; action and endpoint capabilities require separate rows,Tenant scope required,NOT TESTED,NOT TESTED,NOT TESTED,NOT TESTED,apps/web/src/app/(print)/purchase-orders/[id]/print/page.tsx; apps/web/src/lib/operations/nav-config.ts; apps/web/src/lib/protected-route.ts,
sd_pm_pe,Admin & Reports,/reports,N/A (page resource; endpoint matrix tracked separately),View,DENY (current source policy),HIDDEN,DENY/REDIRECT,Page/layout gate; action and endpoint capabilities require separate rows,Tenant scope required,NOT TESTED,NOT TESTED,NOT TESTED,NOT TESTED,apps/web/src/app/(dashboard)/reports/page.tsx; apps/web/src/lib/operations/nav-config.ts; apps/web/src/lib/protected-route.ts,
sd_pm_pe,Settings & Profile,/settings,N/A (page resource; endpoint matrix tracked separately),View,ALLOW (current source policy),VISIBLE,ALLOW,Page/layout gate; action and endpoint capabilities require separate rows,Tenant scope required,NOT TESTED,NOT TESTED,NOT TESTED,NOT TESTED,apps/web/src/app/(dashboard)/settings/page.tsx; apps/web/src/lib/operations/nav-config.ts; apps/web/src/lib/protected-route.ts,
sd_pm_pe,Construction Cadence,/tasks,N/A (page resource; endpoint matrix tracked separately),View,ALLOW (current source policy),VISIBLE,ALLOW,Page/layout gate; action and endpoint capabilities require separate rows,Tenant scope required,NOT TESTED,NOT TESTED,NOT TESTED,NOT TESTED,apps/web/src/app/(dashboard)/tasks/page.tsx; apps/web/src/lib/operations/nav-config.ts; apps/web/src/lib/protected-route.ts,
sd_pm_pe,Warranty & CX,/warranty,N/A (page resource; endpoint matrix tracked separately),View,DENY (current source policy),HIDDEN,DENY/REDIRECT,Page/layout gate; action and endpoint capabilities require separate rows,Tenant scope required,NOT TESTED,NOT TESTED,NOT TESTED,NOT TESTED,apps/web/src/app/(dashboard)/warranty/page.tsx; apps/web/src/lib/operations/nav-config.ts; apps/web/src/lib/protected-route.ts,
sd_pm_pe,Warranty & CX,/warranty/[id],N/A (page resource; endpoint matrix tracked separately),View,DENY (current source policy),PARENT HIDDEN,DENY/REDIRECT,Page/layout gate; action and endpoint capabilities require separate rows,Tenant scope required,NOT TESTED,NOT TESTED,NOT TESTED,NOT TESTED,apps/web/src/app/(dashboard)/warranty/[id]/page.tsx; apps/web/src/lib/operations/nav-config.ts; apps/web/src/lib/protected-route.ts,
sd_pm_pe,Warranty & CX,/warranty/cnps,N/A (page resource; endpoint matrix tracked separately),View,DENY (current source policy),HIDDEN,DENY/REDIRECT,Page/layout gate; action and endpoint capabilities require separate rows,Tenant scope required,NOT TESTED,NOT TESTED,NOT TESTED,NOT TESTED,apps/web/src/app/(dashboard)/warranty/cnps/page.tsx; apps/web/src/lib/operations/nav-config.ts; apps/web/src/lib/protected-route.ts,
sd_pm_pe,Construction Cadence,/weekly-report/[id],N/A (page resource; endpoint matrix tracked separately),View,ALLOW (current source policy),NO CONFIGURED NAV ITEM,ALLOW BY CATCH-ALL; PAGE GATE VARIES,Page/layout gate; action and endpoint capabilities require separate rows,Tenant scope required,NOT TESTED,NOT TESTED,NOT TESTED,PARTIAL,apps/web/src/app/(print)/weekly-report/[id]/page.tsx; apps/web/src/lib/operations/nav-config.ts; apps/web/src/lib/protected-route.ts,
finance,Admin & Reports,/admin,N/A (page resource; endpoint matrix tracked separately),View,DENY (current source policy),HIDDEN,DENY/REDIRECT,Page/layout gate; action and endpoint capabilities require separate rows,Tenant scope required,NOT TESTED,NOT TESTED,NOT TESTED,NOT TESTED,apps/web/src/app/(dashboard)/admin/page.tsx; apps/web/src/lib/operations/nav-config.ts; apps/web/src/lib/protected-route.ts,
finance,Admin & Reports,/admin/data-quality,N/A (page resource; endpoint matrix tracked separately),View,DENY (current source policy),PARENT HIDDEN,DENY/REDIRECT,Page/layout gate; action and endpoint capabilities require separate rows,Tenant scope required,NOT TESTED,NOT TESTED,NOT TESTED,NOT TESTED,apps/web/src/app/(dashboard)/admin/data-quality/page.tsx; apps/web/src/lib/operations/nav-config.ts; apps/web/src/lib/protected-route.ts,
finance,Admin & Reports,/admin/mapping-config,N/A (page resource; endpoint matrix tracked separately),View,DENY (current source policy),PARENT HIDDEN,DENY/REDIRECT,Page/layout gate; action and endpoint capabilities require separate rows,Tenant scope required,NOT TESTED,NOT TESTED,NOT TESTED,NOT TESTED,apps/web/src/app/(dashboard)/admin/mapping-config/page.tsx; apps/web/src/lib/operations/nav-config.ts; apps/web/src/lib/protected-route.ts,
finance,Admin & Reports,/admin/material-items,N/A (page resource; endpoint matrix tracked separately),View,DENY (current source policy),PARENT HIDDEN,DENY/REDIRECT,Page/layout gate; action and endpoint capabilities require separate rows,Tenant scope required,NOT TESTED,NOT TESTED,NOT TESTED,NOT TESTED,apps/web/src/app/(dashboard)/admin/material-items/page.tsx; apps/web/src/lib/operations/nav-config.ts; apps/web/src/lib/protected-route.ts,
finance,Admin & Reports,/admin/rate-cards,N/A (page resource; endpoint matrix tracked separately),View,DENY (current source policy),PARENT HIDDEN,DENY/REDIRECT,Page/layout gate; action and endpoint capabilities require separate rows,Tenant scope required,NOT TESTED,NOT TESTED,NOT TESTED,NOT TESTED,apps/web/src/app/(dashboard)/admin/rate-cards/page.tsx; apps/web/src/lib/operations/nav-config.ts; apps/web/src/lib/protected-route.ts,
finance,Admin & Reports,/admin/users,N/A (page resource; endpoint matrix tracked separately),View,DENY (current source policy),PARENT HIDDEN,DENY/REDIRECT,Page/layout gate; action and endpoint capabilities require separate rows,Tenant scope required,NOT TESTED,NOT TESTED,NOT TESTED,NOT TESTED,apps/web/src/app/(dashboard)/admin/users/page.tsx; apps/web/src/lib/operations/nav-config.ts; apps/web/src/lib/protected-route.ts,
finance,Admin & Reports,/admin/users/[id],N/A (page resource; endpoint matrix tracked separately),View,DENY (current source policy),PARENT HIDDEN,DENY/REDIRECT,Page/layout gate; action and endpoint capabilities require separate rows,Tenant scope required,NOT TESTED,NOT TESTED,NOT TESTED,NOT TESTED,apps/web/src/app/(dashboard)/admin/users/[id]/page.tsx; apps/web/src/lib/operations/nav-config.ts; apps/web/src/lib/protected-route.ts,
finance,Admin & Reports,/admin/users/new,N/A (page resource; endpoint matrix tracked separately),View,DENY (current source policy),PARENT HIDDEN,DENY/REDIRECT,Page/layout gate; action and endpoint capabilities require separate rows,Tenant scope required,NOT TESTED,NOT TESTED,NOT TESTED,NOT TESTED,apps/web/src/app/(dashboard)/admin/users/new/page.tsx; apps/web/src/lib/operations/nav-config.ts; apps/web/src/lib/protected-route.ts,
finance,Assets,/assets,N/A (page resource; endpoint matrix tracked separately),View,ALLOW (current source policy),HIDDEN BY CONTROLLED-ROLLOUT FLAG,ALLOW,Page/layout gate; action and endpoint capabilities require separate rows,Tenant scope required,NOT TESTED,NOT TESTED,NOT TESTED,NOT TESTED,apps/web/src/app/(dashboard)/assets/page.tsx; apps/web/src/lib/operations/nav-config.ts; apps/web/src/lib/protected-route.ts,
finance,Assets,/assets/[assetId],N/A (page resource; endpoint matrix tracked separately),View,ALLOW (current source policy),HIDDEN BY CONTROLLED-ROLLOUT FLAG,ALLOW,Page/layout gate; action and endpoint capabilities require separate rows,Tenant scope required,NOT TESTED,NOT TESTED,NOT TESTED,NOT TESTED,apps/web/src/app/(dashboard)/assets/[assetId]/page.tsx; apps/web/src/lib/operations/nav-config.ts; apps/web/src/lib/protected-route.ts,
finance,BOM Engine,/bom,N/A (page resource; endpoint matrix tracked separately),View,DENY (current source policy),HIDDEN,DENY/REDIRECT,Page/layout gate; action and endpoint capabilities require separate rows,Tenant scope required,NOT TESTED,NOT TESTED,NOT TESTED,NOT TESTED,apps/web/src/app/(dashboard)/bom/page.tsx; apps/web/src/lib/operations/nav-config.ts; apps/web/src/lib/protected-route.ts,
finance,Finance & Billing,/claims,N/A (page resource; endpoint matrix tracked separately),View,ALLOW (current source policy),VISIBLE,ALLOW,Page/layout gate; action and endpoint capabilities require separate rows,Tenant scope required,NOT TESTED,NOT TESTED,NOT TESTED,NOT TESTED,apps/web/src/app/(dashboard)/claims/page.tsx; apps/web/src/lib/operations/nav-config.ts; apps/web/src/lib/protected-route.ts,
finance,Finance & Billing,/claims/[id],N/A (page resource; endpoint matrix tracked separately),View,ALLOW (current source policy),PARENT VISIBLE,ALLOW,Page/layout gate; action and endpoint capabilities require separate rows,Tenant scope required,NOT TESTED,NOT TESTED,NOT TESTED,NOT TESTED,apps/web/src/app/(dashboard)/claims/[id]/page.tsx; apps/web/src/lib/operations/nav-config.ts; apps/web/src/lib/protected-route.ts,
finance,Finance & Billing,/claims/new,N/A (page resource; endpoint matrix tracked separately),View,ALLOW (current source policy),PARENT VISIBLE,ALLOW,Page/layout gate; action and endpoint capabilities require separate rows,Tenant scope required,NOT TESTED,NOT TESTED,NOT TESTED,NOT TESTED,apps/web/src/app/(dashboard)/claims/new/page.tsx; apps/web/src/lib/operations/nav-config.ts; apps/web/src/lib/protected-route.ts,
finance,Cortex,/cortex,N/A (page resource; endpoint matrix tracked separately),View,ALLOW (current source policy),VISIBLE,ALLOW,Page/layout gate; action and endpoint capabilities require separate rows,Tenant scope required,NOT TESTED,NOT TESTED,NOT TESTED,NOT TESTED,apps/web/src/app/(dashboard)/cortex/page.tsx; apps/web/src/lib/operations/nav-config.ts; apps/web/src/lib/protected-route.ts,
finance,CRM & Proposal,/crm,N/A (page resource; endpoint matrix tracked separately),View,ALLOW (current source policy),NO CONFIGURED NAV ITEM,ALLOW BY CATCH-ALL; PAGE GATE VARIES,Page/layout gate; action and endpoint capabilities require separate rows,Tenant scope required,NOT TESTED,NOT TESTED,NOT TESTED,PARTIAL,apps/web/src/app/(dashboard)/crm/page.tsx; apps/web/src/lib/operations/nav-config.ts; apps/web/src/lib/protected-route.ts,
finance,CRM & Proposal,/crm/accounts,N/A (page resource; endpoint matrix tracked separately),View,ALLOW (current source policy),VISIBLE,ALLOW,Page/layout gate; action and endpoint capabilities require separate rows,Tenant scope required,NOT TESTED,NOT TESTED,NOT TESTED,NOT TESTED,apps/web/src/app/(dashboard)/crm/accounts/page.tsx; apps/web/src/lib/operations/nav-config.ts; apps/web/src/lib/protected-route.ts,
finance,CRM & Proposal,/crm/accounts/[id],N/A (page resource; endpoint matrix tracked separately),View,ALLOW (current source policy),PARENT VISIBLE,ALLOW,Page/layout gate; action and endpoint capabilities require separate rows,Tenant scope required,NOT TESTED,NOT TESTED,NOT TESTED,NOT TESTED,apps/web/src/app/(dashboard)/crm/accounts/[id]/page.tsx; apps/web/src/lib/operations/nav-config.ts; apps/web/src/lib/protected-route.ts,
finance,CRM & Proposal,/crm/accounts/new,N/A (page resource; endpoint matrix tracked separately),View,ALLOW (current source policy),PARENT VISIBLE,ALLOW,Page/layout gate; action and endpoint capabilities require separate rows,Tenant scope required,NOT TESTED,NOT TESTED,NOT TESTED,NOT TESTED,apps/web/src/app/(dashboard)/crm/accounts/new/page.tsx; apps/web/src/lib/operations/nav-config.ts; apps/web/src/lib/protected-route.ts,
finance,CRM & Proposal,/crm/kyc-queue,N/A (page resource; endpoint matrix tracked separately),View,ALLOW (current source policy),VISIBLE,ALLOW,Page/layout gate; action and endpoint capabilities require separate rows,Tenant scope required,NOT TESTED,NOT TESTED,NOT TESTED,NOT TESTED,apps/web/src/app/(dashboard)/crm/kyc-queue/page.tsx; apps/web/src/lib/operations/nav-config.ts; apps/web/src/lib/protected-route.ts,
finance,CRM & Proposal,/crm/opportunities,N/A (page resource; endpoint matrix tracked separately),View,ALLOW (current source policy),NO CONFIGURED NAV ITEM,ALLOW BY CATCH-ALL; PAGE GATE VARIES,Page/layout gate; action and endpoint capabilities require separate rows,Tenant scope required,NOT TESTED,NOT TESTED,NOT TESTED,PARTIAL,apps/web/src/app/(dashboard)/crm/opportunities/page.tsx; apps/web/src/lib/operations/nav-config.ts; apps/web/src/lib/protected-route.ts,
finance,CRM & Proposal,/crm/opportunities/[id],N/A (page resource; endpoint matrix tracked separately),View,ALLOW (current source policy),NO CONFIGURED NAV ITEM,ALLOW BY CATCH-ALL; PAGE GATE VARIES,Page/layout gate; action and endpoint capabilities require separate rows,Tenant scope required,NOT TESTED,NOT TESTED,NOT TESTED,PARTIAL,apps/web/src/app/(dashboard)/crm/opportunities/[id]/page.tsx; apps/web/src/lib/operations/nav-config.ts; apps/web/src/lib/protected-route.ts,
finance,CRM & Proposal,/crm/opportunities/[id]/proposal,N/A (page resource; endpoint matrix tracked separately),View,ALLOW (current source policy),NO CONFIGURED NAV ITEM,ALLOW BY CATCH-ALL; PAGE GATE VARIES,Page/layout gate; action and endpoint capabilities require separate rows,Tenant scope required,NOT TESTED,NOT TESTED,NOT TESTED,PARTIAL,apps/web/src/app/(dashboard)/crm/opportunities/[id]/proposal/page.tsx; apps/web/src/lib/operations/nav-config.ts; apps/web/src/lib/protected-route.ts,
finance,CRM & Proposal,/crm/opportunities/[id]/proposal/change-requests,N/A (page resource; endpoint matrix tracked separately),View,ALLOW (current source policy),NO CONFIGURED NAV ITEM,ALLOW BY CATCH-ALL; PAGE GATE VARIES,Page/layout gate; action and endpoint capabilities require separate rows,Tenant scope required,NOT TESTED,NOT TESTED,NOT TESTED,PARTIAL,apps/web/src/app/(dashboard)/crm/opportunities/[id]/proposal/change-requests/page.tsx; apps/web/src/lib/operations/nav-config.ts; apps/web/src/lib/protected-route.ts,
finance,CRM & Proposal,/crm/opportunities/[id]/proposal/design,N/A (page resource; endpoint matrix tracked separately),View,ALLOW (current source policy),NO CONFIGURED NAV ITEM,ALLOW BY CATCH-ALL; PAGE GATE VARIES,Page/layout gate; action and endpoint capabilities require separate rows,Tenant scope required,NOT TESTED,NOT TESTED,NOT TESTED,PARTIAL,apps/web/src/app/(dashboard)/crm/opportunities/[id]/proposal/design/page.tsx; apps/web/src/lib/operations/nav-config.ts; apps/web/src/lib/protected-route.ts,
finance,CRM & Proposal,/crm/opportunities/[id]/proposal/inspection,N/A (page resource; endpoint matrix tracked separately),View,ALLOW (current source policy),NO CONFIGURED NAV ITEM,ALLOW BY CATCH-ALL; PAGE GATE VARIES,Page/layout gate; action and endpoint capabilities require separate rows,Tenant scope required,NOT TESTED,NOT TESTED,NOT TESTED,PARTIAL,apps/web/src/app/(dashboard)/crm/opportunities/[id]/proposal/inspection/page.tsx; apps/web/src/lib/operations/nav-config.ts; apps/web/src/lib/protected-route.ts,
finance,CRM & Proposal,/crm/opportunities/[id]/proposal/pprf,N/A (page resource; endpoint matrix tracked separately),View,ALLOW (current source policy),NO CONFIGURED NAV ITEM,ALLOW BY CATCH-ALL; PAGE GATE VARIES,Page/layout gate; action and endpoint capabilities require separate rows,Tenant scope required,NOT TESTED,NOT TESTED,NOT TESTED,PARTIAL,apps/web/src/app/(dashboard)/crm/opportunities/[id]/proposal/pprf/page.tsx; apps/web/src/lib/operations/nav-config.ts; apps/web/src/lib/protected-route.ts,
finance,CRM & Proposal,/crm/opportunities/new/pprf,N/A (page resource; endpoint matrix tracked separately),View,ALLOW (current source policy),NO CONFIGURED NAV ITEM,ALLOW BY CATCH-ALL; PAGE GATE VARIES,Page/layout gate; action and endpoint capabilities require separate rows,Tenant scope required,NOT TESTED,NOT TESTED,NOT TESTED,PARTIAL,apps/web/src/app/(dashboard)/crm/opportunities/new/pprf/page.tsx; apps/web/src/lib/operations/nav-config.ts; apps/web/src/lib/protected-route.ts,
finance,Dashboard,/dashboard,N/A (page resource; endpoint matrix tracked separately),View,ALLOW (current source policy),VISIBLE,ALLOW,Page/layout gate; action and endpoint capabilities require separate rows,Tenant scope required,NOT TESTED,PASSED - real Supabase login and render,NOT TESTED,PARTIAL,apps/web/src/app/(dashboard)/dashboard/page.tsx; isolated Chromium role matrix 2026-09-02,Full route-state and action coverage remains
finance,Documents,/documents,N/A (page resource; endpoint matrix tracked separately),View,ALLOW (current source policy),VISIBLE,ALLOW,Page/layout gate; action and endpoint capabilities require separate rows,Tenant scope required,NOT TESTED,NOT TESTED,NOT TESTED,NOT TESTED,apps/web/src/app/(dashboard)/documents/page.tsx; apps/web/src/lib/operations/nav-config.ts; apps/web/src/lib/protected-route.ts,
finance,Finance,/finance,N/A (page resource; endpoint matrix tracked separately),View,ALLOW (current source policy),VISIBLE,ALLOW,Page/layout gate; action and endpoint capabilities require separate rows,Tenant scope required,NOT TESTED,NOT TESTED,NOT TESTED,NOT TESTED,apps/web/src/app/(dashboard)/finance/page.tsx; apps/web/src/lib/operations/nav-config.ts; apps/web/src/lib/protected-route.ts,
finance,Finance,/finance/cash,N/A (page resource; endpoint matrix tracked separately),View,ALLOW (current source policy),VISIBLE,ALLOW,Page/layout gate; action and endpoint capabilities require separate rows,Tenant scope required,NOT TESTED,NOT TESTED,NOT TESTED,NOT TESTED,apps/web/src/app/(dashboard)/finance/cash/page.tsx; apps/web/src/lib/operations/nav-config.ts; apps/web/src/lib/protected-route.ts,
finance,Finance,/finance/cash/[id],N/A (page resource; endpoint matrix tracked separately),View,ALLOW (current source policy),PARENT VISIBLE,ALLOW,Page/layout gate; action and endpoint capabilities require separate rows,Tenant scope required,NOT TESTED,NOT TESTED,NOT TESTED,NOT TESTED,apps/web/src/app/(dashboard)/finance/cash/[id]/page.tsx; apps/web/src/lib/operations/nav-config.ts; apps/web/src/lib/protected-route.ts,
finance,Finance,/finance/cash/new,N/A (page resource; endpoint matrix tracked separately),View,ALLOW (current source policy),PARENT VISIBLE,ALLOW,Page/layout gate; action and endpoint capabilities require separate rows,Tenant scope required,NOT TESTED,NOT TESTED,NOT TESTED,NOT TESTED,apps/web/src/app/(dashboard)/finance/cash/new/page.tsx; apps/web/src/lib/operations/nav-config.ts; apps/web/src/lib/protected-route.ts,
finance,Finance,/finance/journals/[id],N/A (page resource; endpoint matrix tracked separately),View,ALLOW (current source policy),PARENT VISIBLE,ALLOW,Page/layout gate; action and endpoint capabilities require separate rows,Tenant scope required,NOT TESTED,NOT TESTED,NOT TESTED,NOT TESTED,apps/web/src/app/(dashboard)/finance/journals/[id]/page.tsx; apps/web/src/lib/operations/nav-config.ts; apps/web/src/lib/protected-route.ts,
finance,Finance,/finance/journals/new,N/A (page resource; endpoint matrix tracked separately),View,ALLOW (current source policy),PARENT VISIBLE,ALLOW,Page/layout gate; action and endpoint capabilities require separate rows,Tenant scope required,NOT TESTED,NOT TESTED,NOT TESTED,NOT TESTED,apps/web/src/app/(dashboard)/finance/journals/new/page.tsx; apps/web/src/lib/operations/nav-config.ts; apps/web/src/lib/protected-route.ts,
finance,Finance,/finance/ledger,N/A (page resource; endpoint matrix tracked separately),View,ALLOW (current source policy),PARENT VISIBLE,ALLOW,Page/layout gate; action and endpoint capabilities require separate rows,Tenant scope required,NOT TESTED,NOT TESTED,NOT TESTED,NOT TESTED,apps/web/src/app/(dashboard)/finance/ledger/page.tsx; apps/web/src/lib/operations/nav-config.ts; apps/web/src/lib/protected-route.ts,
finance,Finance,/finance/payables,N/A (page resource; endpoint matrix tracked separately),View,ALLOW (current source policy),VISIBLE,ALLOW,Page/layout gate; action and endpoint capabilities require separate rows,Tenant scope required,NOT TESTED,NOT TESTED,NOT TESTED,NOT TESTED,apps/web/src/app/(dashboard)/finance/payables/page.tsx; apps/web/src/lib/operations/nav-config.ts; apps/web/src/lib/protected-route.ts,
finance,Finance,/finance/payables/[id],N/A (page resource; endpoint matrix tracked separately),View,ALLOW (current source policy),PARENT VISIBLE,ALLOW,Page/layout gate; action and endpoint capabilities require separate rows,Tenant scope required,NOT TESTED,NOT TESTED,NOT TESTED,NOT TESTED,apps/web/src/app/(dashboard)/finance/payables/[id]/page.tsx; apps/web/src/lib/operations/nav-config.ts; apps/web/src/lib/protected-route.ts,
finance,Finance,/finance/payables/[id]/edit,N/A (page resource; endpoint matrix tracked separately),View,ALLOW (current source policy),PARENT VISIBLE,ALLOW,Page/layout gate; action and endpoint capabilities require separate rows,Tenant scope required,NOT TESTED,NOT TESTED,NOT TESTED,NOT TESTED,apps/web/src/app/(dashboard)/finance/payables/[id]/edit/page.tsx; apps/web/src/lib/operations/nav-config.ts; apps/web/src/lib/protected-route.ts,
finance,Finance,/finance/payables/new,N/A (page resource; endpoint matrix tracked separately),View,ALLOW (current source policy),PARENT VISIBLE,ALLOW,Page/layout gate; action and endpoint capabilities require separate rows,Tenant scope required,NOT TESTED,NOT TESTED,NOT TESTED,NOT TESTED,apps/web/src/app/(dashboard)/finance/payables/new/page.tsx; apps/web/src/lib/operations/nav-config.ts; apps/web/src/lib/protected-route.ts,
finance,Finance,/finance/receivables,N/A (page resource; endpoint matrix tracked separately),View,ALLOW (current source policy),VISIBLE,ALLOW,Page/layout gate; action and endpoint capabilities require separate rows,Tenant scope required,NOT TESTED,NOT TESTED,NOT TESTED,NOT TESTED,apps/web/src/app/(dashboard)/finance/receivables/page.tsx; apps/web/src/lib/operations/nav-config.ts; apps/web/src/lib/protected-route.ts,
finance,Finance,/finance/reconciliation,N/A (page resource; endpoint matrix tracked separately),View,ALLOW (current source policy),VISIBLE,ALLOW,Page/layout gate; action and endpoint capabilities require separate rows,Tenant scope required,NOT TESTED,NOT TESTED,NOT TESTED,NOT TESTED,apps/web/src/app/(dashboard)/finance/reconciliation/page.tsx; apps/web/src/lib/operations/nav-config.ts; apps/web/src/lib/protected-route.ts,
finance,Finance,/finance/reconciliation/[id],N/A (page resource; endpoint matrix tracked separately),View,ALLOW (current source policy),PARENT VISIBLE,ALLOW,Page/layout gate; action and endpoint capabilities require separate rows,Tenant scope required,NOT TESTED,NOT TESTED,NOT TESTED,NOT TESTED,apps/web/src/app/(dashboard)/finance/reconciliation/[id]/page.tsx; apps/web/src/lib/operations/nav-config.ts; apps/web/src/lib/protected-route.ts,
finance,Finance,/finance/reconciliation/new,N/A (page resource; endpoint matrix tracked separately),View,ALLOW (current source policy),PARENT VISIBLE,ALLOW,Page/layout gate; action and endpoint capabilities require separate rows,Tenant scope required,NOT TESTED,NOT TESTED,NOT TESTED,NOT TESTED,apps/web/src/app/(dashboard)/finance/reconciliation/new/page.tsx; apps/web/src/lib/operations/nav-config.ts; apps/web/src/lib/protected-route.ts,
finance,Proposal Print,/inspection/[id],N/A (page resource; endpoint matrix tracked separately),View,ALLOW (current source policy),NO CONFIGURED NAV ITEM,ALLOW BY CATCH-ALL; PAGE GATE VARIES,Page/layout gate; action and endpoint capabilities require separate rows,Tenant scope required,NOT TESTED,NOT TESTED,NOT TESTED,PARTIAL,apps/web/src/app/(print)/inspection/[id]/page.tsx; apps/web/src/lib/operations/nav-config.ts; apps/web/src/lib/protected-route.ts,
finance,Inventory,/inventory,N/A (page resource; endpoint matrix tracked separately),View,ALLOW (current source policy),VISIBLE,ALLOW,Page/layout gate; action and endpoint capabilities require separate rows,Tenant scope required,NOT TESTED,NOT TESTED,NOT TESTED,NOT TESTED,apps/web/src/app/(dashboard)/inventory/page.tsx; apps/web/src/lib/operations/nav-config.ts; apps/web/src/lib/protected-route.ts,
finance,Inventory,/inventory/movements,N/A (page resource; endpoint matrix tracked separately),View,ALLOW (current source policy),PARENT VISIBLE,ALLOW,Page/layout gate; action and endpoint capabilities require separate rows,Tenant scope required,NOT TESTED,NOT TESTED,NOT TESTED,NOT TESTED,apps/web/src/app/(dashboard)/inventory/movements/page.tsx; apps/web/src/lib/operations/nav-config.ts; apps/web/src/lib/protected-route.ts,
finance,Inventory,/inventory/movements/[id],N/A (page resource; endpoint matrix tracked separately),View,ALLOW (current source policy),PARENT VISIBLE,ALLOW,Page/layout gate; action and endpoint capabilities require separate rows,Tenant scope required,NOT TESTED,NOT TESTED,NOT TESTED,NOT TESTED,apps/web/src/app/(dashboard)/inventory/movements/[id]/page.tsx; apps/web/src/lib/operations/nav-config.ts; apps/web/src/lib/protected-route.ts,
finance,Inventory,/inventory/movements/new,N/A (page resource; endpoint matrix tracked separately),View,ALLOW (current source policy),PARENT VISIBLE,ALLOW,Page/layout gate; action and endpoint capabilities require separate rows,Tenant scope required,NOT TESTED,NOT TESTED,NOT TESTED,NOT TESTED,apps/web/src/app/(dashboard)/inventory/movements/new/page.tsx; apps/web/src/lib/operations/nav-config.ts; apps/web/src/lib/protected-route.ts,
finance,Inventory,/inventory/receipts,N/A (page resource; endpoint matrix tracked separately),View,ALLOW (current source policy),PARENT VISIBLE,ALLOW,Page/layout gate; action and endpoint capabilities require separate rows,Tenant scope required,NOT TESTED,NOT TESTED,NOT TESTED,NOT TESTED,apps/web/src/app/(dashboard)/inventory/receipts/page.tsx; apps/web/src/lib/operations/nav-config.ts; apps/web/src/lib/protected-route.ts,
finance,Inventory,/inventory/receipts/[id],N/A (page resource; endpoint matrix tracked separately),View,ALLOW (current source policy),PARENT VISIBLE,ALLOW,Page/layout gate; action and endpoint capabilities require separate rows,Tenant scope required,NOT TESTED,NOT TESTED,NOT TESTED,NOT TESTED,apps/web/src/app/(dashboard)/inventory/receipts/[id]/page.tsx; apps/web/src/lib/operations/nav-config.ts; apps/web/src/lib/protected-route.ts,
finance,Inventory,/inventory/receipts/new,N/A (page resource; endpoint matrix tracked separately),View,ALLOW (current source policy),PARENT VISIBLE,ALLOW,Page/layout gate; action and endpoint capabilities require separate rows,Tenant scope required,NOT TESTED,NOT TESTED,NOT TESTED,NOT TESTED,apps/web/src/app/(dashboard)/inventory/receipts/new/page.tsx; apps/web/src/lib/operations/nav-config.ts; apps/web/src/lib/protected-route.ts,
finance,Finance,/invoices,N/A (page resource; endpoint matrix tracked separately),View,ALLOW (current source policy),VISIBLE,ALLOW,Page/layout gate; action and endpoint capabilities require separate rows,Tenant scope required,NOT TESTED,NOT TESTED,NOT TESTED,NOT TESTED,apps/web/src/app/(dashboard)/invoices/page.tsx; apps/web/src/lib/operations/nav-config.ts; apps/web/src/lib/protected-route.ts,
finance,Finance,/invoices/[id],N/A (page resource; endpoint matrix tracked separately),View,ALLOW (current source policy),PARENT VISIBLE,ALLOW,Page/layout gate; action and endpoint capabilities require separate rows,Tenant scope required,NOT TESTED,NOT TESTED,NOT TESTED,NOT TESTED,apps/web/src/app/(dashboard)/invoices/[id]/page.tsx; apps/web/src/lib/operations/nav-config.ts; apps/web/src/lib/protected-route.ts,
finance,Finance,/invoices/[id]/bir2307,N/A (page resource; endpoint matrix tracked separately),View,ALLOW (current source policy),PARENT VISIBLE,ALLOW,Page/layout gate; action and endpoint capabilities require separate rows,Tenant scope required,NOT TESTED,NOT TESTED,NOT TESTED,NOT TESTED,apps/web/src/app/(print)/invoices/[id]/bir2307/page.tsx; apps/web/src/lib/operations/nav-config.ts; apps/web/src/lib/protected-route.ts,
finance,Finance,/invoices/[id]/print,N/A (page resource; endpoint matrix tracked separately),View,ALLOW (current source policy),PARENT VISIBLE,ALLOW,Page/layout gate; action and endpoint capabilities require separate rows,Tenant scope required,NOT TESTED,NOT TESTED,NOT TESTED,NOT TESTED,apps/web/src/app/(print)/invoices/[id]/print/page.tsx; apps/web/src/lib/operations/nav-config.ts; apps/web/src/lib/protected-route.ts,
finance,Pre-Construction,/permits,N/A (page resource; endpoint matrix tracked separately),View,DENY (current source policy),HIDDEN,DENY/REDIRECT,Page/layout gate; action and endpoint capabilities require separate rows,Tenant scope required,NOT TESTED,NOT TESTED,NOT TESTED,NOT TESTED,apps/web/src/app/(dashboard)/permits/page.tsx; apps/web/src/lib/operations/nav-config.ts; apps/web/src/lib/protected-route.ts,
finance,Pipeline,/pipeline,N/A (page resource; endpoint matrix tracked separately),View,ALLOW (current source policy),NO CONFIGURED NAV ITEM,ALLOW BY CATCH-ALL; PAGE GATE VARIES,Page/layout gate; action and endpoint capabilities require separate rows,Tenant scope required,NOT TESTED,NOT TESTED,NOT TESTED,PARTIAL,apps/web/src/app/(dashboard)/pipeline/page.tsx; apps/web/src/lib/operations/nav-config.ts; apps/web/src/lib/protected-route.ts,
finance,Pipeline,/pipeline/board,N/A (page resource; endpoint matrix tracked separately),View,ALLOW (current source policy),VISIBLE,ALLOW,Page/layout gate; action and endpoint capabilities require separate rows,Tenant scope required,NOT TESTED,NOT TESTED,NOT TESTED,NOT TESTED,apps/web/src/app/(dashboard)/pipeline/board/page.tsx; apps/web/src/lib/operations/nav-config.ts; apps/web/src/lib/protected-route.ts,
finance,Pipeline,/pipeline/conversion,N/A (page resource; endpoint matrix tracked separately),View,ALLOW (current source policy),NO CONFIGURED NAV ITEM,ALLOW BY CATCH-ALL; PAGE GATE VARIES,Page/layout gate; action and endpoint capabilities require separate rows,Tenant scope required,NOT TESTED,NOT TESTED,NOT TESTED,PARTIAL,apps/web/src/app/(dashboard)/pipeline/conversion/page.tsx; apps/web/src/lib/operations/nav-config.ts; apps/web/src/lib/protected-route.ts,
finance,Process & SLA,/process,N/A (page resource; endpoint matrix tracked separately),View,ALLOW (current source policy),VISIBLE,ALLOW,Page/layout gate; action and endpoint capabilities require separate rows,Tenant scope required,NOT TESTED,NOT TESTED,NOT TESTED,NOT TESTED,apps/web/src/app/(dashboard)/process/page.tsx; apps/web/src/lib/operations/nav-config.ts; apps/web/src/lib/protected-route.ts,
finance,Procurement,/procurement,N/A (page resource; endpoint matrix tracked separately),View,ALLOW (current source policy),NO CONFIGURED NAV ITEM,ALLOW BY CATCH-ALL; PAGE GATE VARIES,Page/layout gate; action and endpoint capabilities require separate rows,Tenant scope required,NOT TESTED,NOT TESTED,NOT TESTED,PARTIAL,apps/web/src/app/(dashboard)/procurement/page.tsx; apps/web/src/lib/operations/nav-config.ts; apps/web/src/lib/protected-route.ts,
finance,Procurement,/procurement/deliveries,N/A (page resource; endpoint matrix tracked separately),View,DENY (current source policy),HIDDEN,DENY/REDIRECT,Page/layout gate; action and endpoint capabilities require separate rows,Tenant scope required,NOT TESTED,NOT TESTED,NOT TESTED,NOT TESTED,apps/web/src/app/(dashboard)/procurement/deliveries/page.tsx; apps/web/src/lib/operations/nav-config.ts; apps/web/src/lib/protected-route.ts,
finance,Procurement,/procurement/deliveries/[id],N/A (page resource; endpoint matrix tracked separately),View,DENY (current source policy),PARENT HIDDEN,DENY/REDIRECT,Page/layout gate; action and endpoint capabilities require separate rows,Tenant scope required,NOT TESTED,NOT TESTED,NOT TESTED,NOT TESTED,apps/web/src/app/(dashboard)/procurement/deliveries/[id]/page.tsx; apps/web/src/lib/operations/nav-config.ts; apps/web/src/lib/protected-route.ts,
finance,Procurement,/procurement/deliveries/new,N/A (page resource; endpoint matrix tracked separately),View,DENY (current source policy),PARENT HIDDEN,DENY/REDIRECT,Page/layout gate; action and endpoint capabilities require separate rows,Tenant scope required,NOT TESTED,NOT TESTED,NOT TESTED,NOT TESTED,apps/web/src/app/(dashboard)/procurement/deliveries/new/page.tsx; apps/web/src/lib/operations/nav-config.ts; apps/web/src/lib/protected-route.ts,
finance,Procurement,/procurement/rfqs,N/A (page resource; endpoint matrix tracked separately),View,DENY (current source policy),HIDDEN,DENY/REDIRECT,Page/layout gate; action and endpoint capabilities require separate rows,Tenant scope required,NOT TESTED,NOT TESTED,NOT TESTED,NOT TESTED,apps/web/src/app/(dashboard)/procurement/rfqs/page.tsx; apps/web/src/lib/operations/nav-config.ts; apps/web/src/lib/protected-route.ts,
finance,Procurement,/procurement/rfqs/[id],N/A (page resource; endpoint matrix tracked separately),View,DENY (current source policy),PARENT HIDDEN,DENY/REDIRECT,Page/layout gate; action and endpoint capabilities require separate rows,Tenant scope required,NOT TESTED,NOT TESTED,NOT TESTED,NOT TESTED,apps/web/src/app/(dashboard)/procurement/rfqs/[id]/page.tsx; apps/web/src/lib/operations/nav-config.ts; apps/web/src/lib/protected-route.ts,
finance,Projects,/projects,N/A (page resource; endpoint matrix tracked separately),View,ALLOW (current source policy),VISIBLE,ALLOW,Page/layout gate; action and endpoint capabilities require separate rows,Tenant scope required,NOT TESTED,NOT TESTED,NOT TESTED,NOT TESTED,apps/web/src/app/(dashboard)/projects/page.tsx; apps/web/src/lib/operations/nav-config.ts; apps/web/src/lib/protected-route.ts,
finance,Projects,/projects/[id],N/A (page resource; endpoint matrix tracked separately),View,ALLOW (current source policy),PARENT VISIBLE,ALLOW,Page/layout gate; action and endpoint capabilities require separate rows,Tenant scope required,NOT TESTED,NOT TESTED,NOT TESTED,NOT TESTED,apps/web/src/app/(dashboard)/projects/[id]/page.tsx; apps/web/src/lib/operations/nav-config.ts; apps/web/src/lib/protected-route.ts,
finance,Projects,/projects/[id]/access,N/A (page resource; endpoint matrix tracked separately),View,ALLOW (current source policy),PARENT VISIBLE,ALLOW,Page/layout gate; action and endpoint capabilities require separate rows,Tenant scope required,NOT TESTED,NOT TESTED,NOT TESTED,NOT TESTED,apps/web/src/app/(dashboard)/projects/[id]/access/page.tsx; apps/web/src/lib/operations/nav-config.ts; apps/web/src/lib/protected-route.ts,
finance,Projects,/projects/[id]/audit,N/A (page resource; endpoint matrix tracked separately),View,ALLOW (audit.read policy),AUDIT TAB VISIBLE,ALLOW,Project detail projection plus audit.read route gate,Tenant and requested project scope,PASSED - all-role projection and route tests,PASSED - direct audit route,NOT RUN,PARTIAL,project-detail-access.test.tsx; project-sensitive-routes.test.tsx; isolated Chromium 2026-09-03,Database-backed budget trigger not exercised in the broader project-detail slice
finance,Projects,/projects/[id]/billing,N/A (page resource; endpoint matrix tracked separately),View,ALLOW (current source policy),PARENT VISIBLE,ALLOW,Page/layout gate; action and endpoint capabilities require separate rows,Tenant scope required,NOT TESTED,NOT TESTED,NOT TESTED,NOT TESTED,apps/web/src/app/(dashboard)/projects/[id]/billing/page.tsx; apps/web/src/lib/operations/nav-config.ts; apps/web/src/lib/protected-route.ts,
finance,Projects,/projects/[id]/bom,N/A (page resource; endpoint matrix tracked separately),View,ALLOW (current source policy),PARENT VISIBLE,ALLOW,Page/layout gate; action and endpoint capabilities require separate rows,Tenant scope required,NOT TESTED,NOT TESTED,NOT TESTED,NOT TESTED,apps/web/src/app/(dashboard)/projects/[id]/bom/page.tsx; apps/web/src/lib/operations/nav-config.ts; apps/web/src/lib/protected-route.ts,
finance,Projects,/projects/[id]/bom/togal,N/A (page resource; endpoint matrix tracked separately),View,ALLOW (current source policy),PARENT VISIBLE,ALLOW,Page/layout gate; action and endpoint capabilities require separate rows,Tenant scope required,NOT TESTED,NOT TESTED,NOT TESTED,NOT TESTED,apps/web/src/app/(dashboard)/projects/[id]/bom/togal/page.tsx; apps/web/src/lib/operations/nav-config.ts; apps/web/src/lib/protected-route.ts,
finance,Projects,/projects/[id]/checklist,N/A (page resource; endpoint matrix tracked separately),View,ALLOW (current source policy),PARENT VISIBLE,ALLOW,Page/layout gate; action and endpoint capabilities require separate rows,Tenant scope required,NOT TESTED,NOT TESTED,NOT TESTED,NOT TESTED,apps/web/src/app/(dashboard)/projects/[id]/checklist/page.tsx; apps/web/src/lib/operations/nav-config.ts; apps/web/src/lib/protected-route.ts,
finance,Projects,/projects/[id]/coc,N/A (page resource; endpoint matrix tracked separately),View,ALLOW (current source policy),PARENT VISIBLE,ALLOW,Page/layout gate; action and endpoint capabilities require separate rows,Tenant scope required,NOT TESTED,NOT TESTED,NOT TESTED,NOT TESTED,apps/web/src/app/(dashboard)/projects/[id]/coc/page.tsx; apps/web/src/lib/operations/nav-config.ts; apps/web/src/lib/protected-route.ts,
finance,Projects,/projects/[id]/comments,N/A (page resource; endpoint matrix tracked separately),View,ALLOW (current source policy),PARENT VISIBLE,ALLOW,Page/layout gate; action and endpoint capabilities require separate rows,Tenant scope required,NOT TESTED,NOT TESTED,NOT TESTED,NOT TESTED,apps/web/src/app/(dashboard)/projects/[id]/comments/page.tsx; apps/web/src/lib/operations/nav-config.ts; apps/web/src/lib/protected-route.ts,
finance,Projects,/projects/[id]/cost,N/A (page resource; endpoint matrix tracked separately),View,ALLOW (current source policy),PARENT VISIBLE,ALLOW,Page/layout gate; action and endpoint capabilities require separate rows,Tenant scope required,NOT TESTED,NOT TESTED,NOT TESTED,NOT TESTED,apps/web/src/app/(dashboard)/projects/[id]/cost/page.tsx; apps/web/src/lib/operations/nav-config.ts; apps/web/src/lib/protected-route.ts,
finance,Projects,/projects/[id]/cost/budget,N/A (page resource; endpoint matrix tracked separately),View,ALLOW (current source policy),PARENT VISIBLE,ALLOW,Page/layout gate; action and endpoint capabilities require separate rows,Tenant scope required,NOT TESTED,NOT TESTED,NOT TESTED,NOT TESTED,apps/web/src/app/(dashboard)/projects/[id]/cost/budget/page.tsx; apps/web/src/lib/operations/nav-config.ts; apps/web/src/lib/protected-route.ts,
finance,Projects,/projects/[id]/documents,N/A (page resource; endpoint matrix tracked separately),View,ALLOW (current source policy),PARENT VISIBLE,ALLOW,Page/layout gate; action and endpoint capabilities require separate rows,Tenant scope required,NOT TESTED,NOT TESTED,NOT TESTED,NOT TESTED,apps/web/src/app/(dashboard)/projects/[id]/documents/page.tsx; apps/web/src/lib/operations/nav-config.ts; apps/web/src/lib/protected-route.ts,
finance,Projects,/projects/[id]/permits,N/A (page resource; endpoint matrix tracked separately),View,ALLOW (current source policy),PARENT VISIBLE,ALLOW,Page/layout gate; action and endpoint capabilities require separate rows,Tenant scope required,NOT TESTED,NOT TESTED,NOT TESTED,NOT TESTED,apps/web/src/app/(dashboard)/projects/[id]/permits/page.tsx; apps/web/src/lib/operations/nav-config.ts; apps/web/src/lib/protected-route.ts,
finance,Projects,/projects/[id]/progress,N/A (page resource; endpoint matrix tracked separately),View,ALLOW (current source policy),PARENT VISIBLE,ALLOW,Page/layout gate; action and endpoint capabilities require separate rows,Tenant scope required,NOT TESTED,NOT TESTED,NOT TESTED,NOT TESTED,apps/web/src/app/(dashboard)/projects/[id]/progress/page.tsx; apps/web/src/lib/operations/nav-config.ts; apps/web/src/lib/protected-route.ts,
finance,Projects,/projects/[id]/reports,N/A (page resource; endpoint matrix tracked separately),View,ALLOW (current source policy),PARENT VISIBLE,ALLOW,Page/layout gate; action and endpoint capabilities require separate rows,Tenant scope required,NOT TESTED,NOT TESTED,NOT TESTED,NOT TESTED,apps/web/src/app/(dashboard)/projects/[id]/reports/page.tsx; apps/web/src/lib/operations/nav-config.ts; apps/web/src/lib/protected-route.ts,
finance,Projects,/projects/[id]/scope,N/A (page resource; endpoint matrix tracked separately),View,ALLOW (current source policy),PARENT VISIBLE,ALLOW,Page/layout gate; action and endpoint capabilities require separate rows,Tenant scope required,NOT TESTED,NOT TESTED,NOT TESTED,NOT TESTED,apps/web/src/app/(dashboard)/projects/[id]/scope/page.tsx; apps/web/src/lib/operations/nav-config.ts; apps/web/src/lib/protected-route.ts,
finance,Projects,/projects/[id]/turnover,N/A (page resource; endpoint matrix tracked separately),View,ALLOW (current source policy),PARENT VISIBLE,ALLOW,Page/layout gate; action and endpoint capabilities require separate rows,Tenant scope required,NOT TESTED,NOT TESTED,NOT TESTED,NOT TESTED,apps/web/src/app/(dashboard)/projects/[id]/turnover/page.tsx; apps/web/src/lib/operations/nav-config.ts; apps/web/src/lib/protected-route.ts,
finance,Projects,/projects/[id]/vos,N/A (page resource; endpoint matrix tracked separately),View,ALLOW (current source policy),PARENT VISIBLE,ALLOW,Page/layout gate; action and endpoint capabilities require separate rows,Tenant scope required,NOT TESTED,NOT TESTED,NOT TESTED,NOT TESTED,apps/web/src/app/(dashboard)/projects/[id]/vos/page.tsx; apps/web/src/lib/operations/nav-config.ts; apps/web/src/lib/protected-route.ts,
finance,Projects,/projects/[id]/vos/[voId],N/A (page resource; endpoint matrix tracked separately),View,ALLOW (current source policy),PARENT VISIBLE,ALLOW,Page/layout gate; action and endpoint capabilities require separate rows,Tenant scope required,NOT TESTED,NOT TESTED,NOT TESTED,NOT TESTED,apps/web/src/app/(dashboard)/projects/[id]/vos/[voId]/page.tsx; apps/web/src/lib/operations/nav-config.ts; apps/web/src/lib/protected-route.ts,
finance,Projects,/projects/new,N/A (page resource; endpoint matrix tracked separately),View,ALLOW (current source policy),PARENT VISIBLE,ALLOW,Page/layout gate; action and endpoint capabilities require separate rows,Tenant scope required,NOT TESTED,NOT TESTED,NOT TESTED,NOT TESTED,apps/web/src/app/(dashboard)/projects/new/page.tsx; apps/web/src/lib/operations/nav-config.ts; apps/web/src/lib/protected-route.ts,
finance,Post-Construction,/punchlist,N/A (page resource; endpoint matrix tracked separately),View,DENY (current source policy),HIDDEN,DENY/REDIRECT,Page/layout gate; action and endpoint capabilities require separate rows,Tenant scope required,NOT TESTED,NOT TESTED,NOT TESTED,NOT TESTED,apps/web/src/app/(dashboard)/punchlist/page.tsx; apps/web/src/lib/operations/nav-config.ts; apps/web/src/lib/protected-route.ts,
finance,Post-Construction,/punchlist/[id],N/A (page resource; endpoint matrix tracked separately),View,DENY (current source policy),PARENT HIDDEN,DENY/REDIRECT,Page/layout gate; action and endpoint capabilities require separate rows,Tenant scope required,NOT TESTED,NOT TESTED,NOT TESTED,NOT TESTED,apps/web/src/app/(dashboard)/punchlist/[id]/page.tsx; apps/web/src/lib/operations/nav-config.ts; apps/web/src/lib/protected-route.ts,
finance,Post-Construction,/punchlist/new,N/A (page resource; endpoint matrix tracked separately),View,DENY (current source policy),PARENT HIDDEN,DENY/REDIRECT,Page/layout gate; action and endpoint capabilities require separate rows,Tenant scope required,NOT TESTED,NOT TESTED,NOT TESTED,NOT TESTED,apps/web/src/app/(dashboard)/punchlist/new/page.tsx; apps/web/src/lib/operations/nav-config.ts; apps/web/src/lib/protected-route.ts,
finance,Procurement,/purchase-orders,N/A (page resource; endpoint matrix tracked separately),View,DENY (current source policy),HIDDEN,DENY/REDIRECT,Page/layout gate; action and endpoint capabilities require separate rows,Tenant scope required,NOT TESTED,NOT TESTED,NOT TESTED,NOT TESTED,apps/web/src/app/(dashboard)/purchase-orders/page.tsx; apps/web/src/lib/operations/nav-config.ts; apps/web/src/lib/protected-route.ts,
finance,Procurement,/purchase-orders/[id],N/A (page resource; endpoint matrix tracked separately),View,DENY (current source policy),PARENT HIDDEN,DENY/REDIRECT,Page/layout gate; action and endpoint capabilities require separate rows,Tenant scope required,NOT TESTED,NOT TESTED,NOT TESTED,NOT TESTED,apps/web/src/app/(dashboard)/purchase-orders/[id]/page.tsx; apps/web/src/lib/operations/nav-config.ts; apps/web/src/lib/protected-route.ts,
finance,Procurement,/purchase-orders/[id]/print,N/A (page resource; endpoint matrix tracked separately),View,DENY (current source policy),PARENT HIDDEN,DENY/REDIRECT,Page/layout gate; action and endpoint capabilities require separate rows,Tenant scope required,NOT TESTED,NOT TESTED,NOT TESTED,NOT TESTED,apps/web/src/app/(print)/purchase-orders/[id]/print/page.tsx; apps/web/src/lib/operations/nav-config.ts; apps/web/src/lib/protected-route.ts,
finance,Admin & Reports,/reports,N/A (page resource; endpoint matrix tracked separately),View,ALLOW (current source policy),VISIBLE,ALLOW,Page/layout gate; action and endpoint capabilities require separate rows,Tenant scope required,NOT TESTED,NOT TESTED,NOT TESTED,NOT TESTED,apps/web/src/app/(dashboard)/reports/page.tsx; apps/web/src/lib/operations/nav-config.ts; apps/web/src/lib/protected-route.ts,
finance,Settings & Profile,/settings,N/A (page resource; endpoint matrix tracked separately),View,ALLOW (current source policy),VISIBLE,ALLOW,Page/layout gate; action and endpoint capabilities require separate rows,Tenant scope required,NOT TESTED,NOT TESTED,NOT TESTED,NOT TESTED,apps/web/src/app/(dashboard)/settings/page.tsx; apps/web/src/lib/operations/nav-config.ts; apps/web/src/lib/protected-route.ts,
finance,Construction Cadence,/tasks,N/A (page resource; endpoint matrix tracked separately),View,ALLOW (current source policy),VISIBLE,ALLOW,Page/layout gate; action and endpoint capabilities require separate rows,Tenant scope required,NOT TESTED,NOT TESTED,NOT TESTED,NOT TESTED,apps/web/src/app/(dashboard)/tasks/page.tsx; apps/web/src/lib/operations/nav-config.ts; apps/web/src/lib/protected-route.ts,
finance,Warranty & CX,/warranty,N/A (page resource; endpoint matrix tracked separately),View,DENY (current source policy),HIDDEN,DENY/REDIRECT,Page/layout gate; action and endpoint capabilities require separate rows,Tenant scope required,NOT TESTED,NOT TESTED,NOT TESTED,NOT TESTED,apps/web/src/app/(dashboard)/warranty/page.tsx; apps/web/src/lib/operations/nav-config.ts; apps/web/src/lib/protected-route.ts,
finance,Warranty & CX,/warranty/[id],N/A (page resource; endpoint matrix tracked separately),View,DENY (current source policy),PARENT HIDDEN,DENY/REDIRECT,Page/layout gate; action and endpoint capabilities require separate rows,Tenant scope required,NOT TESTED,NOT TESTED,NOT TESTED,NOT TESTED,apps/web/src/app/(dashboard)/warranty/[id]/page.tsx; apps/web/src/lib/operations/nav-config.ts; apps/web/src/lib/protected-route.ts,
finance,Warranty & CX,/warranty/cnps,N/A (page resource; endpoint matrix tracked separately),View,DENY (current source policy),HIDDEN,DENY/REDIRECT,Page/layout gate; action and endpoint capabilities require separate rows,Tenant scope required,NOT TESTED,NOT TESTED,NOT TESTED,NOT TESTED,apps/web/src/app/(dashboard)/warranty/cnps/page.tsx; apps/web/src/lib/operations/nav-config.ts; apps/web/src/lib/protected-route.ts,
finance,Construction Cadence,/weekly-report/[id],N/A (page resource; endpoint matrix tracked separately),View,ALLOW (current source policy),NO CONFIGURED NAV ITEM,ALLOW BY CATCH-ALL; PAGE GATE VARIES,Page/layout gate; action and endpoint capabilities require separate rows,Tenant scope required,NOT TESTED,NOT TESTED,NOT TESTED,PARTIAL,apps/web/src/app/(print)/weekly-report/[id]/page.tsx; apps/web/src/lib/operations/nav-config.ts; apps/web/src/lib/protected-route.ts,
procurement,Admin & Reports,/admin,N/A (page resource; endpoint matrix tracked separately),View,DENY (current source policy),HIDDEN,DENY/REDIRECT,Page/layout gate; action and endpoint capabilities require separate rows,Tenant scope required,NOT TESTED,NOT TESTED,NOT TESTED,NOT TESTED,apps/web/src/app/(dashboard)/admin/page.tsx; apps/web/src/lib/operations/nav-config.ts; apps/web/src/lib/protected-route.ts,
procurement,Admin & Reports,/admin/data-quality,N/A (page resource; endpoint matrix tracked separately),View,DENY (current source policy),PARENT HIDDEN,DENY/REDIRECT,Page/layout gate; action and endpoint capabilities require separate rows,Tenant scope required,NOT TESTED,NOT TESTED,NOT TESTED,NOT TESTED,apps/web/src/app/(dashboard)/admin/data-quality/page.tsx; apps/web/src/lib/operations/nav-config.ts; apps/web/src/lib/protected-route.ts,
procurement,Admin & Reports,/admin/mapping-config,N/A (page resource; endpoint matrix tracked separately),View,DENY (current source policy),PARENT HIDDEN,DENY/REDIRECT,Page/layout gate; action and endpoint capabilities require separate rows,Tenant scope required,NOT TESTED,NOT TESTED,NOT TESTED,NOT TESTED,apps/web/src/app/(dashboard)/admin/mapping-config/page.tsx; apps/web/src/lib/operations/nav-config.ts; apps/web/src/lib/protected-route.ts,
procurement,Admin & Reports,/admin/material-items,N/A (page resource; endpoint matrix tracked separately),View,DENY (current source policy),PARENT HIDDEN,DENY/REDIRECT,Page/layout gate; action and endpoint capabilities require separate rows,Tenant scope required,NOT TESTED,NOT TESTED,NOT TESTED,NOT TESTED,apps/web/src/app/(dashboard)/admin/material-items/page.tsx; apps/web/src/lib/operations/nav-config.ts; apps/web/src/lib/protected-route.ts,
procurement,Admin & Reports,/admin/rate-cards,N/A (page resource; endpoint matrix tracked separately),View,DENY (current source policy),PARENT HIDDEN,DENY/REDIRECT,Page/layout gate; action and endpoint capabilities require separate rows,Tenant scope required,NOT TESTED,NOT TESTED,NOT TESTED,NOT TESTED,apps/web/src/app/(dashboard)/admin/rate-cards/page.tsx; apps/web/src/lib/operations/nav-config.ts; apps/web/src/lib/protected-route.ts,
procurement,Admin & Reports,/admin/users,N/A (page resource; endpoint matrix tracked separately),View,DENY (current source policy),PARENT HIDDEN,DENY/REDIRECT,Page/layout gate; action and endpoint capabilities require separate rows,Tenant scope required,NOT TESTED,NOT TESTED,NOT TESTED,NOT TESTED,apps/web/src/app/(dashboard)/admin/users/page.tsx; apps/web/src/lib/operations/nav-config.ts; apps/web/src/lib/protected-route.ts,
procurement,Admin & Reports,/admin/users/[id],N/A (page resource; endpoint matrix tracked separately),View,DENY (current source policy),PARENT HIDDEN,DENY/REDIRECT,Page/layout gate; action and endpoint capabilities require separate rows,Tenant scope required,NOT TESTED,NOT TESTED,NOT TESTED,NOT TESTED,apps/web/src/app/(dashboard)/admin/users/[id]/page.tsx; apps/web/src/lib/operations/nav-config.ts; apps/web/src/lib/protected-route.ts,
procurement,Admin & Reports,/admin/users/new,N/A (page resource; endpoint matrix tracked separately),View,DENY (current source policy),PARENT HIDDEN,DENY/REDIRECT,Page/layout gate; action and endpoint capabilities require separate rows,Tenant scope required,NOT TESTED,NOT TESTED,NOT TESTED,NOT TESTED,apps/web/src/app/(dashboard)/admin/users/new/page.tsx; apps/web/src/lib/operations/nav-config.ts; apps/web/src/lib/protected-route.ts,
procurement,Assets,/assets,N/A (page resource; endpoint matrix tracked separately),View,ALLOW (current source policy),HIDDEN BY CONTROLLED-ROLLOUT FLAG,ALLOW,Page/layout gate; action and endpoint capabilities require separate rows,Tenant scope required,NOT TESTED,NOT TESTED,NOT TESTED,NOT TESTED,apps/web/src/app/(dashboard)/assets/page.tsx; apps/web/src/lib/operations/nav-config.ts; apps/web/src/lib/protected-route.ts,
procurement,Assets,/assets/[assetId],N/A (page resource; endpoint matrix tracked separately),View,ALLOW (current source policy),HIDDEN BY CONTROLLED-ROLLOUT FLAG,ALLOW,Page/layout gate; action and endpoint capabilities require separate rows,Tenant scope required,NOT TESTED,NOT TESTED,NOT TESTED,NOT TESTED,apps/web/src/app/(dashboard)/assets/[assetId]/page.tsx; apps/web/src/lib/operations/nav-config.ts; apps/web/src/lib/protected-route.ts,
procurement,BOM Engine,/bom,N/A (page resource; endpoint matrix tracked separately),View,DENY (current source policy),HIDDEN,DENY/REDIRECT,Page/layout gate; action and endpoint capabilities require separate rows,Tenant scope required,NOT TESTED,NOT TESTED,NOT TESTED,NOT TESTED,apps/web/src/app/(dashboard)/bom/page.tsx; apps/web/src/lib/operations/nav-config.ts; apps/web/src/lib/protected-route.ts,
procurement,Finance & Billing,/claims,N/A (page resource; endpoint matrix tracked separately),View,DENY (current source policy),HIDDEN,DENY/REDIRECT,Page/layout gate; action and endpoint capabilities require separate rows,Tenant scope required,NOT TESTED,NOT TESTED,NOT TESTED,NOT TESTED,apps/web/src/app/(dashboard)/claims/page.tsx; apps/web/src/lib/operations/nav-config.ts; apps/web/src/lib/protected-route.ts,
procurement,Finance & Billing,/claims/[id],N/A (page resource; endpoint matrix tracked separately),View,DENY (current source policy),PARENT HIDDEN,DENY/REDIRECT,Page/layout gate; action and endpoint capabilities require separate rows,Tenant scope required,NOT TESTED,NOT TESTED,NOT TESTED,NOT TESTED,apps/web/src/app/(dashboard)/claims/[id]/page.tsx; apps/web/src/lib/operations/nav-config.ts; apps/web/src/lib/protected-route.ts,
procurement,Finance & Billing,/claims/new,N/A (page resource; endpoint matrix tracked separately),View,DENY (current source policy),PARENT HIDDEN,DENY/REDIRECT,Page/layout gate; action and endpoint capabilities require separate rows,Tenant scope required,NOT TESTED,NOT TESTED,NOT TESTED,NOT TESTED,apps/web/src/app/(dashboard)/claims/new/page.tsx; apps/web/src/lib/operations/nav-config.ts; apps/web/src/lib/protected-route.ts,
procurement,Cortex,/cortex,N/A (page resource; endpoint matrix tracked separately),View,ALLOW (current source policy),VISIBLE,ALLOW,Page/layout gate; action and endpoint capabilities require separate rows,Tenant scope required,NOT TESTED,NOT TESTED,NOT TESTED,NOT TESTED,apps/web/src/app/(dashboard)/cortex/page.tsx; apps/web/src/lib/operations/nav-config.ts; apps/web/src/lib/protected-route.ts,
procurement,CRM & Proposal,/crm,N/A (page resource; endpoint matrix tracked separately),View,ALLOW (current source policy),NO CONFIGURED NAV ITEM,ALLOW BY CATCH-ALL; PAGE GATE VARIES,Page/layout gate; action and endpoint capabilities require separate rows,Tenant scope required,NOT TESTED,NOT TESTED,NOT TESTED,PARTIAL,apps/web/src/app/(dashboard)/crm/page.tsx; apps/web/src/lib/operations/nav-config.ts; apps/web/src/lib/protected-route.ts,
procurement,CRM & Proposal,/crm/accounts,N/A (page resource; endpoint matrix tracked separately),View,ALLOW (current source policy),VISIBLE,ALLOW,Page/layout gate; action and endpoint capabilities require separate rows,Tenant scope required,NOT TESTED,NOT TESTED,NOT TESTED,NOT TESTED,apps/web/src/app/(dashboard)/crm/accounts/page.tsx; apps/web/src/lib/operations/nav-config.ts; apps/web/src/lib/protected-route.ts,
procurement,CRM & Proposal,/crm/accounts/[id],N/A (page resource; endpoint matrix tracked separately),View,ALLOW (current source policy),PARENT VISIBLE,ALLOW,Page/layout gate; action and endpoint capabilities require separate rows,Tenant scope required,NOT TESTED,NOT TESTED,NOT TESTED,NOT TESTED,apps/web/src/app/(dashboard)/crm/accounts/[id]/page.tsx; apps/web/src/lib/operations/nav-config.ts; apps/web/src/lib/protected-route.ts,
procurement,CRM & Proposal,/crm/accounts/new,N/A (page resource; endpoint matrix tracked separately),View,ALLOW (current source policy),PARENT VISIBLE,ALLOW,Page/layout gate; action and endpoint capabilities require separate rows,Tenant scope required,NOT TESTED,NOT TESTED,NOT TESTED,NOT TESTED,apps/web/src/app/(dashboard)/crm/accounts/new/page.tsx; apps/web/src/lib/operations/nav-config.ts; apps/web/src/lib/protected-route.ts,
procurement,CRM & Proposal,/crm/kyc-queue,N/A (page resource; endpoint matrix tracked separately),View,DENY (current source policy),HIDDEN,DENY/REDIRECT,Page/layout gate; action and endpoint capabilities require separate rows,Tenant scope required,NOT TESTED,NOT TESTED,NOT TESTED,NOT TESTED,apps/web/src/app/(dashboard)/crm/kyc-queue/page.tsx; apps/web/src/lib/operations/nav-config.ts; apps/web/src/lib/protected-route.ts,
procurement,CRM & Proposal,/crm/opportunities,N/A (page resource; endpoint matrix tracked separately),View,ALLOW (current source policy),NO CONFIGURED NAV ITEM,ALLOW BY CATCH-ALL; PAGE GATE VARIES,Page/layout gate; action and endpoint capabilities require separate rows,Tenant scope required,NOT TESTED,NOT TESTED,NOT TESTED,PARTIAL,apps/web/src/app/(dashboard)/crm/opportunities/page.tsx; apps/web/src/lib/operations/nav-config.ts; apps/web/src/lib/protected-route.ts,
procurement,CRM & Proposal,/crm/opportunities/[id],N/A (page resource; endpoint matrix tracked separately),View,ALLOW (current source policy),NO CONFIGURED NAV ITEM,ALLOW BY CATCH-ALL; PAGE GATE VARIES,Page/layout gate; action and endpoint capabilities require separate rows,Tenant scope required,NOT TESTED,NOT TESTED,NOT TESTED,PARTIAL,apps/web/src/app/(dashboard)/crm/opportunities/[id]/page.tsx; apps/web/src/lib/operations/nav-config.ts; apps/web/src/lib/protected-route.ts,
procurement,CRM & Proposal,/crm/opportunities/[id]/proposal,N/A (page resource; endpoint matrix tracked separately),View,ALLOW (current source policy),NO CONFIGURED NAV ITEM,ALLOW BY CATCH-ALL; PAGE GATE VARIES,Page/layout gate; action and endpoint capabilities require separate rows,Tenant scope required,NOT TESTED,NOT TESTED,NOT TESTED,PARTIAL,apps/web/src/app/(dashboard)/crm/opportunities/[id]/proposal/page.tsx; apps/web/src/lib/operations/nav-config.ts; apps/web/src/lib/protected-route.ts,
procurement,CRM & Proposal,/crm/opportunities/[id]/proposal/change-requests,N/A (page resource; endpoint matrix tracked separately),View,ALLOW (current source policy),NO CONFIGURED NAV ITEM,ALLOW BY CATCH-ALL; PAGE GATE VARIES,Page/layout gate; action and endpoint capabilities require separate rows,Tenant scope required,NOT TESTED,NOT TESTED,NOT TESTED,PARTIAL,apps/web/src/app/(dashboard)/crm/opportunities/[id]/proposal/change-requests/page.tsx; apps/web/src/lib/operations/nav-config.ts; apps/web/src/lib/protected-route.ts,
procurement,CRM & Proposal,/crm/opportunities/[id]/proposal/design,N/A (page resource; endpoint matrix tracked separately),View,ALLOW (current source policy),NO CONFIGURED NAV ITEM,ALLOW BY CATCH-ALL; PAGE GATE VARIES,Page/layout gate; action and endpoint capabilities require separate rows,Tenant scope required,NOT TESTED,NOT TESTED,NOT TESTED,PARTIAL,apps/web/src/app/(dashboard)/crm/opportunities/[id]/proposal/design/page.tsx; apps/web/src/lib/operations/nav-config.ts; apps/web/src/lib/protected-route.ts,
procurement,CRM & Proposal,/crm/opportunities/[id]/proposal/inspection,N/A (page resource; endpoint matrix tracked separately),View,ALLOW (current source policy),NO CONFIGURED NAV ITEM,ALLOW BY CATCH-ALL; PAGE GATE VARIES,Page/layout gate; action and endpoint capabilities require separate rows,Tenant scope required,NOT TESTED,NOT TESTED,NOT TESTED,PARTIAL,apps/web/src/app/(dashboard)/crm/opportunities/[id]/proposal/inspection/page.tsx; apps/web/src/lib/operations/nav-config.ts; apps/web/src/lib/protected-route.ts,
procurement,CRM & Proposal,/crm/opportunities/[id]/proposal/pprf,N/A (page resource; endpoint matrix tracked separately),View,ALLOW (current source policy),NO CONFIGURED NAV ITEM,ALLOW BY CATCH-ALL; PAGE GATE VARIES,Page/layout gate; action and endpoint capabilities require separate rows,Tenant scope required,NOT TESTED,NOT TESTED,NOT TESTED,PARTIAL,apps/web/src/app/(dashboard)/crm/opportunities/[id]/proposal/pprf/page.tsx; apps/web/src/lib/operations/nav-config.ts; apps/web/src/lib/protected-route.ts,
procurement,CRM & Proposal,/crm/opportunities/new/pprf,N/A (page resource; endpoint matrix tracked separately),View,ALLOW (current source policy),NO CONFIGURED NAV ITEM,ALLOW BY CATCH-ALL; PAGE GATE VARIES,Page/layout gate; action and endpoint capabilities require separate rows,Tenant scope required,NOT TESTED,NOT TESTED,NOT TESTED,PARTIAL,apps/web/src/app/(dashboard)/crm/opportunities/new/pprf/page.tsx; apps/web/src/lib/operations/nav-config.ts; apps/web/src/lib/protected-route.ts,
procurement,Dashboard,/dashboard,N/A (page resource; endpoint matrix tracked separately),View,ALLOW (current source policy),VISIBLE,ALLOW,Page/layout gate; action and endpoint capabilities require separate rows,Tenant scope required,NOT TESTED,PASSED - real Supabase login and render,NOT TESTED,PARTIAL,apps/web/src/app/(dashboard)/dashboard/page.tsx; isolated Chromium role matrix 2026-09-02,Full route-state and action coverage remains
procurement,Documents,/documents,N/A (page resource; endpoint matrix tracked separately),View,ALLOW (current source policy),VISIBLE,ALLOW,Page/layout gate; action and endpoint capabilities require separate rows,Tenant scope required,NOT TESTED,NOT TESTED,NOT TESTED,NOT TESTED,apps/web/src/app/(dashboard)/documents/page.tsx; apps/web/src/lib/operations/nav-config.ts; apps/web/src/lib/protected-route.ts,
procurement,Finance,/finance,N/A (page resource; endpoint matrix tracked separately),View,DENY (current source policy),HIDDEN,DENY/REDIRECT,Page/layout gate; action and endpoint capabilities require separate rows,Tenant scope required,NOT TESTED,NOT TESTED,NOT TESTED,NOT TESTED,apps/web/src/app/(dashboard)/finance/page.tsx; apps/web/src/lib/operations/nav-config.ts; apps/web/src/lib/protected-route.ts,
procurement,Finance,/finance/cash,N/A (page resource; endpoint matrix tracked separately),View,DENY (current source policy),HIDDEN,DENY/REDIRECT,Page/layout gate; action and endpoint capabilities require separate rows,Tenant scope required,NOT TESTED,NOT TESTED,NOT TESTED,NOT TESTED,apps/web/src/app/(dashboard)/finance/cash/page.tsx; apps/web/src/lib/operations/nav-config.ts; apps/web/src/lib/protected-route.ts,
procurement,Finance,/finance/cash/[id],N/A (page resource; endpoint matrix tracked separately),View,DENY (current source policy),PARENT HIDDEN,DENY/REDIRECT,Page/layout gate; action and endpoint capabilities require separate rows,Tenant scope required,NOT TESTED,NOT TESTED,NOT TESTED,NOT TESTED,apps/web/src/app/(dashboard)/finance/cash/[id]/page.tsx; apps/web/src/lib/operations/nav-config.ts; apps/web/src/lib/protected-route.ts,
procurement,Finance,/finance/cash/new,N/A (page resource; endpoint matrix tracked separately),View,DENY (current source policy),PARENT HIDDEN,DENY/REDIRECT,Page/layout gate; action and endpoint capabilities require separate rows,Tenant scope required,NOT TESTED,NOT TESTED,NOT TESTED,NOT TESTED,apps/web/src/app/(dashboard)/finance/cash/new/page.tsx; apps/web/src/lib/operations/nav-config.ts; apps/web/src/lib/protected-route.ts,
procurement,Finance,/finance/journals/[id],N/A (page resource; endpoint matrix tracked separately),View,DENY (current source policy),PARENT HIDDEN,DENY/REDIRECT,Page/layout gate; action and endpoint capabilities require separate rows,Tenant scope required,NOT TESTED,NOT TESTED,NOT TESTED,NOT TESTED,apps/web/src/app/(dashboard)/finance/journals/[id]/page.tsx; apps/web/src/lib/operations/nav-config.ts; apps/web/src/lib/protected-route.ts,
procurement,Finance,/finance/journals/new,N/A (page resource; endpoint matrix tracked separately),View,DENY (current source policy),PARENT HIDDEN,DENY/REDIRECT,Page/layout gate; action and endpoint capabilities require separate rows,Tenant scope required,NOT TESTED,NOT TESTED,NOT TESTED,NOT TESTED,apps/web/src/app/(dashboard)/finance/journals/new/page.tsx; apps/web/src/lib/operations/nav-config.ts; apps/web/src/lib/protected-route.ts,
procurement,Finance,/finance/ledger,N/A (page resource; endpoint matrix tracked separately),View,DENY (current source policy),PARENT HIDDEN,DENY/REDIRECT,Page/layout gate; action and endpoint capabilities require separate rows,Tenant scope required,NOT TESTED,NOT TESTED,NOT TESTED,NOT TESTED,apps/web/src/app/(dashboard)/finance/ledger/page.tsx; apps/web/src/lib/operations/nav-config.ts; apps/web/src/lib/protected-route.ts,
procurement,Finance,/finance/payables,N/A (page resource; endpoint matrix tracked separately),View,DENY (current source policy),HIDDEN,DENY/REDIRECT,Page/layout gate; action and endpoint capabilities require separate rows,Tenant scope required,NOT TESTED,NOT TESTED,NOT TESTED,NOT TESTED,apps/web/src/app/(dashboard)/finance/payables/page.tsx; apps/web/src/lib/operations/nav-config.ts; apps/web/src/lib/protected-route.ts,
procurement,Finance,/finance/payables/[id],N/A (page resource; endpoint matrix tracked separately),View,DENY (current source policy),PARENT HIDDEN,DENY/REDIRECT,Page/layout gate; action and endpoint capabilities require separate rows,Tenant scope required,NOT TESTED,NOT TESTED,NOT TESTED,NOT TESTED,apps/web/src/app/(dashboard)/finance/payables/[id]/page.tsx; apps/web/src/lib/operations/nav-config.ts; apps/web/src/lib/protected-route.ts,
procurement,Finance,/finance/payables/[id]/edit,N/A (page resource; endpoint matrix tracked separately),View,DENY (current source policy),PARENT HIDDEN,DENY/REDIRECT,Page/layout gate; action and endpoint capabilities require separate rows,Tenant scope required,NOT TESTED,NOT TESTED,NOT TESTED,NOT TESTED,apps/web/src/app/(dashboard)/finance/payables/[id]/edit/page.tsx; apps/web/src/lib/operations/nav-config.ts; apps/web/src/lib/protected-route.ts,
procurement,Finance,/finance/payables/new,N/A (page resource; endpoint matrix tracked separately),View,DENY (current source policy),PARENT HIDDEN,DENY/REDIRECT,Page/layout gate; action and endpoint capabilities require separate rows,Tenant scope required,NOT TESTED,NOT TESTED,NOT TESTED,NOT TESTED,apps/web/src/app/(dashboard)/finance/payables/new/page.tsx; apps/web/src/lib/operations/nav-config.ts; apps/web/src/lib/protected-route.ts,
procurement,Finance,/finance/receivables,N/A (page resource; endpoint matrix tracked separately),View,DENY (current source policy),HIDDEN,DENY/REDIRECT,Page/layout gate; action and endpoint capabilities require separate rows,Tenant scope required,NOT TESTED,NOT TESTED,NOT TESTED,NOT TESTED,apps/web/src/app/(dashboard)/finance/receivables/page.tsx; apps/web/src/lib/operations/nav-config.ts; apps/web/src/lib/protected-route.ts,
procurement,Finance,/finance/reconciliation,N/A (page resource; endpoint matrix tracked separately),View,DENY (current source policy),HIDDEN,DENY/REDIRECT,Page/layout gate; action and endpoint capabilities require separate rows,Tenant scope required,NOT TESTED,NOT TESTED,NOT TESTED,NOT TESTED,apps/web/src/app/(dashboard)/finance/reconciliation/page.tsx; apps/web/src/lib/operations/nav-config.ts; apps/web/src/lib/protected-route.ts,
procurement,Finance,/finance/reconciliation/[id],N/A (page resource; endpoint matrix tracked separately),View,DENY (current source policy),PARENT HIDDEN,DENY/REDIRECT,Page/layout gate; action and endpoint capabilities require separate rows,Tenant scope required,NOT TESTED,NOT TESTED,NOT TESTED,NOT TESTED,apps/web/src/app/(dashboard)/finance/reconciliation/[id]/page.tsx; apps/web/src/lib/operations/nav-config.ts; apps/web/src/lib/protected-route.ts,
procurement,Finance,/finance/reconciliation/new,N/A (page resource; endpoint matrix tracked separately),View,DENY (current source policy),PARENT HIDDEN,DENY/REDIRECT,Page/layout gate; action and endpoint capabilities require separate rows,Tenant scope required,NOT TESTED,NOT TESTED,NOT TESTED,NOT TESTED,apps/web/src/app/(dashboard)/finance/reconciliation/new/page.tsx; apps/web/src/lib/operations/nav-config.ts; apps/web/src/lib/protected-route.ts,
procurement,Proposal Print,/inspection/[id],N/A (page resource; endpoint matrix tracked separately),View,ALLOW (current source policy),NO CONFIGURED NAV ITEM,ALLOW BY CATCH-ALL; PAGE GATE VARIES,Page/layout gate; action and endpoint capabilities require separate rows,Tenant scope required,NOT TESTED,NOT TESTED,NOT TESTED,PARTIAL,apps/web/src/app/(print)/inspection/[id]/page.tsx; apps/web/src/lib/operations/nav-config.ts; apps/web/src/lib/protected-route.ts,
procurement,Inventory,/inventory,N/A (page resource; endpoint matrix tracked separately),View,ALLOW (current source policy),VISIBLE,ALLOW,Page/layout gate; action and endpoint capabilities require separate rows,Tenant scope required,NOT TESTED,NOT TESTED,NOT TESTED,NOT TESTED,apps/web/src/app/(dashboard)/inventory/page.tsx; apps/web/src/lib/operations/nav-config.ts; apps/web/src/lib/protected-route.ts,
procurement,Inventory,/inventory/movements,N/A (page resource; endpoint matrix tracked separately),View,ALLOW (current source policy),PARENT VISIBLE,ALLOW,Page/layout gate; action and endpoint capabilities require separate rows,Tenant scope required,NOT TESTED,NOT TESTED,NOT TESTED,NOT TESTED,apps/web/src/app/(dashboard)/inventory/movements/page.tsx; apps/web/src/lib/operations/nav-config.ts; apps/web/src/lib/protected-route.ts,
procurement,Inventory,/inventory/movements/[id],N/A (page resource; endpoint matrix tracked separately),View,ALLOW (current source policy),PARENT VISIBLE,ALLOW,Page/layout gate; action and endpoint capabilities require separate rows,Tenant scope required,NOT TESTED,NOT TESTED,NOT TESTED,NOT TESTED,apps/web/src/app/(dashboard)/inventory/movements/[id]/page.tsx; apps/web/src/lib/operations/nav-config.ts; apps/web/src/lib/protected-route.ts,
procurement,Inventory,/inventory/movements/new,N/A (page resource; endpoint matrix tracked separately),View,ALLOW (current source policy),PARENT VISIBLE,ALLOW,Page/layout gate; action and endpoint capabilities require separate rows,Tenant scope required,NOT TESTED,NOT TESTED,NOT TESTED,NOT TESTED,apps/web/src/app/(dashboard)/inventory/movements/new/page.tsx; apps/web/src/lib/operations/nav-config.ts; apps/web/src/lib/protected-route.ts,
procurement,Inventory,/inventory/receipts,N/A (page resource; endpoint matrix tracked separately),View,ALLOW (current source policy),PARENT VISIBLE,ALLOW,Page/layout gate; action and endpoint capabilities require separate rows,Tenant scope required,NOT TESTED,NOT TESTED,NOT TESTED,NOT TESTED,apps/web/src/app/(dashboard)/inventory/receipts/page.tsx; apps/web/src/lib/operations/nav-config.ts; apps/web/src/lib/protected-route.ts,
procurement,Inventory,/inventory/receipts/[id],N/A (page resource; endpoint matrix tracked separately),View,ALLOW (current source policy),PARENT VISIBLE,ALLOW,Page/layout gate; action and endpoint capabilities require separate rows,Tenant scope required,NOT TESTED,NOT TESTED,NOT TESTED,NOT TESTED,apps/web/src/app/(dashboard)/inventory/receipts/[id]/page.tsx; apps/web/src/lib/operations/nav-config.ts; apps/web/src/lib/protected-route.ts,
procurement,Inventory,/inventory/receipts/new,N/A (page resource; endpoint matrix tracked separately),View,ALLOW (current source policy),PARENT VISIBLE,ALLOW,Page/layout gate; action and endpoint capabilities require separate rows,Tenant scope required,NOT TESTED,NOT TESTED,NOT TESTED,NOT TESTED,apps/web/src/app/(dashboard)/inventory/receipts/new/page.tsx; apps/web/src/lib/operations/nav-config.ts; apps/web/src/lib/protected-route.ts,
procurement,Finance,/invoices,N/A (page resource; endpoint matrix tracked separately),View,DENY (current source policy),HIDDEN,DENY/REDIRECT,Page/layout gate; action and endpoint capabilities require separate rows,Tenant scope required,NOT TESTED,NOT TESTED,NOT TESTED,NOT TESTED,apps/web/src/app/(dashboard)/invoices/page.tsx; apps/web/src/lib/operations/nav-config.ts; apps/web/src/lib/protected-route.ts,
procurement,Finance,/invoices/[id],N/A (page resource; endpoint matrix tracked separately),View,DENY (current source policy),PARENT HIDDEN,DENY/REDIRECT,Page/layout gate; action and endpoint capabilities require separate rows,Tenant scope required,NOT TESTED,NOT TESTED,NOT TESTED,NOT TESTED,apps/web/src/app/(dashboard)/invoices/[id]/page.tsx; apps/web/src/lib/operations/nav-config.ts; apps/web/src/lib/protected-route.ts,
procurement,Finance,/invoices/[id]/bir2307,N/A (page resource; endpoint matrix tracked separately),View,DENY (current source policy),PARENT HIDDEN,DENY/REDIRECT,Page/layout gate; action and endpoint capabilities require separate rows,Tenant scope required,NOT TESTED,NOT TESTED,NOT TESTED,NOT TESTED,apps/web/src/app/(print)/invoices/[id]/bir2307/page.tsx; apps/web/src/lib/operations/nav-config.ts; apps/web/src/lib/protected-route.ts,
procurement,Finance,/invoices/[id]/print,N/A (page resource; endpoint matrix tracked separately),View,DENY (current source policy),PARENT HIDDEN,DENY/REDIRECT,Page/layout gate; action and endpoint capabilities require separate rows,Tenant scope required,NOT TESTED,NOT TESTED,NOT TESTED,NOT TESTED,apps/web/src/app/(print)/invoices/[id]/print/page.tsx; apps/web/src/lib/operations/nav-config.ts; apps/web/src/lib/protected-route.ts,
procurement,Pre-Construction,/permits,N/A (page resource; endpoint matrix tracked separately),View,DENY (current source policy),HIDDEN,DENY/REDIRECT,Page/layout gate; action and endpoint capabilities require separate rows,Tenant scope required,NOT TESTED,NOT TESTED,NOT TESTED,NOT TESTED,apps/web/src/app/(dashboard)/permits/page.tsx; apps/web/src/lib/operations/nav-config.ts; apps/web/src/lib/protected-route.ts,
procurement,Pipeline,/pipeline,N/A (page resource; endpoint matrix tracked separately),View,ALLOW (current source policy),NO CONFIGURED NAV ITEM,ALLOW BY CATCH-ALL; PAGE GATE VARIES,Page/layout gate; action and endpoint capabilities require separate rows,Tenant scope required,NOT TESTED,NOT TESTED,NOT TESTED,PARTIAL,apps/web/src/app/(dashboard)/pipeline/page.tsx; apps/web/src/lib/operations/nav-config.ts; apps/web/src/lib/protected-route.ts,
procurement,Pipeline,/pipeline/board,N/A (page resource; endpoint matrix tracked separately),View,ALLOW (current source policy),VISIBLE,ALLOW,Page/layout gate; action and endpoint capabilities require separate rows,Tenant scope required,NOT TESTED,NOT TESTED,NOT TESTED,NOT TESTED,apps/web/src/app/(dashboard)/pipeline/board/page.tsx; apps/web/src/lib/operations/nav-config.ts; apps/web/src/lib/protected-route.ts,
procurement,Pipeline,/pipeline/conversion,N/A (page resource; endpoint matrix tracked separately),View,ALLOW (current source policy),NO CONFIGURED NAV ITEM,ALLOW BY CATCH-ALL; PAGE GATE VARIES,Page/layout gate; action and endpoint capabilities require separate rows,Tenant scope required,NOT TESTED,NOT TESTED,NOT TESTED,PARTIAL,apps/web/src/app/(dashboard)/pipeline/conversion/page.tsx; apps/web/src/lib/operations/nav-config.ts; apps/web/src/lib/protected-route.ts,
procurement,Process & SLA,/process,N/A (page resource; endpoint matrix tracked separately),View,ALLOW (current source policy),VISIBLE,ALLOW,Page/layout gate; action and endpoint capabilities require separate rows,Tenant scope required,NOT TESTED,NOT TESTED,NOT TESTED,NOT TESTED,apps/web/src/app/(dashboard)/process/page.tsx; apps/web/src/lib/operations/nav-config.ts; apps/web/src/lib/protected-route.ts,
procurement,Procurement,/procurement,N/A (page resource; endpoint matrix tracked separately),View,ALLOW (current source policy),NO CONFIGURED NAV ITEM,ALLOW BY CATCH-ALL; PAGE GATE VARIES,Page/layout gate; action and endpoint capabilities require separate rows,Tenant scope required,NOT TESTED,NOT TESTED,NOT TESTED,PARTIAL,apps/web/src/app/(dashboard)/procurement/page.tsx; apps/web/src/lib/operations/nav-config.ts; apps/web/src/lib/protected-route.ts,
procurement,Procurement,/procurement/deliveries,N/A (page resource; endpoint matrix tracked separately),View,ALLOW (current source policy),VISIBLE,ALLOW,Page/layout gate; action and endpoint capabilities require separate rows,Tenant scope required,NOT TESTED,NOT TESTED,NOT TESTED,NOT TESTED,apps/web/src/app/(dashboard)/procurement/deliveries/page.tsx; apps/web/src/lib/operations/nav-config.ts; apps/web/src/lib/protected-route.ts,
procurement,Procurement,/procurement/deliveries/[id],N/A (page resource; endpoint matrix tracked separately),View,ALLOW (current source policy),PARENT VISIBLE,ALLOW,Page/layout gate; action and endpoint capabilities require separate rows,Tenant scope required,NOT TESTED,NOT TESTED,NOT TESTED,NOT TESTED,apps/web/src/app/(dashboard)/procurement/deliveries/[id]/page.tsx; apps/web/src/lib/operations/nav-config.ts; apps/web/src/lib/protected-route.ts,
procurement,Procurement,/procurement/deliveries/new,N/A (page resource; endpoint matrix tracked separately),View,ALLOW (current source policy),PARENT VISIBLE,ALLOW,Page/layout gate; action and endpoint capabilities require separate rows,Tenant scope required,NOT TESTED,NOT TESTED,NOT TESTED,NOT TESTED,apps/web/src/app/(dashboard)/procurement/deliveries/new/page.tsx; apps/web/src/lib/operations/nav-config.ts; apps/web/src/lib/protected-route.ts,
procurement,Procurement,/procurement/rfqs,N/A (page resource; endpoint matrix tracked separately),View,ALLOW (current source policy),VISIBLE,ALLOW,Page/layout gate; action and endpoint capabilities require separate rows,Tenant scope required,NOT TESTED,NOT TESTED,NOT TESTED,NOT TESTED,apps/web/src/app/(dashboard)/procurement/rfqs/page.tsx; apps/web/src/lib/operations/nav-config.ts; apps/web/src/lib/protected-route.ts,
procurement,Procurement,/procurement/rfqs/[id],N/A (page resource; endpoint matrix tracked separately),View,ALLOW (current source policy),PARENT VISIBLE,ALLOW,Page/layout gate; action and endpoint capabilities require separate rows,Tenant scope required,NOT TESTED,NOT TESTED,NOT TESTED,NOT TESTED,apps/web/src/app/(dashboard)/procurement/rfqs/[id]/page.tsx; apps/web/src/lib/operations/nav-config.ts; apps/web/src/lib/protected-route.ts,
procurement,Projects,/projects,N/A (page resource; endpoint matrix tracked separately),View,ALLOW (current source policy),VISIBLE,ALLOW,Page/layout gate; action and endpoint capabilities require separate rows,Tenant scope required,NOT TESTED,NOT TESTED,NOT TESTED,NOT TESTED,apps/web/src/app/(dashboard)/projects/page.tsx; apps/web/src/lib/operations/nav-config.ts; apps/web/src/lib/protected-route.ts,
procurement,Projects,/projects/[id],N/A (page resource; endpoint matrix tracked separately),View,ALLOW (current source policy),PARENT VISIBLE,ALLOW,Page/layout gate; action and endpoint capabilities require separate rows,Tenant scope required,NOT TESTED,NOT TESTED,NOT TESTED,NOT TESTED,apps/web/src/app/(dashboard)/projects/[id]/page.tsx; apps/web/src/lib/operations/nav-config.ts; apps/web/src/lib/protected-route.ts,
procurement,Projects,/projects/[id]/access,N/A (page resource; endpoint matrix tracked separately),View,ALLOW (current source policy),PARENT VISIBLE,ALLOW,Page/layout gate; action and endpoint capabilities require separate rows,Tenant scope required,NOT TESTED,NOT TESTED,NOT TESTED,NOT TESTED,apps/web/src/app/(dashboard)/projects/[id]/access/page.tsx; apps/web/src/lib/operations/nav-config.ts; apps/web/src/lib/protected-route.ts,
procurement,Projects,/projects/[id]/audit,N/A (page resource; endpoint matrix tracked separately),View,DENY (audit.read policy),AUDIT TAB HIDDEN,DENY/NOT FOUND,Project detail projection plus audit.read route gate,Tenant and requested project scope,PASSED - all-role projection and route tests,PASSED - direct audit denial,NOT RUN,PARTIAL,project-detail-access.test.tsx; project-sensitive-routes.test.tsx; isolated Chromium 2026-09-03,Database-backed budget trigger not exercised in the broader project-detail slice
procurement,Projects,/projects/[id]/billing,N/A (page resource; endpoint matrix tracked separately),View,ALLOW (current source policy),PARENT VISIBLE,ALLOW,Page/layout gate; action and endpoint capabilities require separate rows,Tenant scope required,NOT TESTED,NOT TESTED,NOT TESTED,NOT TESTED,apps/web/src/app/(dashboard)/projects/[id]/billing/page.tsx; apps/web/src/lib/operations/nav-config.ts; apps/web/src/lib/protected-route.ts,
procurement,Projects,/projects/[id]/bom,N/A (page resource; endpoint matrix tracked separately),View,ALLOW (current source policy),PARENT VISIBLE,ALLOW,Page/layout gate; action and endpoint capabilities require separate rows,Tenant scope required,NOT TESTED,NOT TESTED,NOT TESTED,NOT TESTED,apps/web/src/app/(dashboard)/projects/[id]/bom/page.tsx; apps/web/src/lib/operations/nav-config.ts; apps/web/src/lib/protected-route.ts,
procurement,Projects,/projects/[id]/bom/togal,N/A (page resource; endpoint matrix tracked separately),View,ALLOW (current source policy),PARENT VISIBLE,ALLOW,Page/layout gate; action and endpoint capabilities require separate rows,Tenant scope required,NOT TESTED,NOT TESTED,NOT TESTED,NOT TESTED,apps/web/src/app/(dashboard)/projects/[id]/bom/togal/page.tsx; apps/web/src/lib/operations/nav-config.ts; apps/web/src/lib/protected-route.ts,
procurement,Projects,/projects/[id]/checklist,N/A (page resource; endpoint matrix tracked separately),View,ALLOW (current source policy),PARENT VISIBLE,ALLOW,Page/layout gate; action and endpoint capabilities require separate rows,Tenant scope required,NOT TESTED,NOT TESTED,NOT TESTED,NOT TESTED,apps/web/src/app/(dashboard)/projects/[id]/checklist/page.tsx; apps/web/src/lib/operations/nav-config.ts; apps/web/src/lib/protected-route.ts,
procurement,Projects,/projects/[id]/coc,N/A (page resource; endpoint matrix tracked separately),View,ALLOW (current source policy),PARENT VISIBLE,ALLOW,Page/layout gate; action and endpoint capabilities require separate rows,Tenant scope required,NOT TESTED,NOT TESTED,NOT TESTED,NOT TESTED,apps/web/src/app/(dashboard)/projects/[id]/coc/page.tsx; apps/web/src/lib/operations/nav-config.ts; apps/web/src/lib/protected-route.ts,
procurement,Projects,/projects/[id]/comments,N/A (page resource; endpoint matrix tracked separately),View,ALLOW (current source policy),PARENT VISIBLE,ALLOW,Page/layout gate; action and endpoint capabilities require separate rows,Tenant scope required,NOT TESTED,NOT TESTED,NOT TESTED,NOT TESTED,apps/web/src/app/(dashboard)/projects/[id]/comments/page.tsx; apps/web/src/lib/operations/nav-config.ts; apps/web/src/lib/protected-route.ts,
procurement,Projects,/projects/[id]/cost,N/A (page resource; endpoint matrix tracked separately),View,ALLOW (current source policy),PARENT VISIBLE,ALLOW,Page/layout gate; action and endpoint capabilities require separate rows,Tenant scope required,NOT TESTED,NOT TESTED,NOT TESTED,NOT TESTED,apps/web/src/app/(dashboard)/projects/[id]/cost/page.tsx; apps/web/src/lib/operations/nav-config.ts; apps/web/src/lib/protected-route.ts,
procurement,Projects,/projects/[id]/cost/budget,N/A (page resource; endpoint matrix tracked separately),View,ALLOW (current source policy),PARENT VISIBLE,ALLOW,Page/layout gate; action and endpoint capabilities require separate rows,Tenant scope required,NOT TESTED,NOT TESTED,NOT TESTED,NOT TESTED,apps/web/src/app/(dashboard)/projects/[id]/cost/budget/page.tsx; apps/web/src/lib/operations/nav-config.ts; apps/web/src/lib/protected-route.ts,
procurement,Projects,/projects/[id]/documents,N/A (page resource; endpoint matrix tracked separately),View,ALLOW (current source policy),PARENT VISIBLE,ALLOW,Page/layout gate; action and endpoint capabilities require separate rows,Tenant scope required,NOT TESTED,NOT TESTED,NOT TESTED,NOT TESTED,apps/web/src/app/(dashboard)/projects/[id]/documents/page.tsx; apps/web/src/lib/operations/nav-config.ts; apps/web/src/lib/protected-route.ts,
procurement,Projects,/projects/[id]/permits,N/A (page resource; endpoint matrix tracked separately),View,ALLOW (current source policy),PARENT VISIBLE,ALLOW,Page/layout gate; action and endpoint capabilities require separate rows,Tenant scope required,NOT TESTED,NOT TESTED,NOT TESTED,NOT TESTED,apps/web/src/app/(dashboard)/projects/[id]/permits/page.tsx; apps/web/src/lib/operations/nav-config.ts; apps/web/src/lib/protected-route.ts,
procurement,Projects,/projects/[id]/progress,N/A (page resource; endpoint matrix tracked separately),View,ALLOW (current source policy),PARENT VISIBLE,ALLOW,Page/layout gate; action and endpoint capabilities require separate rows,Tenant scope required,NOT TESTED,NOT TESTED,NOT TESTED,NOT TESTED,apps/web/src/app/(dashboard)/projects/[id]/progress/page.tsx; apps/web/src/lib/operations/nav-config.ts; apps/web/src/lib/protected-route.ts,
procurement,Projects,/projects/[id]/reports,N/A (page resource; endpoint matrix tracked separately),View,ALLOW (current source policy),PARENT VISIBLE,ALLOW,Page/layout gate; action and endpoint capabilities require separate rows,Tenant scope required,NOT TESTED,NOT TESTED,NOT TESTED,NOT TESTED,apps/web/src/app/(dashboard)/projects/[id]/reports/page.tsx; apps/web/src/lib/operations/nav-config.ts; apps/web/src/lib/protected-route.ts,
procurement,Projects,/projects/[id]/scope,N/A (page resource; endpoint matrix tracked separately),View,ALLOW (current source policy),PARENT VISIBLE,ALLOW,Page/layout gate; action and endpoint capabilities require separate rows,Tenant scope required,NOT TESTED,NOT TESTED,NOT TESTED,NOT TESTED,apps/web/src/app/(dashboard)/projects/[id]/scope/page.tsx; apps/web/src/lib/operations/nav-config.ts; apps/web/src/lib/protected-route.ts,
procurement,Projects,/projects/[id]/turnover,N/A (page resource; endpoint matrix tracked separately),View,ALLOW (current source policy),PARENT VISIBLE,ALLOW,Page/layout gate; action and endpoint capabilities require separate rows,Tenant scope required,NOT TESTED,NOT TESTED,NOT TESTED,NOT TESTED,apps/web/src/app/(dashboard)/projects/[id]/turnover/page.tsx; apps/web/src/lib/operations/nav-config.ts; apps/web/src/lib/protected-route.ts,
procurement,Projects,/projects/[id]/vos,N/A (page resource; endpoint matrix tracked separately),View,ALLOW (current source policy),PARENT VISIBLE,ALLOW,Page/layout gate; action and endpoint capabilities require separate rows,Tenant scope required,NOT TESTED,NOT TESTED,NOT TESTED,NOT TESTED,apps/web/src/app/(dashboard)/projects/[id]/vos/page.tsx; apps/web/src/lib/operations/nav-config.ts; apps/web/src/lib/protected-route.ts,
procurement,Projects,/projects/[id]/vos/[voId],N/A (page resource; endpoint matrix tracked separately),View,ALLOW (current source policy),PARENT VISIBLE,ALLOW,Page/layout gate; action and endpoint capabilities require separate rows,Tenant scope required,NOT TESTED,NOT TESTED,NOT TESTED,NOT TESTED,apps/web/src/app/(dashboard)/projects/[id]/vos/[voId]/page.tsx; apps/web/src/lib/operations/nav-config.ts; apps/web/src/lib/protected-route.ts,
procurement,Projects,/projects/new,N/A (page resource; endpoint matrix tracked separately),View,ALLOW (current source policy),PARENT VISIBLE,ALLOW,Page/layout gate; action and endpoint capabilities require separate rows,Tenant scope required,NOT TESTED,NOT TESTED,NOT TESTED,NOT TESTED,apps/web/src/app/(dashboard)/projects/new/page.tsx; apps/web/src/lib/operations/nav-config.ts; apps/web/src/lib/protected-route.ts,
procurement,Post-Construction,/punchlist,N/A (page resource; endpoint matrix tracked separately),View,DENY (current source policy),HIDDEN,DENY/REDIRECT,Page/layout gate; action and endpoint capabilities require separate rows,Tenant scope required,NOT TESTED,NOT TESTED,NOT TESTED,NOT TESTED,apps/web/src/app/(dashboard)/punchlist/page.tsx; apps/web/src/lib/operations/nav-config.ts; apps/web/src/lib/protected-route.ts,
procurement,Post-Construction,/punchlist/[id],N/A (page resource; endpoint matrix tracked separately),View,DENY (current source policy),PARENT HIDDEN,DENY/REDIRECT,Page/layout gate; action and endpoint capabilities require separate rows,Tenant scope required,NOT TESTED,NOT TESTED,NOT TESTED,NOT TESTED,apps/web/src/app/(dashboard)/punchlist/[id]/page.tsx; apps/web/src/lib/operations/nav-config.ts; apps/web/src/lib/protected-route.ts,
procurement,Post-Construction,/punchlist/new,N/A (page resource; endpoint matrix tracked separately),View,DENY (current source policy),PARENT HIDDEN,DENY/REDIRECT,Page/layout gate; action and endpoint capabilities require separate rows,Tenant scope required,NOT TESTED,NOT TESTED,NOT TESTED,NOT TESTED,apps/web/src/app/(dashboard)/punchlist/new/page.tsx; apps/web/src/lib/operations/nav-config.ts; apps/web/src/lib/protected-route.ts,
procurement,Procurement,/purchase-orders,N/A (page resource; endpoint matrix tracked separately),View,ALLOW (current source policy),VISIBLE,ALLOW,Page/layout gate; action and endpoint capabilities require separate rows,Tenant scope required,NOT TESTED,NOT TESTED,NOT TESTED,NOT TESTED,apps/web/src/app/(dashboard)/purchase-orders/page.tsx; apps/web/src/lib/operations/nav-config.ts; apps/web/src/lib/protected-route.ts,
procurement,Procurement,/purchase-orders/[id],N/A (page resource; endpoint matrix tracked separately),View,ALLOW (current source policy),PARENT VISIBLE,ALLOW,Page/layout gate; action and endpoint capabilities require separate rows,Tenant scope required,NOT TESTED,NOT TESTED,NOT TESTED,NOT TESTED,apps/web/src/app/(dashboard)/purchase-orders/[id]/page.tsx; apps/web/src/lib/operations/nav-config.ts; apps/web/src/lib/protected-route.ts,
procurement,Procurement,/purchase-orders/[id]/print,N/A (page resource; endpoint matrix tracked separately),View,ALLOW (current source policy),PARENT VISIBLE,ALLOW,Page/layout gate; action and endpoint capabilities require separate rows,Tenant scope required,NOT TESTED,NOT TESTED,NOT TESTED,NOT TESTED,apps/web/src/app/(print)/purchase-orders/[id]/print/page.tsx; apps/web/src/lib/operations/nav-config.ts; apps/web/src/lib/protected-route.ts,
procurement,Admin & Reports,/reports,N/A (page resource; endpoint matrix tracked separately),View,DENY (current source policy),HIDDEN,DENY/REDIRECT,Page/layout gate; action and endpoint capabilities require separate rows,Tenant scope required,NOT TESTED,NOT TESTED,NOT TESTED,NOT TESTED,apps/web/src/app/(dashboard)/reports/page.tsx; apps/web/src/lib/operations/nav-config.ts; apps/web/src/lib/protected-route.ts,
procurement,Settings & Profile,/settings,N/A (page resource; endpoint matrix tracked separately),View,ALLOW (current source policy),VISIBLE,ALLOW,Page/layout gate; action and endpoint capabilities require separate rows,Tenant scope required,NOT TESTED,NOT TESTED,NOT TESTED,NOT TESTED,apps/web/src/app/(dashboard)/settings/page.tsx; apps/web/src/lib/operations/nav-config.ts; apps/web/src/lib/protected-route.ts,
procurement,Construction Cadence,/tasks,N/A (page resource; endpoint matrix tracked separately),View,ALLOW (current source policy),VISIBLE,ALLOW,Page/layout gate; action and endpoint capabilities require separate rows,Tenant scope required,NOT TESTED,NOT TESTED,NOT TESTED,NOT TESTED,apps/web/src/app/(dashboard)/tasks/page.tsx; apps/web/src/lib/operations/nav-config.ts; apps/web/src/lib/protected-route.ts,
procurement,Warranty & CX,/warranty,N/A (page resource; endpoint matrix tracked separately),View,DENY (current source policy),HIDDEN,DENY/REDIRECT,Page/layout gate; action and endpoint capabilities require separate rows,Tenant scope required,NOT TESTED,NOT TESTED,NOT TESTED,NOT TESTED,apps/web/src/app/(dashboard)/warranty/page.tsx; apps/web/src/lib/operations/nav-config.ts; apps/web/src/lib/protected-route.ts,
procurement,Warranty & CX,/warranty/[id],N/A (page resource; endpoint matrix tracked separately),View,DENY (current source policy),PARENT HIDDEN,DENY/REDIRECT,Page/layout gate; action and endpoint capabilities require separate rows,Tenant scope required,NOT TESTED,NOT TESTED,NOT TESTED,NOT TESTED,apps/web/src/app/(dashboard)/warranty/[id]/page.tsx; apps/web/src/lib/operations/nav-config.ts; apps/web/src/lib/protected-route.ts,
procurement,Warranty & CX,/warranty/cnps,N/A (page resource; endpoint matrix tracked separately),View,DENY (current source policy),HIDDEN,DENY/REDIRECT,Page/layout gate; action and endpoint capabilities require separate rows,Tenant scope required,NOT TESTED,NOT TESTED,NOT TESTED,NOT TESTED,apps/web/src/app/(dashboard)/warranty/cnps/page.tsx; apps/web/src/lib/operations/nav-config.ts; apps/web/src/lib/protected-route.ts,
procurement,Construction Cadence,/weekly-report/[id],N/A (page resource; endpoint matrix tracked separately),View,ALLOW (current source policy),NO CONFIGURED NAV ITEM,ALLOW BY CATCH-ALL; PAGE GATE VARIES,Page/layout gate; action and endpoint capabilities require separate rows,Tenant scope required,NOT TESTED,NOT TESTED,NOT TESTED,PARTIAL,apps/web/src/app/(print)/weekly-report/[id]/page.tsx; apps/web/src/lib/operations/nav-config.ts; apps/web/src/lib/protected-route.ts,
safety,Admin & Reports,/admin,N/A (page resource; endpoint matrix tracked separately),View,DENY (current source policy),HIDDEN,DENY/REDIRECT,Page/layout gate; action and endpoint capabilities require separate rows,Tenant scope required,NOT TESTED,NOT TESTED,NOT TESTED,NOT TESTED,apps/web/src/app/(dashboard)/admin/page.tsx; apps/web/src/lib/operations/nav-config.ts; apps/web/src/lib/protected-route.ts,
safety,Admin & Reports,/admin/data-quality,N/A (page resource; endpoint matrix tracked separately),View,DENY (current source policy),PARENT HIDDEN,DENY/REDIRECT,Page/layout gate; action and endpoint capabilities require separate rows,Tenant scope required,NOT TESTED,NOT TESTED,NOT TESTED,NOT TESTED,apps/web/src/app/(dashboard)/admin/data-quality/page.tsx; apps/web/src/lib/operations/nav-config.ts; apps/web/src/lib/protected-route.ts,
safety,Admin & Reports,/admin/mapping-config,N/A (page resource; endpoint matrix tracked separately),View,DENY (current source policy),PARENT HIDDEN,DENY/REDIRECT,Page/layout gate; action and endpoint capabilities require separate rows,Tenant scope required,NOT TESTED,NOT TESTED,NOT TESTED,NOT TESTED,apps/web/src/app/(dashboard)/admin/mapping-config/page.tsx; apps/web/src/lib/operations/nav-config.ts; apps/web/src/lib/protected-route.ts,
safety,Admin & Reports,/admin/material-items,N/A (page resource; endpoint matrix tracked separately),View,DENY (current source policy),PARENT HIDDEN,DENY/REDIRECT,Page/layout gate; action and endpoint capabilities require separate rows,Tenant scope required,NOT TESTED,NOT TESTED,NOT TESTED,NOT TESTED,apps/web/src/app/(dashboard)/admin/material-items/page.tsx; apps/web/src/lib/operations/nav-config.ts; apps/web/src/lib/protected-route.ts,
safety,Admin & Reports,/admin/rate-cards,N/A (page resource; endpoint matrix tracked separately),View,DENY (current source policy),PARENT HIDDEN,DENY/REDIRECT,Page/layout gate; action and endpoint capabilities require separate rows,Tenant scope required,NOT TESTED,NOT TESTED,NOT TESTED,NOT TESTED,apps/web/src/app/(dashboard)/admin/rate-cards/page.tsx; apps/web/src/lib/operations/nav-config.ts; apps/web/src/lib/protected-route.ts,
safety,Admin & Reports,/admin/users,N/A (page resource; endpoint matrix tracked separately),View,DENY (current source policy),PARENT HIDDEN,DENY/REDIRECT,Page/layout gate; action and endpoint capabilities require separate rows,Tenant scope required,NOT TESTED,NOT TESTED,NOT TESTED,NOT TESTED,apps/web/src/app/(dashboard)/admin/users/page.tsx; apps/web/src/lib/operations/nav-config.ts; apps/web/src/lib/protected-route.ts,
safety,Admin & Reports,/admin/users/[id],N/A (page resource; endpoint matrix tracked separately),View,DENY (current source policy),PARENT HIDDEN,DENY/REDIRECT,Page/layout gate; action and endpoint capabilities require separate rows,Tenant scope required,NOT TESTED,NOT TESTED,NOT TESTED,NOT TESTED,apps/web/src/app/(dashboard)/admin/users/[id]/page.tsx; apps/web/src/lib/operations/nav-config.ts; apps/web/src/lib/protected-route.ts,
safety,Admin & Reports,/admin/users/new,N/A (page resource; endpoint matrix tracked separately),View,DENY (current source policy),PARENT HIDDEN,DENY/REDIRECT,Page/layout gate; action and endpoint capabilities require separate rows,Tenant scope required,NOT TESTED,NOT TESTED,NOT TESTED,NOT TESTED,apps/web/src/app/(dashboard)/admin/users/new/page.tsx; apps/web/src/lib/operations/nav-config.ts; apps/web/src/lib/protected-route.ts,
safety,Assets,/assets,N/A (page resource; endpoint matrix tracked separately),View,ALLOW (current source policy),HIDDEN BY CONTROLLED-ROLLOUT FLAG,ALLOW,Page/layout gate; action and endpoint capabilities require separate rows,Tenant scope required,NOT TESTED,NOT TESTED,NOT TESTED,NOT TESTED,apps/web/src/app/(dashboard)/assets/page.tsx; apps/web/src/lib/operations/nav-config.ts; apps/web/src/lib/protected-route.ts,
safety,Assets,/assets/[assetId],N/A (page resource; endpoint matrix tracked separately),View,ALLOW (current source policy),HIDDEN BY CONTROLLED-ROLLOUT FLAG,ALLOW,Page/layout gate; action and endpoint capabilities require separate rows,Tenant scope required,NOT TESTED,NOT TESTED,NOT TESTED,NOT TESTED,apps/web/src/app/(dashboard)/assets/[assetId]/page.tsx; apps/web/src/lib/operations/nav-config.ts; apps/web/src/lib/protected-route.ts,
safety,BOM Engine,/bom,N/A (page resource; endpoint matrix tracked separately),View,DENY (current source policy),HIDDEN,DENY/REDIRECT,Page/layout gate; action and endpoint capabilities require separate rows,Tenant scope required,NOT TESTED,NOT TESTED,NOT TESTED,NOT TESTED,apps/web/src/app/(dashboard)/bom/page.tsx; apps/web/src/lib/operations/nav-config.ts; apps/web/src/lib/protected-route.ts,
safety,Finance & Billing,/claims,N/A (page resource; endpoint matrix tracked separately),View,DENY (current source policy),HIDDEN,DENY/REDIRECT,Page/layout gate; action and endpoint capabilities require separate rows,Tenant scope required,NOT TESTED,NOT TESTED,NOT TESTED,NOT TESTED,apps/web/src/app/(dashboard)/claims/page.tsx; apps/web/src/lib/operations/nav-config.ts; apps/web/src/lib/protected-route.ts,
safety,Finance & Billing,/claims/[id],N/A (page resource; endpoint matrix tracked separately),View,DENY (current source policy),PARENT HIDDEN,DENY/REDIRECT,Page/layout gate; action and endpoint capabilities require separate rows,Tenant scope required,NOT TESTED,NOT TESTED,NOT TESTED,NOT TESTED,apps/web/src/app/(dashboard)/claims/[id]/page.tsx; apps/web/src/lib/operations/nav-config.ts; apps/web/src/lib/protected-route.ts,
safety,Finance & Billing,/claims/new,N/A (page resource; endpoint matrix tracked separately),View,DENY (current source policy),PARENT HIDDEN,DENY/REDIRECT,Page/layout gate; action and endpoint capabilities require separate rows,Tenant scope required,NOT TESTED,NOT TESTED,NOT TESTED,NOT TESTED,apps/web/src/app/(dashboard)/claims/new/page.tsx; apps/web/src/lib/operations/nav-config.ts; apps/web/src/lib/protected-route.ts,
safety,Cortex,/cortex,N/A (page resource; endpoint matrix tracked separately),View,ALLOW (current source policy),VISIBLE,ALLOW,Page/layout gate; action and endpoint capabilities require separate rows,Tenant scope required,NOT TESTED,NOT TESTED,NOT TESTED,NOT TESTED,apps/web/src/app/(dashboard)/cortex/page.tsx; apps/web/src/lib/operations/nav-config.ts; apps/web/src/lib/protected-route.ts,
safety,CRM & Proposal,/crm,N/A (page resource; endpoint matrix tracked separately),View,ALLOW (current source policy),NO CONFIGURED NAV ITEM,ALLOW BY CATCH-ALL; PAGE GATE VARIES,Page/layout gate; action and endpoint capabilities require separate rows,Tenant scope required,NOT TESTED,NOT TESTED,NOT TESTED,PARTIAL,apps/web/src/app/(dashboard)/crm/page.tsx; apps/web/src/lib/operations/nav-config.ts; apps/web/src/lib/protected-route.ts,
safety,CRM & Proposal,/crm/accounts,N/A (page resource; endpoint matrix tracked separately),View,ALLOW (current source policy),VISIBLE,ALLOW,Page/layout gate; action and endpoint capabilities require separate rows,Tenant scope required,NOT TESTED,NOT TESTED,NOT TESTED,NOT TESTED,apps/web/src/app/(dashboard)/crm/accounts/page.tsx; apps/web/src/lib/operations/nav-config.ts; apps/web/src/lib/protected-route.ts,
safety,CRM & Proposal,/crm/accounts/[id],N/A (page resource; endpoint matrix tracked separately),View,ALLOW (current source policy),PARENT VISIBLE,ALLOW,Page/layout gate; action and endpoint capabilities require separate rows,Tenant scope required,NOT TESTED,NOT TESTED,NOT TESTED,NOT TESTED,apps/web/src/app/(dashboard)/crm/accounts/[id]/page.tsx; apps/web/src/lib/operations/nav-config.ts; apps/web/src/lib/protected-route.ts,
safety,CRM & Proposal,/crm/accounts/new,N/A (page resource; endpoint matrix tracked separately),View,ALLOW (current source policy),PARENT VISIBLE,ALLOW,Page/layout gate; action and endpoint capabilities require separate rows,Tenant scope required,NOT TESTED,NOT TESTED,NOT TESTED,NOT TESTED,apps/web/src/app/(dashboard)/crm/accounts/new/page.tsx; apps/web/src/lib/operations/nav-config.ts; apps/web/src/lib/protected-route.ts,
safety,CRM & Proposal,/crm/kyc-queue,N/A (page resource; endpoint matrix tracked separately),View,DENY (current source policy),HIDDEN,DENY/REDIRECT,Page/layout gate; action and endpoint capabilities require separate rows,Tenant scope required,NOT TESTED,NOT TESTED,NOT TESTED,NOT TESTED,apps/web/src/app/(dashboard)/crm/kyc-queue/page.tsx; apps/web/src/lib/operations/nav-config.ts; apps/web/src/lib/protected-route.ts,
safety,CRM & Proposal,/crm/opportunities,N/A (page resource; endpoint matrix tracked separately),View,ALLOW (current source policy),NO CONFIGURED NAV ITEM,ALLOW BY CATCH-ALL; PAGE GATE VARIES,Page/layout gate; action and endpoint capabilities require separate rows,Tenant scope required,NOT TESTED,NOT TESTED,NOT TESTED,PARTIAL,apps/web/src/app/(dashboard)/crm/opportunities/page.tsx; apps/web/src/lib/operations/nav-config.ts; apps/web/src/lib/protected-route.ts,
safety,CRM & Proposal,/crm/opportunities/[id],N/A (page resource; endpoint matrix tracked separately),View,ALLOW (current source policy),NO CONFIGURED NAV ITEM,ALLOW BY CATCH-ALL; PAGE GATE VARIES,Page/layout gate; action and endpoint capabilities require separate rows,Tenant scope required,NOT TESTED,NOT TESTED,NOT TESTED,PARTIAL,apps/web/src/app/(dashboard)/crm/opportunities/[id]/page.tsx; apps/web/src/lib/operations/nav-config.ts; apps/web/src/lib/protected-route.ts,
safety,CRM & Proposal,/crm/opportunities/[id]/proposal,N/A (page resource; endpoint matrix tracked separately),View,ALLOW (current source policy),NO CONFIGURED NAV ITEM,ALLOW BY CATCH-ALL; PAGE GATE VARIES,Page/layout gate; action and endpoint capabilities require separate rows,Tenant scope required,NOT TESTED,NOT TESTED,NOT TESTED,PARTIAL,apps/web/src/app/(dashboard)/crm/opportunities/[id]/proposal/page.tsx; apps/web/src/lib/operations/nav-config.ts; apps/web/src/lib/protected-route.ts,
safety,CRM & Proposal,/crm/opportunities/[id]/proposal/change-requests,N/A (page resource; endpoint matrix tracked separately),View,ALLOW (current source policy),NO CONFIGURED NAV ITEM,ALLOW BY CATCH-ALL; PAGE GATE VARIES,Page/layout gate; action and endpoint capabilities require separate rows,Tenant scope required,NOT TESTED,NOT TESTED,NOT TESTED,PARTIAL,apps/web/src/app/(dashboard)/crm/opportunities/[id]/proposal/change-requests/page.tsx; apps/web/src/lib/operations/nav-config.ts; apps/web/src/lib/protected-route.ts,
safety,CRM & Proposal,/crm/opportunities/[id]/proposal/design,N/A (page resource; endpoint matrix tracked separately),View,ALLOW (current source policy),NO CONFIGURED NAV ITEM,ALLOW BY CATCH-ALL; PAGE GATE VARIES,Page/layout gate; action and endpoint capabilities require separate rows,Tenant scope required,NOT TESTED,NOT TESTED,NOT TESTED,PARTIAL,apps/web/src/app/(dashboard)/crm/opportunities/[id]/proposal/design/page.tsx; apps/web/src/lib/operations/nav-config.ts; apps/web/src/lib/protected-route.ts,
safety,CRM & Proposal,/crm/opportunities/[id]/proposal/inspection,N/A (page resource; endpoint matrix tracked separately),View,ALLOW (current source policy),NO CONFIGURED NAV ITEM,ALLOW BY CATCH-ALL; PAGE GATE VARIES,Page/layout gate; action and endpoint capabilities require separate rows,Tenant scope required,NOT TESTED,NOT TESTED,NOT TESTED,PARTIAL,apps/web/src/app/(dashboard)/crm/opportunities/[id]/proposal/inspection/page.tsx; apps/web/src/lib/operations/nav-config.ts; apps/web/src/lib/protected-route.ts,
safety,CRM & Proposal,/crm/opportunities/[id]/proposal/pprf,N/A (page resource; endpoint matrix tracked separately),View,ALLOW (current source policy),NO CONFIGURED NAV ITEM,ALLOW BY CATCH-ALL; PAGE GATE VARIES,Page/layout gate; action and endpoint capabilities require separate rows,Tenant scope required,NOT TESTED,NOT TESTED,NOT TESTED,PARTIAL,apps/web/src/app/(dashboard)/crm/opportunities/[id]/proposal/pprf/page.tsx; apps/web/src/lib/operations/nav-config.ts; apps/web/src/lib/protected-route.ts,
safety,CRM & Proposal,/crm/opportunities/new/pprf,N/A (page resource; endpoint matrix tracked separately),View,ALLOW (current source policy),NO CONFIGURED NAV ITEM,ALLOW BY CATCH-ALL; PAGE GATE VARIES,Page/layout gate; action and endpoint capabilities require separate rows,Tenant scope required,NOT TESTED,NOT TESTED,NOT TESTED,PARTIAL,apps/web/src/app/(dashboard)/crm/opportunities/new/pprf/page.tsx; apps/web/src/lib/operations/nav-config.ts; apps/web/src/lib/protected-route.ts,
safety,Dashboard,/dashboard,N/A (page resource; endpoint matrix tracked separately),View,ALLOW (current source policy),VISIBLE,ALLOW,Page/layout gate; action and endpoint capabilities require separate rows,Tenant scope required,NOT TESTED,PASSED - real Supabase login and render,NOT TESTED,PARTIAL,apps/web/src/app/(dashboard)/dashboard/page.tsx; isolated Chromium role matrix 2026-09-02,Full route-state and action coverage remains
safety,Documents,/documents,N/A (page resource; endpoint matrix tracked separately),View,ALLOW (current source policy),VISIBLE,ALLOW,Page/layout gate; action and endpoint capabilities require separate rows,Tenant scope required,NOT TESTED,NOT TESTED,NOT TESTED,NOT TESTED,apps/web/src/app/(dashboard)/documents/page.tsx; apps/web/src/lib/operations/nav-config.ts; apps/web/src/lib/protected-route.ts,
safety,Finance,/finance,N/A (page resource; endpoint matrix tracked separately),View,DENY (current source policy),HIDDEN,DENY/REDIRECT,Page/layout gate; action and endpoint capabilities require separate rows,Tenant scope required,NOT TESTED,NOT TESTED,NOT TESTED,NOT TESTED,apps/web/src/app/(dashboard)/finance/page.tsx; apps/web/src/lib/operations/nav-config.ts; apps/web/src/lib/protected-route.ts,
safety,Finance,/finance/cash,N/A (page resource; endpoint matrix tracked separately),View,DENY (current source policy),HIDDEN,DENY/REDIRECT,Page/layout gate; action and endpoint capabilities require separate rows,Tenant scope required,NOT TESTED,NOT TESTED,NOT TESTED,NOT TESTED,apps/web/src/app/(dashboard)/finance/cash/page.tsx; apps/web/src/lib/operations/nav-config.ts; apps/web/src/lib/protected-route.ts,
safety,Finance,/finance/cash/[id],N/A (page resource; endpoint matrix tracked separately),View,DENY (current source policy),PARENT HIDDEN,DENY/REDIRECT,Page/layout gate; action and endpoint capabilities require separate rows,Tenant scope required,NOT TESTED,NOT TESTED,NOT TESTED,NOT TESTED,apps/web/src/app/(dashboard)/finance/cash/[id]/page.tsx; apps/web/src/lib/operations/nav-config.ts; apps/web/src/lib/protected-route.ts,
safety,Finance,/finance/cash/new,N/A (page resource; endpoint matrix tracked separately),View,DENY (current source policy),PARENT HIDDEN,DENY/REDIRECT,Page/layout gate; action and endpoint capabilities require separate rows,Tenant scope required,NOT TESTED,NOT TESTED,NOT TESTED,NOT TESTED,apps/web/src/app/(dashboard)/finance/cash/new/page.tsx; apps/web/src/lib/operations/nav-config.ts; apps/web/src/lib/protected-route.ts,
safety,Finance,/finance/journals/[id],N/A (page resource; endpoint matrix tracked separately),View,DENY (current source policy),PARENT HIDDEN,DENY/REDIRECT,Page/layout gate; action and endpoint capabilities require separate rows,Tenant scope required,NOT TESTED,NOT TESTED,NOT TESTED,NOT TESTED,apps/web/src/app/(dashboard)/finance/journals/[id]/page.tsx; apps/web/src/lib/operations/nav-config.ts; apps/web/src/lib/protected-route.ts,
safety,Finance,/finance/journals/new,N/A (page resource; endpoint matrix tracked separately),View,DENY (current source policy),PARENT HIDDEN,DENY/REDIRECT,Page/layout gate; action and endpoint capabilities require separate rows,Tenant scope required,NOT TESTED,NOT TESTED,NOT TESTED,NOT TESTED,apps/web/src/app/(dashboard)/finance/journals/new/page.tsx; apps/web/src/lib/operations/nav-config.ts; apps/web/src/lib/protected-route.ts,
safety,Finance,/finance/ledger,N/A (page resource; endpoint matrix tracked separately),View,DENY (current source policy),PARENT HIDDEN,DENY/REDIRECT,Page/layout gate; action and endpoint capabilities require separate rows,Tenant scope required,NOT TESTED,NOT TESTED,NOT TESTED,NOT TESTED,apps/web/src/app/(dashboard)/finance/ledger/page.tsx; apps/web/src/lib/operations/nav-config.ts; apps/web/src/lib/protected-route.ts,
safety,Finance,/finance/payables,N/A (page resource; endpoint matrix tracked separately),View,DENY (current source policy),HIDDEN,DENY/REDIRECT,Page/layout gate; action and endpoint capabilities require separate rows,Tenant scope required,NOT TESTED,NOT TESTED,NOT TESTED,NOT TESTED,apps/web/src/app/(dashboard)/finance/payables/page.tsx; apps/web/src/lib/operations/nav-config.ts; apps/web/src/lib/protected-route.ts,
safety,Finance,/finance/payables/[id],N/A (page resource; endpoint matrix tracked separately),View,DENY (current source policy),PARENT HIDDEN,DENY/REDIRECT,Page/layout gate; action and endpoint capabilities require separate rows,Tenant scope required,NOT TESTED,NOT TESTED,NOT TESTED,NOT TESTED,apps/web/src/app/(dashboard)/finance/payables/[id]/page.tsx; apps/web/src/lib/operations/nav-config.ts; apps/web/src/lib/protected-route.ts,
safety,Finance,/finance/payables/[id]/edit,N/A (page resource; endpoint matrix tracked separately),View,DENY (current source policy),PARENT HIDDEN,DENY/REDIRECT,Page/layout gate; action and endpoint capabilities require separate rows,Tenant scope required,NOT TESTED,NOT TESTED,NOT TESTED,NOT TESTED,apps/web/src/app/(dashboard)/finance/payables/[id]/edit/page.tsx; apps/web/src/lib/operations/nav-config.ts; apps/web/src/lib/protected-route.ts,
safety,Finance,/finance/payables/new,N/A (page resource; endpoint matrix tracked separately),View,DENY (current source policy),PARENT HIDDEN,DENY/REDIRECT,Page/layout gate; action and endpoint capabilities require separate rows,Tenant scope required,NOT TESTED,NOT TESTED,NOT TESTED,NOT TESTED,apps/web/src/app/(dashboard)/finance/payables/new/page.tsx; apps/web/src/lib/operations/nav-config.ts; apps/web/src/lib/protected-route.ts,
safety,Finance,/finance/receivables,N/A (page resource; endpoint matrix tracked separately),View,DENY (current source policy),HIDDEN,DENY/REDIRECT,Page/layout gate; action and endpoint capabilities require separate rows,Tenant scope required,NOT TESTED,NOT TESTED,NOT TESTED,NOT TESTED,apps/web/src/app/(dashboard)/finance/receivables/page.tsx; apps/web/src/lib/operations/nav-config.ts; apps/web/src/lib/protected-route.ts,
safety,Finance,/finance/reconciliation,N/A (page resource; endpoint matrix tracked separately),View,DENY (current source policy),HIDDEN,DENY/REDIRECT,Page/layout gate; action and endpoint capabilities require separate rows,Tenant scope required,NOT TESTED,NOT TESTED,NOT TESTED,NOT TESTED,apps/web/src/app/(dashboard)/finance/reconciliation/page.tsx; apps/web/src/lib/operations/nav-config.ts; apps/web/src/lib/protected-route.ts,
safety,Finance,/finance/reconciliation/[id],N/A (page resource; endpoint matrix tracked separately),View,DENY (current source policy),PARENT HIDDEN,DENY/REDIRECT,Page/layout gate; action and endpoint capabilities require separate rows,Tenant scope required,NOT TESTED,NOT TESTED,NOT TESTED,NOT TESTED,apps/web/src/app/(dashboard)/finance/reconciliation/[id]/page.tsx; apps/web/src/lib/operations/nav-config.ts; apps/web/src/lib/protected-route.ts,
safety,Finance,/finance/reconciliation/new,N/A (page resource; endpoint matrix tracked separately),View,DENY (current source policy),PARENT HIDDEN,DENY/REDIRECT,Page/layout gate; action and endpoint capabilities require separate rows,Tenant scope required,NOT TESTED,NOT TESTED,NOT TESTED,NOT TESTED,apps/web/src/app/(dashboard)/finance/reconciliation/new/page.tsx; apps/web/src/lib/operations/nav-config.ts; apps/web/src/lib/protected-route.ts,
safety,Proposal Print,/inspection/[id],N/A (page resource; endpoint matrix tracked separately),View,ALLOW (current source policy),NO CONFIGURED NAV ITEM,ALLOW BY CATCH-ALL; PAGE GATE VARIES,Page/layout gate; action and endpoint capabilities require separate rows,Tenant scope required,NOT TESTED,NOT TESTED,NOT TESTED,PARTIAL,apps/web/src/app/(print)/inspection/[id]/page.tsx; apps/web/src/lib/operations/nav-config.ts; apps/web/src/lib/protected-route.ts,
safety,Inventory,/inventory,N/A (page resource; endpoint matrix tracked separately),View,DENY (current source policy),HIDDEN,DENY/REDIRECT,Page/layout gate; action and endpoint capabilities require separate rows,Tenant scope required,NOT TESTED,NOT TESTED,NOT TESTED,NOT TESTED,apps/web/src/app/(dashboard)/inventory/page.tsx; apps/web/src/lib/operations/nav-config.ts; apps/web/src/lib/protected-route.ts,
safety,Inventory,/inventory/movements,N/A (page resource; endpoint matrix tracked separately),View,DENY (current source policy),PARENT HIDDEN,DENY/REDIRECT,Page/layout gate; action and endpoint capabilities require separate rows,Tenant scope required,NOT TESTED,NOT TESTED,NOT TESTED,NOT TESTED,apps/web/src/app/(dashboard)/inventory/movements/page.tsx; apps/web/src/lib/operations/nav-config.ts; apps/web/src/lib/protected-route.ts,
safety,Inventory,/inventory/movements/[id],N/A (page resource; endpoint matrix tracked separately),View,DENY (current source policy),PARENT HIDDEN,DENY/REDIRECT,Page/layout gate; action and endpoint capabilities require separate rows,Tenant scope required,NOT TESTED,NOT TESTED,NOT TESTED,NOT TESTED,apps/web/src/app/(dashboard)/inventory/movements/[id]/page.tsx; apps/web/src/lib/operations/nav-config.ts; apps/web/src/lib/protected-route.ts,
safety,Inventory,/inventory/movements/new,N/A (page resource; endpoint matrix tracked separately),View,DENY (current source policy),PARENT HIDDEN,DENY/REDIRECT,Page/layout gate; action and endpoint capabilities require separate rows,Tenant scope required,NOT TESTED,NOT TESTED,NOT TESTED,NOT TESTED,apps/web/src/app/(dashboard)/inventory/movements/new/page.tsx; apps/web/src/lib/operations/nav-config.ts; apps/web/src/lib/protected-route.ts,
safety,Inventory,/inventory/receipts,N/A (page resource; endpoint matrix tracked separately),View,DENY (current source policy),PARENT HIDDEN,DENY/REDIRECT,Page/layout gate; action and endpoint capabilities require separate rows,Tenant scope required,NOT TESTED,NOT TESTED,NOT TESTED,NOT TESTED,apps/web/src/app/(dashboard)/inventory/receipts/page.tsx; apps/web/src/lib/operations/nav-config.ts; apps/web/src/lib/protected-route.ts,
safety,Inventory,/inventory/receipts/[id],N/A (page resource; endpoint matrix tracked separately),View,DENY (current source policy),PARENT HIDDEN,DENY/REDIRECT,Page/layout gate; action and endpoint capabilities require separate rows,Tenant scope required,NOT TESTED,NOT TESTED,NOT TESTED,NOT TESTED,apps/web/src/app/(dashboard)/inventory/receipts/[id]/page.tsx; apps/web/src/lib/operations/nav-config.ts; apps/web/src/lib/protected-route.ts,
safety,Inventory,/inventory/receipts/new,N/A (page resource; endpoint matrix tracked separately),View,DENY (current source policy),PARENT HIDDEN,DENY/REDIRECT,Page/layout gate; action and endpoint capabilities require separate rows,Tenant scope required,NOT TESTED,NOT TESTED,NOT TESTED,NOT TESTED,apps/web/src/app/(dashboard)/inventory/receipts/new/page.tsx; apps/web/src/lib/operations/nav-config.ts; apps/web/src/lib/protected-route.ts,
safety,Finance,/invoices,N/A (page resource; endpoint matrix tracked separately),View,DENY (current source policy),HIDDEN,DENY/REDIRECT,Page/layout gate; action and endpoint capabilities require separate rows,Tenant scope required,NOT TESTED,NOT TESTED,NOT TESTED,NOT TESTED,apps/web/src/app/(dashboard)/invoices/page.tsx; apps/web/src/lib/operations/nav-config.ts; apps/web/src/lib/protected-route.ts,
safety,Finance,/invoices/[id],N/A (page resource; endpoint matrix tracked separately),View,DENY (current source policy),PARENT HIDDEN,DENY/REDIRECT,Page/layout gate; action and endpoint capabilities require separate rows,Tenant scope required,NOT TESTED,NOT TESTED,NOT TESTED,NOT TESTED,apps/web/src/app/(dashboard)/invoices/[id]/page.tsx; apps/web/src/lib/operations/nav-config.ts; apps/web/src/lib/protected-route.ts,
safety,Finance,/invoices/[id]/bir2307,N/A (page resource; endpoint matrix tracked separately),View,DENY (current source policy),PARENT HIDDEN,DENY/REDIRECT,Page/layout gate; action and endpoint capabilities require separate rows,Tenant scope required,NOT TESTED,NOT TESTED,NOT TESTED,NOT TESTED,apps/web/src/app/(print)/invoices/[id]/bir2307/page.tsx; apps/web/src/lib/operations/nav-config.ts; apps/web/src/lib/protected-route.ts,
safety,Finance,/invoices/[id]/print,N/A (page resource; endpoint matrix tracked separately),View,DENY (current source policy),PARENT HIDDEN,DENY/REDIRECT,Page/layout gate; action and endpoint capabilities require separate rows,Tenant scope required,NOT TESTED,NOT TESTED,NOT TESTED,NOT TESTED,apps/web/src/app/(print)/invoices/[id]/print/page.tsx; apps/web/src/lib/operations/nav-config.ts; apps/web/src/lib/protected-route.ts,
safety,Pre-Construction,/permits,N/A (page resource; endpoint matrix tracked separately),View,ALLOW (current source policy),VISIBLE,ALLOW,Page/layout gate; action and endpoint capabilities require separate rows,Tenant scope required,NOT TESTED,NOT TESTED,NOT TESTED,NOT TESTED,apps/web/src/app/(dashboard)/permits/page.tsx; apps/web/src/lib/operations/nav-config.ts; apps/web/src/lib/protected-route.ts,
safety,Pipeline,/pipeline,N/A (page resource; endpoint matrix tracked separately),View,ALLOW (current source policy),NO CONFIGURED NAV ITEM,ALLOW BY CATCH-ALL; PAGE GATE VARIES,Page/layout gate; action and endpoint capabilities require separate rows,Tenant scope required,NOT TESTED,NOT TESTED,NOT TESTED,PARTIAL,apps/web/src/app/(dashboard)/pipeline/page.tsx; apps/web/src/lib/operations/nav-config.ts; apps/web/src/lib/protected-route.ts,
safety,Pipeline,/pipeline/board,N/A (page resource; endpoint matrix tracked separately),View,ALLOW (current source policy),VISIBLE,ALLOW,Page/layout gate; action and endpoint capabilities require separate rows,Tenant scope required,NOT TESTED,NOT TESTED,NOT TESTED,NOT TESTED,apps/web/src/app/(dashboard)/pipeline/board/page.tsx; apps/web/src/lib/operations/nav-config.ts; apps/web/src/lib/protected-route.ts,
safety,Pipeline,/pipeline/conversion,N/A (page resource; endpoint matrix tracked separately),View,ALLOW (current source policy),NO CONFIGURED NAV ITEM,ALLOW BY CATCH-ALL; PAGE GATE VARIES,Page/layout gate; action and endpoint capabilities require separate rows,Tenant scope required,NOT TESTED,NOT TESTED,NOT TESTED,PARTIAL,apps/web/src/app/(dashboard)/pipeline/conversion/page.tsx; apps/web/src/lib/operations/nav-config.ts; apps/web/src/lib/protected-route.ts,
safety,Process & SLA,/process,N/A (page resource; endpoint matrix tracked separately),View,ALLOW (current source policy),VISIBLE,ALLOW,Page/layout gate; action and endpoint capabilities require separate rows,Tenant scope required,NOT TESTED,NOT TESTED,NOT TESTED,NOT TESTED,apps/web/src/app/(dashboard)/process/page.tsx; apps/web/src/lib/operations/nav-config.ts; apps/web/src/lib/protected-route.ts,
safety,Procurement,/procurement,N/A (page resource; endpoint matrix tracked separately),View,ALLOW (current source policy),NO CONFIGURED NAV ITEM,ALLOW BY CATCH-ALL; PAGE GATE VARIES,Page/layout gate; action and endpoint capabilities require separate rows,Tenant scope required,NOT TESTED,NOT TESTED,NOT TESTED,PARTIAL,apps/web/src/app/(dashboard)/procurement/page.tsx; apps/web/src/lib/operations/nav-config.ts; apps/web/src/lib/protected-route.ts,
safety,Procurement,/procurement/deliveries,N/A (page resource; endpoint matrix tracked separately),View,DENY (current source policy),HIDDEN,DENY/REDIRECT,Page/layout gate; action and endpoint capabilities require separate rows,Tenant scope required,NOT TESTED,NOT TESTED,NOT TESTED,NOT TESTED,apps/web/src/app/(dashboard)/procurement/deliveries/page.tsx; apps/web/src/lib/operations/nav-config.ts; apps/web/src/lib/protected-route.ts,
safety,Procurement,/procurement/deliveries/[id],N/A (page resource; endpoint matrix tracked separately),View,DENY (current source policy),PARENT HIDDEN,DENY/REDIRECT,Page/layout gate; action and endpoint capabilities require separate rows,Tenant scope required,NOT TESTED,NOT TESTED,NOT TESTED,NOT TESTED,apps/web/src/app/(dashboard)/procurement/deliveries/[id]/page.tsx; apps/web/src/lib/operations/nav-config.ts; apps/web/src/lib/protected-route.ts,
safety,Procurement,/procurement/deliveries/new,N/A (page resource; endpoint matrix tracked separately),View,DENY (current source policy),PARENT HIDDEN,DENY/REDIRECT,Page/layout gate; action and endpoint capabilities require separate rows,Tenant scope required,NOT TESTED,NOT TESTED,NOT TESTED,NOT TESTED,apps/web/src/app/(dashboard)/procurement/deliveries/new/page.tsx; apps/web/src/lib/operations/nav-config.ts; apps/web/src/lib/protected-route.ts,
safety,Procurement,/procurement/rfqs,N/A (page resource; endpoint matrix tracked separately),View,DENY (current source policy),HIDDEN,DENY/REDIRECT,Page/layout gate; action and endpoint capabilities require separate rows,Tenant scope required,NOT TESTED,NOT TESTED,NOT TESTED,NOT TESTED,apps/web/src/app/(dashboard)/procurement/rfqs/page.tsx; apps/web/src/lib/operations/nav-config.ts; apps/web/src/lib/protected-route.ts,
safety,Procurement,/procurement/rfqs/[id],N/A (page resource; endpoint matrix tracked separately),View,DENY (current source policy),PARENT HIDDEN,DENY/REDIRECT,Page/layout gate; action and endpoint capabilities require separate rows,Tenant scope required,NOT TESTED,NOT TESTED,NOT TESTED,NOT TESTED,apps/web/src/app/(dashboard)/procurement/rfqs/[id]/page.tsx; apps/web/src/lib/operations/nav-config.ts; apps/web/src/lib/protected-route.ts,
safety,Projects,/projects,N/A (page resource; endpoint matrix tracked separately),View,ALLOW (current source policy),VISIBLE,ALLOW,Page/layout gate; action and endpoint capabilities require separate rows,Tenant scope required,NOT TESTED,NOT TESTED,NOT TESTED,NOT TESTED,apps/web/src/app/(dashboard)/projects/page.tsx; apps/web/src/lib/operations/nav-config.ts; apps/web/src/lib/protected-route.ts,
safety,Projects,/projects/[id],N/A (page resource; endpoint matrix tracked separately),View,ALLOW (current source policy),PARENT VISIBLE,ALLOW,Page/layout gate; action and endpoint capabilities require separate rows,Tenant scope required,NOT TESTED,NOT TESTED,NOT TESTED,NOT TESTED,apps/web/src/app/(dashboard)/projects/[id]/page.tsx; apps/web/src/lib/operations/nav-config.ts; apps/web/src/lib/protected-route.ts,
safety,Projects,/projects/[id]/access,N/A (page resource; endpoint matrix tracked separately),View,ALLOW (current source policy),PARENT VISIBLE,ALLOW,Page/layout gate; action and endpoint capabilities require separate rows,Tenant scope required,NOT TESTED,NOT TESTED,NOT TESTED,NOT TESTED,apps/web/src/app/(dashboard)/projects/[id]/access/page.tsx; apps/web/src/lib/operations/nav-config.ts; apps/web/src/lib/protected-route.ts,
safety,Projects,/projects/[id]/audit,N/A (page resource; endpoint matrix tracked separately),View,DENY (audit.read policy),AUDIT TAB HIDDEN,DENY/NOT FOUND,Project detail projection plus audit.read route gate,Tenant and requested project scope,PASSED - all-role projection and route tests,PASSED - direct audit denial,NOT RUN,PARTIAL,project-detail-access.test.tsx; project-sensitive-routes.test.tsx; isolated Chromium 2026-09-03,Database-backed budget trigger not exercised in the broader project-detail slice
safety,Projects,/projects/[id]/billing,N/A (page resource; endpoint matrix tracked separately),View,ALLOW (current source policy),PARENT VISIBLE,ALLOW,Page/layout gate; action and endpoint capabilities require separate rows,Tenant scope required,NOT TESTED,NOT TESTED,NOT TESTED,NOT TESTED,apps/web/src/app/(dashboard)/projects/[id]/billing/page.tsx; apps/web/src/lib/operations/nav-config.ts; apps/web/src/lib/protected-route.ts,
safety,Projects,/projects/[id]/bom,N/A (page resource; endpoint matrix tracked separately),View,ALLOW (current source policy),PARENT VISIBLE,ALLOW,Page/layout gate; action and endpoint capabilities require separate rows,Tenant scope required,NOT TESTED,NOT TESTED,NOT TESTED,NOT TESTED,apps/web/src/app/(dashboard)/projects/[id]/bom/page.tsx; apps/web/src/lib/operations/nav-config.ts; apps/web/src/lib/protected-route.ts,
safety,Projects,/projects/[id]/bom/togal,N/A (page resource; endpoint matrix tracked separately),View,ALLOW (current source policy),PARENT VISIBLE,ALLOW,Page/layout gate; action and endpoint capabilities require separate rows,Tenant scope required,NOT TESTED,NOT TESTED,NOT TESTED,NOT TESTED,apps/web/src/app/(dashboard)/projects/[id]/bom/togal/page.tsx; apps/web/src/lib/operations/nav-config.ts; apps/web/src/lib/protected-route.ts,
safety,Projects,/projects/[id]/checklist,N/A (page resource; endpoint matrix tracked separately),View,ALLOW (current source policy),PARENT VISIBLE,ALLOW,Page/layout gate; action and endpoint capabilities require separate rows,Tenant scope required,NOT TESTED,NOT TESTED,NOT TESTED,NOT TESTED,apps/web/src/app/(dashboard)/projects/[id]/checklist/page.tsx; apps/web/src/lib/operations/nav-config.ts; apps/web/src/lib/protected-route.ts,
safety,Projects,/projects/[id]/coc,N/A (page resource; endpoint matrix tracked separately),View,ALLOW (current source policy),PARENT VISIBLE,ALLOW,Page/layout gate; action and endpoint capabilities require separate rows,Tenant scope required,NOT TESTED,NOT TESTED,NOT TESTED,NOT TESTED,apps/web/src/app/(dashboard)/projects/[id]/coc/page.tsx; apps/web/src/lib/operations/nav-config.ts; apps/web/src/lib/protected-route.ts,
safety,Projects,/projects/[id]/comments,N/A (page resource; endpoint matrix tracked separately),View,ALLOW (current source policy),PARENT VISIBLE,ALLOW,Page/layout gate; action and endpoint capabilities require separate rows,Tenant scope required,NOT TESTED,NOT TESTED,NOT TESTED,NOT TESTED,apps/web/src/app/(dashboard)/projects/[id]/comments/page.tsx; apps/web/src/lib/operations/nav-config.ts; apps/web/src/lib/protected-route.ts,
safety,Projects,/projects/[id]/cost,N/A (page resource; endpoint matrix tracked separately),View,ALLOW (current source policy),PARENT VISIBLE,ALLOW,Page/layout gate; action and endpoint capabilities require separate rows,Tenant scope required,NOT TESTED,NOT TESTED,NOT TESTED,NOT TESTED,apps/web/src/app/(dashboard)/projects/[id]/cost/page.tsx; apps/web/src/lib/operations/nav-config.ts; apps/web/src/lib/protected-route.ts,
safety,Projects,/projects/[id]/cost/budget,N/A (page resource; endpoint matrix tracked separately),View,ALLOW (current source policy),PARENT VISIBLE,ALLOW,Page/layout gate; action and endpoint capabilities require separate rows,Tenant scope required,NOT TESTED,NOT TESTED,NOT TESTED,NOT TESTED,apps/web/src/app/(dashboard)/projects/[id]/cost/budget/page.tsx; apps/web/src/lib/operations/nav-config.ts; apps/web/src/lib/protected-route.ts,
safety,Projects,/projects/[id]/documents,N/A (page resource; endpoint matrix tracked separately),View,ALLOW (current source policy),PARENT VISIBLE,ALLOW,Page/layout gate; action and endpoint capabilities require separate rows,Tenant scope required,NOT TESTED,NOT TESTED,NOT TESTED,NOT TESTED,apps/web/src/app/(dashboard)/projects/[id]/documents/page.tsx; apps/web/src/lib/operations/nav-config.ts; apps/web/src/lib/protected-route.ts,
safety,Projects,/projects/[id]/permits,N/A (page resource; endpoint matrix tracked separately),View,ALLOW (current source policy),PARENT VISIBLE,ALLOW,Page/layout gate; action and endpoint capabilities require separate rows,Tenant scope required,NOT TESTED,NOT TESTED,NOT TESTED,NOT TESTED,apps/web/src/app/(dashboard)/projects/[id]/permits/page.tsx; apps/web/src/lib/operations/nav-config.ts; apps/web/src/lib/protected-route.ts,
safety,Projects,/projects/[id]/progress,N/A (page resource; endpoint matrix tracked separately),View,ALLOW (current source policy),PARENT VISIBLE,ALLOW,Page/layout gate; action and endpoint capabilities require separate rows,Tenant scope required,NOT TESTED,NOT TESTED,NOT TESTED,NOT TESTED,apps/web/src/app/(dashboard)/projects/[id]/progress/page.tsx; apps/web/src/lib/operations/nav-config.ts; apps/web/src/lib/protected-route.ts,
safety,Projects,/projects/[id]/reports,N/A (page resource; endpoint matrix tracked separately),View,ALLOW (current source policy),PARENT VISIBLE,ALLOW,Page/layout gate; action and endpoint capabilities require separate rows,Tenant scope required,NOT TESTED,NOT TESTED,NOT TESTED,NOT TESTED,apps/web/src/app/(dashboard)/projects/[id]/reports/page.tsx; apps/web/src/lib/operations/nav-config.ts; apps/web/src/lib/protected-route.ts,
safety,Projects,/projects/[id]/scope,N/A (page resource; endpoint matrix tracked separately),View,ALLOW (current source policy),PARENT VISIBLE,ALLOW,Page/layout gate; action and endpoint capabilities require separate rows,Tenant scope required,NOT TESTED,NOT TESTED,NOT TESTED,NOT TESTED,apps/web/src/app/(dashboard)/projects/[id]/scope/page.tsx; apps/web/src/lib/operations/nav-config.ts; apps/web/src/lib/protected-route.ts,
safety,Projects,/projects/[id]/turnover,N/A (page resource; endpoint matrix tracked separately),View,ALLOW (current source policy),PARENT VISIBLE,ALLOW,Page/layout gate; action and endpoint capabilities require separate rows,Tenant scope required,NOT TESTED,NOT TESTED,NOT TESTED,NOT TESTED,apps/web/src/app/(dashboard)/projects/[id]/turnover/page.tsx; apps/web/src/lib/operations/nav-config.ts; apps/web/src/lib/protected-route.ts,
safety,Projects,/projects/[id]/vos,N/A (page resource; endpoint matrix tracked separately),View,ALLOW (current source policy),PARENT VISIBLE,ALLOW,Page/layout gate; action and endpoint capabilities require separate rows,Tenant scope required,NOT TESTED,NOT TESTED,NOT TESTED,NOT TESTED,apps/web/src/app/(dashboard)/projects/[id]/vos/page.tsx; apps/web/src/lib/operations/nav-config.ts; apps/web/src/lib/protected-route.ts,
safety,Projects,/projects/[id]/vos/[voId],N/A (page resource; endpoint matrix tracked separately),View,ALLOW (current source policy),PARENT VISIBLE,ALLOW,Page/layout gate; action and endpoint capabilities require separate rows,Tenant scope required,NOT TESTED,NOT TESTED,NOT TESTED,NOT TESTED,apps/web/src/app/(dashboard)/projects/[id]/vos/[voId]/page.tsx; apps/web/src/lib/operations/nav-config.ts; apps/web/src/lib/protected-route.ts,
safety,Projects,/projects/new,N/A (page resource; endpoint matrix tracked separately),View,ALLOW (current source policy),PARENT VISIBLE,ALLOW,Page/layout gate; action and endpoint capabilities require separate rows,Tenant scope required,NOT TESTED,NOT TESTED,NOT TESTED,NOT TESTED,apps/web/src/app/(dashboard)/projects/new/page.tsx; apps/web/src/lib/operations/nav-config.ts; apps/web/src/lib/protected-route.ts,
safety,Post-Construction,/punchlist,N/A (page resource; endpoint matrix tracked separately),View,ALLOW (current source policy),VISIBLE,ALLOW,Page/layout gate; action and endpoint capabilities require separate rows,Tenant scope required,NOT TESTED,NOT TESTED,NOT TESTED,NOT TESTED,apps/web/src/app/(dashboard)/punchlist/page.tsx; apps/web/src/lib/operations/nav-config.ts; apps/web/src/lib/protected-route.ts,
safety,Post-Construction,/punchlist/[id],N/A (page resource; endpoint matrix tracked separately),View,ALLOW (current source policy),PARENT VISIBLE,ALLOW,Page/layout gate; action and endpoint capabilities require separate rows,Tenant scope required,NOT TESTED,NOT TESTED,NOT TESTED,NOT TESTED,apps/web/src/app/(dashboard)/punchlist/[id]/page.tsx; apps/web/src/lib/operations/nav-config.ts; apps/web/src/lib/protected-route.ts,
safety,Post-Construction,/punchlist/new,N/A (page resource; endpoint matrix tracked separately),View,ALLOW (current source policy),PARENT VISIBLE,ALLOW,Page/layout gate; action and endpoint capabilities require separate rows,Tenant scope required,NOT TESTED,NOT TESTED,NOT TESTED,NOT TESTED,apps/web/src/app/(dashboard)/punchlist/new/page.tsx; apps/web/src/lib/operations/nav-config.ts; apps/web/src/lib/protected-route.ts,
safety,Procurement,/purchase-orders,N/A (page resource; endpoint matrix tracked separately),View,DENY (current source policy),HIDDEN,DENY/REDIRECT,Page/layout gate; action and endpoint capabilities require separate rows,Tenant scope required,NOT TESTED,NOT TESTED,NOT TESTED,NOT TESTED,apps/web/src/app/(dashboard)/purchase-orders/page.tsx; apps/web/src/lib/operations/nav-config.ts; apps/web/src/lib/protected-route.ts,
safety,Procurement,/purchase-orders/[id],N/A (page resource; endpoint matrix tracked separately),View,DENY (current source policy),PARENT HIDDEN,DENY/REDIRECT,Page/layout gate; action and endpoint capabilities require separate rows,Tenant scope required,NOT TESTED,NOT TESTED,NOT TESTED,NOT TESTED,apps/web/src/app/(dashboard)/purchase-orders/[id]/page.tsx; apps/web/src/lib/operations/nav-config.ts; apps/web/src/lib/protected-route.ts,
safety,Procurement,/purchase-orders/[id]/print,N/A (page resource; endpoint matrix tracked separately),View,DENY (current source policy),PARENT HIDDEN,DENY/REDIRECT,Page/layout gate; action and endpoint capabilities require separate rows,Tenant scope required,NOT TESTED,NOT TESTED,NOT TESTED,NOT TESTED,apps/web/src/app/(print)/purchase-orders/[id]/print/page.tsx; apps/web/src/lib/operations/nav-config.ts; apps/web/src/lib/protected-route.ts,
safety,Admin & Reports,/reports,N/A (page resource; endpoint matrix tracked separately),View,DENY (current source policy),HIDDEN,DENY/REDIRECT,Page/layout gate; action and endpoint capabilities require separate rows,Tenant scope required,NOT TESTED,NOT TESTED,NOT TESTED,NOT TESTED,apps/web/src/app/(dashboard)/reports/page.tsx; apps/web/src/lib/operations/nav-config.ts; apps/web/src/lib/protected-route.ts,
safety,Settings & Profile,/settings,N/A (page resource; endpoint matrix tracked separately),View,ALLOW (current source policy),VISIBLE,ALLOW,Page/layout gate; action and endpoint capabilities require separate rows,Tenant scope required,NOT TESTED,NOT TESTED,NOT TESTED,NOT TESTED,apps/web/src/app/(dashboard)/settings/page.tsx; apps/web/src/lib/operations/nav-config.ts; apps/web/src/lib/protected-route.ts,
safety,Construction Cadence,/tasks,N/A (page resource; endpoint matrix tracked separately),View,ALLOW (current source policy),VISIBLE,ALLOW,Page/layout gate; action and endpoint capabilities require separate rows,Tenant scope required,NOT TESTED,NOT TESTED,NOT TESTED,NOT TESTED,apps/web/src/app/(dashboard)/tasks/page.tsx; apps/web/src/lib/operations/nav-config.ts; apps/web/src/lib/protected-route.ts,
safety,Warranty & CX,/warranty,N/A (page resource; endpoint matrix tracked separately),View,DENY (current source policy),HIDDEN,DENY/REDIRECT,Page/layout gate; action and endpoint capabilities require separate rows,Tenant scope required,NOT TESTED,NOT TESTED,NOT TESTED,NOT TESTED,apps/web/src/app/(dashboard)/warranty/page.tsx; apps/web/src/lib/operations/nav-config.ts; apps/web/src/lib/protected-route.ts,
safety,Warranty & CX,/warranty/[id],N/A (page resource; endpoint matrix tracked separately),View,DENY (current source policy),PARENT HIDDEN,DENY/REDIRECT,Page/layout gate; action and endpoint capabilities require separate rows,Tenant scope required,NOT TESTED,NOT TESTED,NOT TESTED,NOT TESTED,apps/web/src/app/(dashboard)/warranty/[id]/page.tsx; apps/web/src/lib/operations/nav-config.ts; apps/web/src/lib/protected-route.ts,
safety,Warranty & CX,/warranty/cnps,N/A (page resource; endpoint matrix tracked separately),View,DENY (current source policy),HIDDEN,DENY/REDIRECT,Page/layout gate; action and endpoint capabilities require separate rows,Tenant scope required,NOT TESTED,NOT TESTED,NOT TESTED,NOT TESTED,apps/web/src/app/(dashboard)/warranty/cnps/page.tsx; apps/web/src/lib/operations/nav-config.ts; apps/web/src/lib/protected-route.ts,
safety,Construction Cadence,/weekly-report/[id],N/A (page resource; endpoint matrix tracked separately),View,ALLOW (current source policy),NO CONFIGURED NAV ITEM,ALLOW BY CATCH-ALL; PAGE GATE VARIES,Page/layout gate; action and endpoint capabilities require separate rows,Tenant scope required,NOT TESTED,NOT TESTED,NOT TESTED,PARTIAL,apps/web/src/app/(print)/weekly-report/[id]/page.tsx; apps/web/src/lib/operations/nav-config.ts; apps/web/src/lib/protected-route.ts,
cx,Admin & Reports,/admin,N/A (page resource; endpoint matrix tracked separately),View,DENY (current source policy),HIDDEN,DENY/REDIRECT,Page/layout gate; action and endpoint capabilities require separate rows,Tenant scope required,NOT TESTED,NOT TESTED,NOT TESTED,NOT TESTED,apps/web/src/app/(dashboard)/admin/page.tsx; apps/web/src/lib/operations/nav-config.ts; apps/web/src/lib/protected-route.ts,
cx,Admin & Reports,/admin/data-quality,N/A (page resource; endpoint matrix tracked separately),View,DENY (current source policy),PARENT HIDDEN,DENY/REDIRECT,Page/layout gate; action and endpoint capabilities require separate rows,Tenant scope required,NOT TESTED,NOT TESTED,NOT TESTED,NOT TESTED,apps/web/src/app/(dashboard)/admin/data-quality/page.tsx; apps/web/src/lib/operations/nav-config.ts; apps/web/src/lib/protected-route.ts,
cx,Admin & Reports,/admin/mapping-config,N/A (page resource; endpoint matrix tracked separately),View,DENY (current source policy),PARENT HIDDEN,DENY/REDIRECT,Page/layout gate; action and endpoint capabilities require separate rows,Tenant scope required,NOT TESTED,NOT TESTED,NOT TESTED,NOT TESTED,apps/web/src/app/(dashboard)/admin/mapping-config/page.tsx; apps/web/src/lib/operations/nav-config.ts; apps/web/src/lib/protected-route.ts,
cx,Admin & Reports,/admin/material-items,N/A (page resource; endpoint matrix tracked separately),View,DENY (current source policy),PARENT HIDDEN,DENY/REDIRECT,Page/layout gate; action and endpoint capabilities require separate rows,Tenant scope required,NOT TESTED,NOT TESTED,NOT TESTED,NOT TESTED,apps/web/src/app/(dashboard)/admin/material-items/page.tsx; apps/web/src/lib/operations/nav-config.ts; apps/web/src/lib/protected-route.ts,
cx,Admin & Reports,/admin/rate-cards,N/A (page resource; endpoint matrix tracked separately),View,DENY (current source policy),PARENT HIDDEN,DENY/REDIRECT,Page/layout gate; action and endpoint capabilities require separate rows,Tenant scope required,NOT TESTED,NOT TESTED,NOT TESTED,NOT TESTED,apps/web/src/app/(dashboard)/admin/rate-cards/page.tsx; apps/web/src/lib/operations/nav-config.ts; apps/web/src/lib/protected-route.ts,
cx,Admin & Reports,/admin/users,N/A (page resource; endpoint matrix tracked separately),View,DENY (current source policy),PARENT HIDDEN,DENY/REDIRECT,Page/layout gate; action and endpoint capabilities require separate rows,Tenant scope required,NOT TESTED,NOT TESTED,NOT TESTED,NOT TESTED,apps/web/src/app/(dashboard)/admin/users/page.tsx; apps/web/src/lib/operations/nav-config.ts; apps/web/src/lib/protected-route.ts,
cx,Admin & Reports,/admin/users/[id],N/A (page resource; endpoint matrix tracked separately),View,DENY (current source policy),PARENT HIDDEN,DENY/REDIRECT,Page/layout gate; action and endpoint capabilities require separate rows,Tenant scope required,NOT TESTED,NOT TESTED,NOT TESTED,NOT TESTED,apps/web/src/app/(dashboard)/admin/users/[id]/page.tsx; apps/web/src/lib/operations/nav-config.ts; apps/web/src/lib/protected-route.ts,
cx,Admin & Reports,/admin/users/new,N/A (page resource; endpoint matrix tracked separately),View,DENY (current source policy),PARENT HIDDEN,DENY/REDIRECT,Page/layout gate; action and endpoint capabilities require separate rows,Tenant scope required,NOT TESTED,NOT TESTED,NOT TESTED,NOT TESTED,apps/web/src/app/(dashboard)/admin/users/new/page.tsx; apps/web/src/lib/operations/nav-config.ts; apps/web/src/lib/protected-route.ts,
cx,Assets,/assets,N/A (page resource; endpoint matrix tracked separately),View,ALLOW (current source policy),HIDDEN BY CONTROLLED-ROLLOUT FLAG,ALLOW,Page/layout gate; action and endpoint capabilities require separate rows,Tenant scope required,NOT TESTED,NOT TESTED,NOT TESTED,NOT TESTED,apps/web/src/app/(dashboard)/assets/page.tsx; apps/web/src/lib/operations/nav-config.ts; apps/web/src/lib/protected-route.ts,
cx,Assets,/assets/[assetId],N/A (page resource; endpoint matrix tracked separately),View,ALLOW (current source policy),HIDDEN BY CONTROLLED-ROLLOUT FLAG,ALLOW,Page/layout gate; action and endpoint capabilities require separate rows,Tenant scope required,NOT TESTED,NOT TESTED,NOT TESTED,NOT TESTED,apps/web/src/app/(dashboard)/assets/[assetId]/page.tsx; apps/web/src/lib/operations/nav-config.ts; apps/web/src/lib/protected-route.ts,
cx,BOM Engine,/bom,N/A (page resource; endpoint matrix tracked separately),View,DENY (current source policy),HIDDEN,DENY/REDIRECT,Page/layout gate; action and endpoint capabilities require separate rows,Tenant scope required,NOT TESTED,NOT TESTED,NOT TESTED,NOT TESTED,apps/web/src/app/(dashboard)/bom/page.tsx; apps/web/src/lib/operations/nav-config.ts; apps/web/src/lib/protected-route.ts,
cx,Finance & Billing,/claims,N/A (page resource; endpoint matrix tracked separately),View,DENY (current source policy),HIDDEN,DENY/REDIRECT,Page/layout gate; action and endpoint capabilities require separate rows,Tenant scope required,NOT TESTED,NOT TESTED,NOT TESTED,NOT TESTED,apps/web/src/app/(dashboard)/claims/page.tsx; apps/web/src/lib/operations/nav-config.ts; apps/web/src/lib/protected-route.ts,
cx,Finance & Billing,/claims/[id],N/A (page resource; endpoint matrix tracked separately),View,DENY (current source policy),PARENT HIDDEN,DENY/REDIRECT,Page/layout gate; action and endpoint capabilities require separate rows,Tenant scope required,NOT TESTED,NOT TESTED,NOT TESTED,NOT TESTED,apps/web/src/app/(dashboard)/claims/[id]/page.tsx; apps/web/src/lib/operations/nav-config.ts; apps/web/src/lib/protected-route.ts,
cx,Finance & Billing,/claims/new,N/A (page resource; endpoint matrix tracked separately),View,DENY (current source policy),PARENT HIDDEN,DENY/REDIRECT,Page/layout gate; action and endpoint capabilities require separate rows,Tenant scope required,NOT TESTED,NOT TESTED,NOT TESTED,NOT TESTED,apps/web/src/app/(dashboard)/claims/new/page.tsx; apps/web/src/lib/operations/nav-config.ts; apps/web/src/lib/protected-route.ts,
cx,Cortex,/cortex,N/A (page resource; endpoint matrix tracked separately),View,ALLOW (current source policy),VISIBLE,ALLOW,Page/layout gate; action and endpoint capabilities require separate rows,Tenant scope required,NOT TESTED,NOT TESTED,NOT TESTED,NOT TESTED,apps/web/src/app/(dashboard)/cortex/page.tsx; apps/web/src/lib/operations/nav-config.ts; apps/web/src/lib/protected-route.ts,
cx,CRM & Proposal,/crm,N/A (page resource; endpoint matrix tracked separately),View,ALLOW (current source policy),NO CONFIGURED NAV ITEM,ALLOW BY CATCH-ALL; PAGE GATE VARIES,Page/layout gate; action and endpoint capabilities require separate rows,Tenant scope required,NOT TESTED,NOT TESTED,NOT TESTED,PARTIAL,apps/web/src/app/(dashboard)/crm/page.tsx; apps/web/src/lib/operations/nav-config.ts; apps/web/src/lib/protected-route.ts,
cx,CRM & Proposal,/crm/accounts,N/A (page resource; endpoint matrix tracked separately),View,ALLOW (current source policy),VISIBLE,ALLOW,Page/layout gate; action and endpoint capabilities require separate rows,Tenant scope required,NOT TESTED,NOT TESTED,NOT TESTED,NOT TESTED,apps/web/src/app/(dashboard)/crm/accounts/page.tsx; apps/web/src/lib/operations/nav-config.ts; apps/web/src/lib/protected-route.ts,
cx,CRM & Proposal,/crm/accounts/[id],N/A (page resource; endpoint matrix tracked separately),View,ALLOW (current source policy),PARENT VISIBLE,ALLOW,Page/layout gate; action and endpoint capabilities require separate rows,Tenant scope required,NOT TESTED,NOT TESTED,NOT TESTED,NOT TESTED,apps/web/src/app/(dashboard)/crm/accounts/[id]/page.tsx; apps/web/src/lib/operations/nav-config.ts; apps/web/src/lib/protected-route.ts,
cx,CRM & Proposal,/crm/accounts/new,N/A (page resource; endpoint matrix tracked separately),View,ALLOW (current source policy),PARENT VISIBLE,ALLOW,Page/layout gate; action and endpoint capabilities require separate rows,Tenant scope required,NOT TESTED,NOT TESTED,NOT TESTED,NOT TESTED,apps/web/src/app/(dashboard)/crm/accounts/new/page.tsx; apps/web/src/lib/operations/nav-config.ts; apps/web/src/lib/protected-route.ts,
cx,CRM & Proposal,/crm/kyc-queue,N/A (page resource; endpoint matrix tracked separately),View,DENY (current source policy),HIDDEN,DENY/REDIRECT,Page/layout gate; action and endpoint capabilities require separate rows,Tenant scope required,NOT TESTED,NOT TESTED,NOT TESTED,NOT TESTED,apps/web/src/app/(dashboard)/crm/kyc-queue/page.tsx; apps/web/src/lib/operations/nav-config.ts; apps/web/src/lib/protected-route.ts,
cx,CRM & Proposal,/crm/opportunities,N/A (page resource; endpoint matrix tracked separately),View,ALLOW (current source policy),NO CONFIGURED NAV ITEM,ALLOW BY CATCH-ALL; PAGE GATE VARIES,Page/layout gate; action and endpoint capabilities require separate rows,Tenant scope required,NOT TESTED,NOT TESTED,NOT TESTED,PARTIAL,apps/web/src/app/(dashboard)/crm/opportunities/page.tsx; apps/web/src/lib/operations/nav-config.ts; apps/web/src/lib/protected-route.ts,
cx,CRM & Proposal,/crm/opportunities/[id],N/A (page resource; endpoint matrix tracked separately),View,ALLOW (current source policy),NO CONFIGURED NAV ITEM,ALLOW BY CATCH-ALL; PAGE GATE VARIES,Page/layout gate; action and endpoint capabilities require separate rows,Tenant scope required,NOT TESTED,NOT TESTED,NOT TESTED,PARTIAL,apps/web/src/app/(dashboard)/crm/opportunities/[id]/page.tsx; apps/web/src/lib/operations/nav-config.ts; apps/web/src/lib/protected-route.ts,
cx,CRM & Proposal,/crm/opportunities/[id]/proposal,N/A (page resource; endpoint matrix tracked separately),View,ALLOW (current source policy),NO CONFIGURED NAV ITEM,ALLOW BY CATCH-ALL; PAGE GATE VARIES,Page/layout gate; action and endpoint capabilities require separate rows,Tenant scope required,NOT TESTED,NOT TESTED,NOT TESTED,PARTIAL,apps/web/src/app/(dashboard)/crm/opportunities/[id]/proposal/page.tsx; apps/web/src/lib/operations/nav-config.ts; apps/web/src/lib/protected-route.ts,
cx,CRM & Proposal,/crm/opportunities/[id]/proposal/change-requests,N/A (page resource; endpoint matrix tracked separately),View,ALLOW (current source policy),NO CONFIGURED NAV ITEM,ALLOW BY CATCH-ALL; PAGE GATE VARIES,Page/layout gate; action and endpoint capabilities require separate rows,Tenant scope required,NOT TESTED,NOT TESTED,NOT TESTED,PARTIAL,apps/web/src/app/(dashboard)/crm/opportunities/[id]/proposal/change-requests/page.tsx; apps/web/src/lib/operations/nav-config.ts; apps/web/src/lib/protected-route.ts,
cx,CRM & Proposal,/crm/opportunities/[id]/proposal/design,N/A (page resource; endpoint matrix tracked separately),View,ALLOW (current source policy),NO CONFIGURED NAV ITEM,ALLOW BY CATCH-ALL; PAGE GATE VARIES,Page/layout gate; action and endpoint capabilities require separate rows,Tenant scope required,NOT TESTED,NOT TESTED,NOT TESTED,PARTIAL,apps/web/src/app/(dashboard)/crm/opportunities/[id]/proposal/design/page.tsx; apps/web/src/lib/operations/nav-config.ts; apps/web/src/lib/protected-route.ts,
cx,CRM & Proposal,/crm/opportunities/[id]/proposal/inspection,N/A (page resource; endpoint matrix tracked separately),View,ALLOW (current source policy),NO CONFIGURED NAV ITEM,ALLOW BY CATCH-ALL; PAGE GATE VARIES,Page/layout gate; action and endpoint capabilities require separate rows,Tenant scope required,NOT TESTED,NOT TESTED,NOT TESTED,PARTIAL,apps/web/src/app/(dashboard)/crm/opportunities/[id]/proposal/inspection/page.tsx; apps/web/src/lib/operations/nav-config.ts; apps/web/src/lib/protected-route.ts,
cx,CRM & Proposal,/crm/opportunities/[id]/proposal/pprf,N/A (page resource; endpoint matrix tracked separately),View,ALLOW (current source policy),NO CONFIGURED NAV ITEM,ALLOW BY CATCH-ALL; PAGE GATE VARIES,Page/layout gate; action and endpoint capabilities require separate rows,Tenant scope required,NOT TESTED,NOT TESTED,NOT TESTED,PARTIAL,apps/web/src/app/(dashboard)/crm/opportunities/[id]/proposal/pprf/page.tsx; apps/web/src/lib/operations/nav-config.ts; apps/web/src/lib/protected-route.ts,
cx,CRM & Proposal,/crm/opportunities/new/pprf,N/A (page resource; endpoint matrix tracked separately),View,ALLOW (current source policy),NO CONFIGURED NAV ITEM,ALLOW BY CATCH-ALL; PAGE GATE VARIES,Page/layout gate; action and endpoint capabilities require separate rows,Tenant scope required,NOT TESTED,NOT TESTED,NOT TESTED,PARTIAL,apps/web/src/app/(dashboard)/crm/opportunities/new/pprf/page.tsx; apps/web/src/lib/operations/nav-config.ts; apps/web/src/lib/protected-route.ts,
cx,Dashboard,/dashboard,N/A (page resource; endpoint matrix tracked separately),View,ALLOW (current source policy),VISIBLE,ALLOW,Page/layout gate; action and endpoint capabilities require separate rows,Tenant scope required,NOT TESTED,PASSED - real Supabase login and render,NOT TESTED,PARTIAL,apps/web/src/app/(dashboard)/dashboard/page.tsx; isolated Chromium role matrix 2026-09-02,Full route-state and action coverage remains
cx,Documents,/documents,N/A (page resource; endpoint matrix tracked separately),View,ALLOW (current source policy),VISIBLE,ALLOW,Page/layout gate; action and endpoint capabilities require separate rows,Tenant scope required,NOT TESTED,NOT TESTED,NOT TESTED,NOT TESTED,apps/web/src/app/(dashboard)/documents/page.tsx; apps/web/src/lib/operations/nav-config.ts; apps/web/src/lib/protected-route.ts,
cx,Finance,/finance,N/A (page resource; endpoint matrix tracked separately),View,DENY (current source policy),HIDDEN,DENY/REDIRECT,Page/layout gate; action and endpoint capabilities require separate rows,Tenant scope required,NOT TESTED,NOT TESTED,NOT TESTED,NOT TESTED,apps/web/src/app/(dashboard)/finance/page.tsx; apps/web/src/lib/operations/nav-config.ts; apps/web/src/lib/protected-route.ts,
cx,Finance,/finance/cash,N/A (page resource; endpoint matrix tracked separately),View,DENY (current source policy),HIDDEN,DENY/REDIRECT,Page/layout gate; action and endpoint capabilities require separate rows,Tenant scope required,NOT TESTED,NOT TESTED,NOT TESTED,NOT TESTED,apps/web/src/app/(dashboard)/finance/cash/page.tsx; apps/web/src/lib/operations/nav-config.ts; apps/web/src/lib/protected-route.ts,
cx,Finance,/finance/cash/[id],N/A (page resource; endpoint matrix tracked separately),View,DENY (current source policy),PARENT HIDDEN,DENY/REDIRECT,Page/layout gate; action and endpoint capabilities require separate rows,Tenant scope required,NOT TESTED,NOT TESTED,NOT TESTED,NOT TESTED,apps/web/src/app/(dashboard)/finance/cash/[id]/page.tsx; apps/web/src/lib/operations/nav-config.ts; apps/web/src/lib/protected-route.ts,
cx,Finance,/finance/cash/new,N/A (page resource; endpoint matrix tracked separately),View,DENY (current source policy),PARENT HIDDEN,DENY/REDIRECT,Page/layout gate; action and endpoint capabilities require separate rows,Tenant scope required,NOT TESTED,NOT TESTED,NOT TESTED,NOT TESTED,apps/web/src/app/(dashboard)/finance/cash/new/page.tsx; apps/web/src/lib/operations/nav-config.ts; apps/web/src/lib/protected-route.ts,
cx,Finance,/finance/journals/[id],N/A (page resource; endpoint matrix tracked separately),View,DENY (current source policy),PARENT HIDDEN,DENY/REDIRECT,Page/layout gate; action and endpoint capabilities require separate rows,Tenant scope required,NOT TESTED,NOT TESTED,NOT TESTED,NOT TESTED,apps/web/src/app/(dashboard)/finance/journals/[id]/page.tsx; apps/web/src/lib/operations/nav-config.ts; apps/web/src/lib/protected-route.ts,
cx,Finance,/finance/journals/new,N/A (page resource; endpoint matrix tracked separately),View,DENY (current source policy),PARENT HIDDEN,DENY/REDIRECT,Page/layout gate; action and endpoint capabilities require separate rows,Tenant scope required,NOT TESTED,NOT TESTED,NOT TESTED,NOT TESTED,apps/web/src/app/(dashboard)/finance/journals/new/page.tsx; apps/web/src/lib/operations/nav-config.ts; apps/web/src/lib/protected-route.ts,
cx,Finance,/finance/ledger,N/A (page resource; endpoint matrix tracked separately),View,DENY (current source policy),PARENT HIDDEN,DENY/REDIRECT,Page/layout gate; action and endpoint capabilities require separate rows,Tenant scope required,NOT TESTED,NOT TESTED,NOT TESTED,NOT TESTED,apps/web/src/app/(dashboard)/finance/ledger/page.tsx; apps/web/src/lib/operations/nav-config.ts; apps/web/src/lib/protected-route.ts,
cx,Finance,/finance/payables,N/A (page resource; endpoint matrix tracked separately),View,DENY (current source policy),HIDDEN,DENY/REDIRECT,Page/layout gate; action and endpoint capabilities require separate rows,Tenant scope required,NOT TESTED,NOT TESTED,NOT TESTED,NOT TESTED,apps/web/src/app/(dashboard)/finance/payables/page.tsx; apps/web/src/lib/operations/nav-config.ts; apps/web/src/lib/protected-route.ts,
cx,Finance,/finance/payables/[id],N/A (page resource; endpoint matrix tracked separately),View,DENY (current source policy),PARENT HIDDEN,DENY/REDIRECT,Page/layout gate; action and endpoint capabilities require separate rows,Tenant scope required,NOT TESTED,NOT TESTED,NOT TESTED,NOT TESTED,apps/web/src/app/(dashboard)/finance/payables/[id]/page.tsx; apps/web/src/lib/operations/nav-config.ts; apps/web/src/lib/protected-route.ts,
cx,Finance,/finance/payables/[id]/edit,N/A (page resource; endpoint matrix tracked separately),View,DENY (current source policy),PARENT HIDDEN,DENY/REDIRECT,Page/layout gate; action and endpoint capabilities require separate rows,Tenant scope required,NOT TESTED,NOT TESTED,NOT TESTED,NOT TESTED,apps/web/src/app/(dashboard)/finance/payables/[id]/edit/page.tsx; apps/web/src/lib/operations/nav-config.ts; apps/web/src/lib/protected-route.ts,
cx,Finance,/finance/payables/new,N/A (page resource; endpoint matrix tracked separately),View,DENY (current source policy),PARENT HIDDEN,DENY/REDIRECT,Page/layout gate; action and endpoint capabilities require separate rows,Tenant scope required,NOT TESTED,NOT TESTED,NOT TESTED,NOT TESTED,apps/web/src/app/(dashboard)/finance/payables/new/page.tsx; apps/web/src/lib/operations/nav-config.ts; apps/web/src/lib/protected-route.ts,
cx,Finance,/finance/receivables,N/A (page resource; endpoint matrix tracked separately),View,DENY (current source policy),HIDDEN,DENY/REDIRECT,Page/layout gate; action and endpoint capabilities require separate rows,Tenant scope required,NOT TESTED,NOT TESTED,NOT TESTED,NOT TESTED,apps/web/src/app/(dashboard)/finance/receivables/page.tsx; apps/web/src/lib/operations/nav-config.ts; apps/web/src/lib/protected-route.ts,
cx,Finance,/finance/reconciliation,N/A (page resource; endpoint matrix tracked separately),View,DENY (current source policy),HIDDEN,DENY/REDIRECT,Page/layout gate; action and endpoint capabilities require separate rows,Tenant scope required,NOT TESTED,NOT TESTED,NOT TESTED,NOT TESTED,apps/web/src/app/(dashboard)/finance/reconciliation/page.tsx; apps/web/src/lib/operations/nav-config.ts; apps/web/src/lib/protected-route.ts,
cx,Finance,/finance/reconciliation/[id],N/A (page resource; endpoint matrix tracked separately),View,DENY (current source policy),PARENT HIDDEN,DENY/REDIRECT,Page/layout gate; action and endpoint capabilities require separate rows,Tenant scope required,NOT TESTED,NOT TESTED,NOT TESTED,NOT TESTED,apps/web/src/app/(dashboard)/finance/reconciliation/[id]/page.tsx; apps/web/src/lib/operations/nav-config.ts; apps/web/src/lib/protected-route.ts,
cx,Finance,/finance/reconciliation/new,N/A (page resource; endpoint matrix tracked separately),View,DENY (current source policy),PARENT HIDDEN,DENY/REDIRECT,Page/layout gate; action and endpoint capabilities require separate rows,Tenant scope required,NOT TESTED,NOT TESTED,NOT TESTED,NOT TESTED,apps/web/src/app/(dashboard)/finance/reconciliation/new/page.tsx; apps/web/src/lib/operations/nav-config.ts; apps/web/src/lib/protected-route.ts,
cx,Proposal Print,/inspection/[id],N/A (page resource; endpoint matrix tracked separately),View,ALLOW (current source policy),NO CONFIGURED NAV ITEM,ALLOW BY CATCH-ALL; PAGE GATE VARIES,Page/layout gate; action and endpoint capabilities require separate rows,Tenant scope required,NOT TESTED,NOT TESTED,NOT TESTED,PARTIAL,apps/web/src/app/(print)/inspection/[id]/page.tsx; apps/web/src/lib/operations/nav-config.ts; apps/web/src/lib/protected-route.ts,
cx,Inventory,/inventory,N/A (page resource; endpoint matrix tracked separately),View,DENY (current source policy),HIDDEN,DENY/REDIRECT,Page/layout gate; action and endpoint capabilities require separate rows,Tenant scope required,NOT TESTED,NOT TESTED,NOT TESTED,NOT TESTED,apps/web/src/app/(dashboard)/inventory/page.tsx; apps/web/src/lib/operations/nav-config.ts; apps/web/src/lib/protected-route.ts,
cx,Inventory,/inventory/movements,N/A (page resource; endpoint matrix tracked separately),View,DENY (current source policy),PARENT HIDDEN,DENY/REDIRECT,Page/layout gate; action and endpoint capabilities require separate rows,Tenant scope required,NOT TESTED,NOT TESTED,NOT TESTED,NOT TESTED,apps/web/src/app/(dashboard)/inventory/movements/page.tsx; apps/web/src/lib/operations/nav-config.ts; apps/web/src/lib/protected-route.ts,
cx,Inventory,/inventory/movements/[id],N/A (page resource; endpoint matrix tracked separately),View,DENY (current source policy),PARENT HIDDEN,DENY/REDIRECT,Page/layout gate; action and endpoint capabilities require separate rows,Tenant scope required,NOT TESTED,NOT TESTED,NOT TESTED,NOT TESTED,apps/web/src/app/(dashboard)/inventory/movements/[id]/page.tsx; apps/web/src/lib/operations/nav-config.ts; apps/web/src/lib/protected-route.ts,
cx,Inventory,/inventory/movements/new,N/A (page resource; endpoint matrix tracked separately),View,DENY (current source policy),PARENT HIDDEN,DENY/REDIRECT,Page/layout gate; action and endpoint capabilities require separate rows,Tenant scope required,NOT TESTED,NOT TESTED,NOT TESTED,NOT TESTED,apps/web/src/app/(dashboard)/inventory/movements/new/page.tsx; apps/web/src/lib/operations/nav-config.ts; apps/web/src/lib/protected-route.ts,
cx,Inventory,/inventory/receipts,N/A (page resource; endpoint matrix tracked separately),View,DENY (current source policy),PARENT HIDDEN,DENY/REDIRECT,Page/layout gate; action and endpoint capabilities require separate rows,Tenant scope required,NOT TESTED,NOT TESTED,NOT TESTED,NOT TESTED,apps/web/src/app/(dashboard)/inventory/receipts/page.tsx; apps/web/src/lib/operations/nav-config.ts; apps/web/src/lib/protected-route.ts,
cx,Inventory,/inventory/receipts/[id],N/A (page resource; endpoint matrix tracked separately),View,DENY (current source policy),PARENT HIDDEN,DENY/REDIRECT,Page/layout gate; action and endpoint capabilities require separate rows,Tenant scope required,NOT TESTED,NOT TESTED,NOT TESTED,NOT TESTED,apps/web/src/app/(dashboard)/inventory/receipts/[id]/page.tsx; apps/web/src/lib/operations/nav-config.ts; apps/web/src/lib/protected-route.ts,
cx,Inventory,/inventory/receipts/new,N/A (page resource; endpoint matrix tracked separately),View,DENY (current source policy),PARENT HIDDEN,DENY/REDIRECT,Page/layout gate; action and endpoint capabilities require separate rows,Tenant scope required,NOT TESTED,NOT TESTED,NOT TESTED,NOT TESTED,apps/web/src/app/(dashboard)/inventory/receipts/new/page.tsx; apps/web/src/lib/operations/nav-config.ts; apps/web/src/lib/protected-route.ts,
cx,Finance,/invoices,N/A (page resource; endpoint matrix tracked separately),View,DENY (current source policy),HIDDEN,DENY/REDIRECT,Page/layout gate; action and endpoint capabilities require separate rows,Tenant scope required,NOT TESTED,NOT TESTED,NOT TESTED,NOT TESTED,apps/web/src/app/(dashboard)/invoices/page.tsx; apps/web/src/lib/operations/nav-config.ts; apps/web/src/lib/protected-route.ts,
cx,Finance,/invoices/[id],N/A (page resource; endpoint matrix tracked separately),View,DENY (current source policy),PARENT HIDDEN,DENY/REDIRECT,Page/layout gate; action and endpoint capabilities require separate rows,Tenant scope required,NOT TESTED,NOT TESTED,NOT TESTED,NOT TESTED,apps/web/src/app/(dashboard)/invoices/[id]/page.tsx; apps/web/src/lib/operations/nav-config.ts; apps/web/src/lib/protected-route.ts,
cx,Finance,/invoices/[id]/bir2307,N/A (page resource; endpoint matrix tracked separately),View,DENY (current source policy),PARENT HIDDEN,DENY/REDIRECT,Page/layout gate; action and endpoint capabilities require separate rows,Tenant scope required,NOT TESTED,NOT TESTED,NOT TESTED,NOT TESTED,apps/web/src/app/(print)/invoices/[id]/bir2307/page.tsx; apps/web/src/lib/operations/nav-config.ts; apps/web/src/lib/protected-route.ts,
cx,Finance,/invoices/[id]/print,N/A (page resource; endpoint matrix tracked separately),View,DENY (current source policy),PARENT HIDDEN,DENY/REDIRECT,Page/layout gate; action and endpoint capabilities require separate rows,Tenant scope required,NOT TESTED,NOT TESTED,NOT TESTED,NOT TESTED,apps/web/src/app/(print)/invoices/[id]/print/page.tsx; apps/web/src/lib/operations/nav-config.ts; apps/web/src/lib/protected-route.ts,
cx,Pre-Construction,/permits,N/A (page resource; endpoint matrix tracked separately),View,DENY (current source policy),HIDDEN,DENY/REDIRECT,Page/layout gate; action and endpoint capabilities require separate rows,Tenant scope required,NOT TESTED,NOT TESTED,NOT TESTED,NOT TESTED,apps/web/src/app/(dashboard)/permits/page.tsx; apps/web/src/lib/operations/nav-config.ts; apps/web/src/lib/protected-route.ts,
cx,Pipeline,/pipeline,N/A (page resource; endpoint matrix tracked separately),View,ALLOW (current source policy),NO CONFIGURED NAV ITEM,ALLOW BY CATCH-ALL; PAGE GATE VARIES,Page/layout gate; action and endpoint capabilities require separate rows,Tenant scope required,NOT TESTED,NOT TESTED,NOT TESTED,PARTIAL,apps/web/src/app/(dashboard)/pipeline/page.tsx; apps/web/src/lib/operations/nav-config.ts; apps/web/src/lib/protected-route.ts,
cx,Pipeline,/pipeline/board,N/A (page resource; endpoint matrix tracked separately),View,ALLOW (current source policy),VISIBLE,ALLOW,Page/layout gate; action and endpoint capabilities require separate rows,Tenant scope required,NOT TESTED,NOT TESTED,NOT TESTED,NOT TESTED,apps/web/src/app/(dashboard)/pipeline/board/page.tsx; apps/web/src/lib/operations/nav-config.ts; apps/web/src/lib/protected-route.ts,
cx,Pipeline,/pipeline/conversion,N/A (page resource; endpoint matrix tracked separately),View,ALLOW (current source policy),NO CONFIGURED NAV ITEM,ALLOW BY CATCH-ALL; PAGE GATE VARIES,Page/layout gate; action and endpoint capabilities require separate rows,Tenant scope required,NOT TESTED,NOT TESTED,NOT TESTED,PARTIAL,apps/web/src/app/(dashboard)/pipeline/conversion/page.tsx; apps/web/src/lib/operations/nav-config.ts; apps/web/src/lib/protected-route.ts,
cx,Process & SLA,/process,N/A (page resource; endpoint matrix tracked separately),View,ALLOW (current source policy),VISIBLE,ALLOW,Page/layout gate; action and endpoint capabilities require separate rows,Tenant scope required,NOT TESTED,NOT TESTED,NOT TESTED,NOT TESTED,apps/web/src/app/(dashboard)/process/page.tsx; apps/web/src/lib/operations/nav-config.ts; apps/web/src/lib/protected-route.ts,
cx,Procurement,/procurement,N/A (page resource; endpoint matrix tracked separately),View,ALLOW (current source policy),NO CONFIGURED NAV ITEM,ALLOW BY CATCH-ALL; PAGE GATE VARIES,Page/layout gate; action and endpoint capabilities require separate rows,Tenant scope required,NOT TESTED,NOT TESTED,NOT TESTED,PARTIAL,apps/web/src/app/(dashboard)/procurement/page.tsx; apps/web/src/lib/operations/nav-config.ts; apps/web/src/lib/protected-route.ts,
cx,Procurement,/procurement/deliveries,N/A (page resource; endpoint matrix tracked separately),View,DENY (current source policy),HIDDEN,DENY/REDIRECT,Page/layout gate; action and endpoint capabilities require separate rows,Tenant scope required,NOT TESTED,NOT TESTED,NOT TESTED,NOT TESTED,apps/web/src/app/(dashboard)/procurement/deliveries/page.tsx; apps/web/src/lib/operations/nav-config.ts; apps/web/src/lib/protected-route.ts,
cx,Procurement,/procurement/deliveries/[id],N/A (page resource; endpoint matrix tracked separately),View,DENY (current source policy),PARENT HIDDEN,DENY/REDIRECT,Page/layout gate; action and endpoint capabilities require separate rows,Tenant scope required,NOT TESTED,NOT TESTED,NOT TESTED,NOT TESTED,apps/web/src/app/(dashboard)/procurement/deliveries/[id]/page.tsx; apps/web/src/lib/operations/nav-config.ts; apps/web/src/lib/protected-route.ts,
cx,Procurement,/procurement/deliveries/new,N/A (page resource; endpoint matrix tracked separately),View,DENY (current source policy),PARENT HIDDEN,DENY/REDIRECT,Page/layout gate; action and endpoint capabilities require separate rows,Tenant scope required,NOT TESTED,NOT TESTED,NOT TESTED,NOT TESTED,apps/web/src/app/(dashboard)/procurement/deliveries/new/page.tsx; apps/web/src/lib/operations/nav-config.ts; apps/web/src/lib/protected-route.ts,
cx,Procurement,/procurement/rfqs,N/A (page resource; endpoint matrix tracked separately),View,DENY (current source policy),HIDDEN,DENY/REDIRECT,Page/layout gate; action and endpoint capabilities require separate rows,Tenant scope required,NOT TESTED,NOT TESTED,NOT TESTED,NOT TESTED,apps/web/src/app/(dashboard)/procurement/rfqs/page.tsx; apps/web/src/lib/operations/nav-config.ts; apps/web/src/lib/protected-route.ts,
cx,Procurement,/procurement/rfqs/[id],N/A (page resource; endpoint matrix tracked separately),View,DENY (current source policy),PARENT HIDDEN,DENY/REDIRECT,Page/layout gate; action and endpoint capabilities require separate rows,Tenant scope required,NOT TESTED,NOT TESTED,NOT TESTED,NOT TESTED,apps/web/src/app/(dashboard)/procurement/rfqs/[id]/page.tsx; apps/web/src/lib/operations/nav-config.ts; apps/web/src/lib/protected-route.ts,
cx,Projects,/projects,N/A (page resource; endpoint matrix tracked separately),View,ALLOW (current source policy),VISIBLE,ALLOW,Page/layout gate; action and endpoint capabilities require separate rows,Tenant scope required,NOT TESTED,NOT TESTED,NOT TESTED,NOT TESTED,apps/web/src/app/(dashboard)/projects/page.tsx; apps/web/src/lib/operations/nav-config.ts; apps/web/src/lib/protected-route.ts,
cx,Projects,/projects/[id],N/A (page resource; endpoint matrix tracked separately),View,ALLOW (current source policy),PARENT VISIBLE,ALLOW,Page/layout gate; action and endpoint capabilities require separate rows,Tenant scope required,NOT TESTED,NOT TESTED,NOT TESTED,NOT TESTED,apps/web/src/app/(dashboard)/projects/[id]/page.tsx; apps/web/src/lib/operations/nav-config.ts; apps/web/src/lib/protected-route.ts,
cx,Projects,/projects/[id]/access,N/A (page resource; endpoint matrix tracked separately),View,ALLOW (current source policy),PARENT VISIBLE,ALLOW,Page/layout gate; action and endpoint capabilities require separate rows,Tenant scope required,NOT TESTED,NOT TESTED,NOT TESTED,NOT TESTED,apps/web/src/app/(dashboard)/projects/[id]/access/page.tsx; apps/web/src/lib/operations/nav-config.ts; apps/web/src/lib/protected-route.ts,
cx,Projects,/projects/[id]/audit,N/A (page resource; endpoint matrix tracked separately),View,DENY (audit.read policy),AUDIT TAB HIDDEN,DENY/NOT FOUND,Project detail projection plus audit.read route gate,Tenant and requested project scope,PASSED - all-role projection and route tests,PASSED - direct audit denial,NOT RUN,PARTIAL,project-detail-access.test.tsx; project-sensitive-routes.test.tsx; isolated Chromium 2026-09-03,Database-backed budget trigger not exercised in the broader project-detail slice
cx,Projects,/projects/[id]/billing,N/A (page resource; endpoint matrix tracked separately),View,ALLOW (current source policy),PARENT VISIBLE,ALLOW,Page/layout gate; action and endpoint capabilities require separate rows,Tenant scope required,NOT TESTED,NOT TESTED,NOT TESTED,NOT TESTED,apps/web/src/app/(dashboard)/projects/[id]/billing/page.tsx; apps/web/src/lib/operations/nav-config.ts; apps/web/src/lib/protected-route.ts,
cx,Projects,/projects/[id]/bom,N/A (page resource; endpoint matrix tracked separately),View,ALLOW (current source policy),PARENT VISIBLE,ALLOW,Page/layout gate; action and endpoint capabilities require separate rows,Tenant scope required,NOT TESTED,NOT TESTED,NOT TESTED,NOT TESTED,apps/web/src/app/(dashboard)/projects/[id]/bom/page.tsx; apps/web/src/lib/operations/nav-config.ts; apps/web/src/lib/protected-route.ts,
cx,Projects,/projects/[id]/bom/togal,N/A (page resource; endpoint matrix tracked separately),View,ALLOW (current source policy),PARENT VISIBLE,ALLOW,Page/layout gate; action and endpoint capabilities require separate rows,Tenant scope required,NOT TESTED,NOT TESTED,NOT TESTED,NOT TESTED,apps/web/src/app/(dashboard)/projects/[id]/bom/togal/page.tsx; apps/web/src/lib/operations/nav-config.ts; apps/web/src/lib/protected-route.ts,
cx,Projects,/projects/[id]/checklist,N/A (page resource; endpoint matrix tracked separately),View,ALLOW (current source policy),PARENT VISIBLE,ALLOW,Page/layout gate; action and endpoint capabilities require separate rows,Tenant scope required,NOT TESTED,NOT TESTED,NOT TESTED,NOT TESTED,apps/web/src/app/(dashboard)/projects/[id]/checklist/page.tsx; apps/web/src/lib/operations/nav-config.ts; apps/web/src/lib/protected-route.ts,
cx,Projects,/projects/[id]/coc,N/A (page resource; endpoint matrix tracked separately),View,ALLOW (current source policy),PARENT VISIBLE,ALLOW,Page/layout gate; action and endpoint capabilities require separate rows,Tenant scope required,NOT TESTED,NOT TESTED,NOT TESTED,NOT TESTED,apps/web/src/app/(dashboard)/projects/[id]/coc/page.tsx; apps/web/src/lib/operations/nav-config.ts; apps/web/src/lib/protected-route.ts,
cx,Projects,/projects/[id]/comments,N/A (page resource; endpoint matrix tracked separately),View,ALLOW (current source policy),PARENT VISIBLE,ALLOW,Page/layout gate; action and endpoint capabilities require separate rows,Tenant scope required,NOT TESTED,NOT TESTED,NOT TESTED,NOT TESTED,apps/web/src/app/(dashboard)/projects/[id]/comments/page.tsx; apps/web/src/lib/operations/nav-config.ts; apps/web/src/lib/protected-route.ts,
cx,Projects,/projects/[id]/cost,N/A (page resource; endpoint matrix tracked separately),View,ALLOW (current source policy),PARENT VISIBLE,ALLOW,Page/layout gate; action and endpoint capabilities require separate rows,Tenant scope required,NOT TESTED,NOT TESTED,NOT TESTED,NOT TESTED,apps/web/src/app/(dashboard)/projects/[id]/cost/page.tsx; apps/web/src/lib/operations/nav-config.ts; apps/web/src/lib/protected-route.ts,
cx,Projects,/projects/[id]/cost/budget,N/A (page resource; endpoint matrix tracked separately),View,ALLOW (current source policy),PARENT VISIBLE,ALLOW,Page/layout gate; action and endpoint capabilities require separate rows,Tenant scope required,NOT TESTED,NOT TESTED,NOT TESTED,NOT TESTED,apps/web/src/app/(dashboard)/projects/[id]/cost/budget/page.tsx; apps/web/src/lib/operations/nav-config.ts; apps/web/src/lib/protected-route.ts,
cx,Projects,/projects/[id]/documents,N/A (page resource; endpoint matrix tracked separately),View,ALLOW (current source policy),PARENT VISIBLE,ALLOW,Page/layout gate; action and endpoint capabilities require separate rows,Tenant scope required,NOT TESTED,NOT TESTED,NOT TESTED,NOT TESTED,apps/web/src/app/(dashboard)/projects/[id]/documents/page.tsx; apps/web/src/lib/operations/nav-config.ts; apps/web/src/lib/protected-route.ts,
cx,Projects,/projects/[id]/permits,N/A (page resource; endpoint matrix tracked separately),View,ALLOW (current source policy),PARENT VISIBLE,ALLOW,Page/layout gate; action and endpoint capabilities require separate rows,Tenant scope required,NOT TESTED,NOT TESTED,NOT TESTED,NOT TESTED,apps/web/src/app/(dashboard)/projects/[id]/permits/page.tsx; apps/web/src/lib/operations/nav-config.ts; apps/web/src/lib/protected-route.ts,
cx,Projects,/projects/[id]/progress,N/A (page resource; endpoint matrix tracked separately),View,ALLOW (current source policy),PARENT VISIBLE,ALLOW,Page/layout gate; action and endpoint capabilities require separate rows,Tenant scope required,NOT TESTED,NOT TESTED,NOT TESTED,NOT TESTED,apps/web/src/app/(dashboard)/projects/[id]/progress/page.tsx; apps/web/src/lib/operations/nav-config.ts; apps/web/src/lib/protected-route.ts,
cx,Projects,/projects/[id]/reports,N/A (page resource; endpoint matrix tracked separately),View,ALLOW (current source policy),PARENT VISIBLE,ALLOW,Page/layout gate; action and endpoint capabilities require separate rows,Tenant scope required,NOT TESTED,NOT TESTED,NOT TESTED,NOT TESTED,apps/web/src/app/(dashboard)/projects/[id]/reports/page.tsx; apps/web/src/lib/operations/nav-config.ts; apps/web/src/lib/protected-route.ts,
cx,Projects,/projects/[id]/scope,N/A (page resource; endpoint matrix tracked separately),View,ALLOW (current source policy),PARENT VISIBLE,ALLOW,Page/layout gate; action and endpoint capabilities require separate rows,Tenant scope required,NOT TESTED,NOT TESTED,NOT TESTED,NOT TESTED,apps/web/src/app/(dashboard)/projects/[id]/scope/page.tsx; apps/web/src/lib/operations/nav-config.ts; apps/web/src/lib/protected-route.ts,
cx,Projects,/projects/[id]/turnover,N/A (page resource; endpoint matrix tracked separately),View,ALLOW (current source policy),PARENT VISIBLE,ALLOW,Page/layout gate; action and endpoint capabilities require separate rows,Tenant scope required,NOT TESTED,NOT TESTED,NOT TESTED,NOT TESTED,apps/web/src/app/(dashboard)/projects/[id]/turnover/page.tsx; apps/web/src/lib/operations/nav-config.ts; apps/web/src/lib/protected-route.ts,
cx,Projects,/projects/[id]/vos,N/A (page resource; endpoint matrix tracked separately),View,ALLOW (current source policy),PARENT VISIBLE,ALLOW,Page/layout gate; action and endpoint capabilities require separate rows,Tenant scope required,NOT TESTED,NOT TESTED,NOT TESTED,NOT TESTED,apps/web/src/app/(dashboard)/projects/[id]/vos/page.tsx; apps/web/src/lib/operations/nav-config.ts; apps/web/src/lib/protected-route.ts,
cx,Projects,/projects/[id]/vos/[voId],N/A (page resource; endpoint matrix tracked separately),View,ALLOW (current source policy),PARENT VISIBLE,ALLOW,Page/layout gate; action and endpoint capabilities require separate rows,Tenant scope required,NOT TESTED,NOT TESTED,NOT TESTED,NOT TESTED,apps/web/src/app/(dashboard)/projects/[id]/vos/[voId]/page.tsx; apps/web/src/lib/operations/nav-config.ts; apps/web/src/lib/protected-route.ts,
cx,Projects,/projects/new,N/A (page resource; endpoint matrix tracked separately),View,ALLOW (current source policy),PARENT VISIBLE,ALLOW,Page/layout gate; action and endpoint capabilities require separate rows,Tenant scope required,NOT TESTED,NOT TESTED,NOT TESTED,NOT TESTED,apps/web/src/app/(dashboard)/projects/new/page.tsx; apps/web/src/lib/operations/nav-config.ts; apps/web/src/lib/protected-route.ts,
cx,Post-Construction,/punchlist,N/A (page resource; endpoint matrix tracked separately),View,ALLOW (current source policy),VISIBLE,ALLOW,Page/layout gate; action and endpoint capabilities require separate rows,Tenant scope required,NOT TESTED,NOT TESTED,NOT TESTED,NOT TESTED,apps/web/src/app/(dashboard)/punchlist/page.tsx; apps/web/src/lib/operations/nav-config.ts; apps/web/src/lib/protected-route.ts,
cx,Post-Construction,/punchlist/[id],N/A (page resource; endpoint matrix tracked separately),View,ALLOW (current source policy),PARENT VISIBLE,ALLOW,Page/layout gate; action and endpoint capabilities require separate rows,Tenant scope required,NOT TESTED,NOT TESTED,NOT TESTED,NOT TESTED,apps/web/src/app/(dashboard)/punchlist/[id]/page.tsx; apps/web/src/lib/operations/nav-config.ts; apps/web/src/lib/protected-route.ts,
cx,Post-Construction,/punchlist/new,N/A (page resource; endpoint matrix tracked separately),View,ALLOW (current source policy),PARENT VISIBLE,ALLOW,Page/layout gate; action and endpoint capabilities require separate rows,Tenant scope required,NOT TESTED,NOT TESTED,NOT TESTED,NOT TESTED,apps/web/src/app/(dashboard)/punchlist/new/page.tsx; apps/web/src/lib/operations/nav-config.ts; apps/web/src/lib/protected-route.ts,
cx,Procurement,/purchase-orders,N/A (page resource; endpoint matrix tracked separately),View,DENY (current source policy),HIDDEN,DENY/REDIRECT,Page/layout gate; action and endpoint capabilities require separate rows,Tenant scope required,NOT TESTED,NOT TESTED,NOT TESTED,NOT TESTED,apps/web/src/app/(dashboard)/purchase-orders/page.tsx; apps/web/src/lib/operations/nav-config.ts; apps/web/src/lib/protected-route.ts,
cx,Procurement,/purchase-orders/[id],N/A (page resource; endpoint matrix tracked separately),View,DENY (current source policy),PARENT HIDDEN,DENY/REDIRECT,Page/layout gate; action and endpoint capabilities require separate rows,Tenant scope required,NOT TESTED,NOT TESTED,NOT TESTED,NOT TESTED,apps/web/src/app/(dashboard)/purchase-orders/[id]/page.tsx; apps/web/src/lib/operations/nav-config.ts; apps/web/src/lib/protected-route.ts,
cx,Procurement,/purchase-orders/[id]/print,N/A (page resource; endpoint matrix tracked separately),View,DENY (current source policy),PARENT HIDDEN,DENY/REDIRECT,Page/layout gate; action and endpoint capabilities require separate rows,Tenant scope required,NOT TESTED,NOT TESTED,NOT TESTED,NOT TESTED,apps/web/src/app/(print)/purchase-orders/[id]/print/page.tsx; apps/web/src/lib/operations/nav-config.ts; apps/web/src/lib/protected-route.ts,
cx,Admin & Reports,/reports,N/A (page resource; endpoint matrix tracked separately),View,DENY (current source policy),HIDDEN,DENY/REDIRECT,Page/layout gate; action and endpoint capabilities require separate rows,Tenant scope required,NOT TESTED,NOT TESTED,NOT TESTED,NOT TESTED,apps/web/src/app/(dashboard)/reports/page.tsx; apps/web/src/lib/operations/nav-config.ts; apps/web/src/lib/protected-route.ts,
cx,Settings & Profile,/settings,N/A (page resource; endpoint matrix tracked separately),View,ALLOW (current source policy),VISIBLE,ALLOW,Page/layout gate; action and endpoint capabilities require separate rows,Tenant scope required,NOT TESTED,NOT TESTED,NOT TESTED,NOT TESTED,apps/web/src/app/(dashboard)/settings/page.tsx; apps/web/src/lib/operations/nav-config.ts; apps/web/src/lib/protected-route.ts,
cx,Construction Cadence,/tasks,N/A (page resource; endpoint matrix tracked separately),View,ALLOW (current source policy),VISIBLE,ALLOW,Page/layout gate; action and endpoint capabilities require separate rows,Tenant scope required,NOT TESTED,NOT TESTED,NOT TESTED,NOT TESTED,apps/web/src/app/(dashboard)/tasks/page.tsx; apps/web/src/lib/operations/nav-config.ts; apps/web/src/lib/protected-route.ts,
cx,Warranty & CX,/warranty,N/A (page resource; endpoint matrix tracked separately),View,ALLOW (current source policy),VISIBLE,ALLOW,Page/layout gate; action and endpoint capabilities require separate rows,Tenant scope required,NOT TESTED,NOT TESTED,NOT TESTED,NOT TESTED,apps/web/src/app/(dashboard)/warranty/page.tsx; apps/web/src/lib/operations/nav-config.ts; apps/web/src/lib/protected-route.ts,
cx,Warranty & CX,/warranty/[id],N/A (page resource; endpoint matrix tracked separately),View,ALLOW (current source policy),PARENT VISIBLE,ALLOW,Page/layout gate; action and endpoint capabilities require separate rows,Tenant scope required,NOT TESTED,NOT TESTED,NOT TESTED,NOT TESTED,apps/web/src/app/(dashboard)/warranty/[id]/page.tsx; apps/web/src/lib/operations/nav-config.ts; apps/web/src/lib/protected-route.ts,
cx,Warranty & CX,/warranty/cnps,N/A (page resource; endpoint matrix tracked separately),View,ALLOW (current source policy),VISIBLE,ALLOW,Page/layout gate; action and endpoint capabilities require separate rows,Tenant scope required,NOT TESTED,NOT TESTED,NOT TESTED,NOT TESTED,apps/web/src/app/(dashboard)/warranty/cnps/page.tsx; apps/web/src/lib/operations/nav-config.ts; apps/web/src/lib/protected-route.ts,
cx,Construction Cadence,/weekly-report/[id],N/A (page resource; endpoint matrix tracked separately),View,ALLOW (current source policy),NO CONFIGURED NAV ITEM,ALLOW BY CATCH-ALL; PAGE GATE VARIES,Page/layout gate; action and endpoint capabilities require separate rows,Tenant scope required,NOT TESTED,NOT TESTED,NOT TESTED,PARTIAL,apps/web/src/app/(print)/weekly-report/[id]/page.tsx; apps/web/src/lib/operations/nav-config.ts; apps/web/src/lib/protected-route.ts,
viewer,Admin & Reports,/admin,N/A (page resource; endpoint matrix tracked separately),View,DENY (current source policy),HIDDEN,DENY/REDIRECT,Page/layout gate; action and endpoint capabilities require separate rows,Tenant scope required,NOT TESTED,NOT TESTED,NOT TESTED,NEEDS DECISION,apps/web/src/app/(dashboard)/admin/page.tsx; apps/web/src/lib/operations/nav-config.ts; apps/web/src/lib/protected-route.ts,Request says viewer sees everything read-only; current sensitive-read policy is narrower
viewer,Admin & Reports,/admin/data-quality,N/A (page resource; endpoint matrix tracked separately),View,DENY (current source policy),PARENT HIDDEN,DENY/REDIRECT,Page/layout gate; action and endpoint capabilities require separate rows,Tenant scope required,NOT TESTED,NOT TESTED,NOT TESTED,NEEDS DECISION,apps/web/src/app/(dashboard)/admin/data-quality/page.tsx; apps/web/src/lib/operations/nav-config.ts; apps/web/src/lib/protected-route.ts,Request says viewer sees everything read-only; current sensitive-read policy is narrower
viewer,Admin & Reports,/admin/mapping-config,N/A (page resource; endpoint matrix tracked separately),View,DENY (current source policy),PARENT HIDDEN,DENY/REDIRECT,Page/layout gate; action and endpoint capabilities require separate rows,Tenant scope required,NOT TESTED,NOT TESTED,NOT TESTED,NEEDS DECISION,apps/web/src/app/(dashboard)/admin/mapping-config/page.tsx; apps/web/src/lib/operations/nav-config.ts; apps/web/src/lib/protected-route.ts,Request says viewer sees everything read-only; current sensitive-read policy is narrower
viewer,Admin & Reports,/admin/material-items,N/A (page resource; endpoint matrix tracked separately),View,DENY (current source policy),PARENT HIDDEN,DENY/REDIRECT,Page/layout gate; action and endpoint capabilities require separate rows,Tenant scope required,NOT TESTED,NOT TESTED,NOT TESTED,NEEDS DECISION,apps/web/src/app/(dashboard)/admin/material-items/page.tsx; apps/web/src/lib/operations/nav-config.ts; apps/web/src/lib/protected-route.ts,Request says viewer sees everything read-only; current sensitive-read policy is narrower
viewer,Admin & Reports,/admin/rate-cards,N/A (page resource; endpoint matrix tracked separately),View,DENY (current source policy),PARENT HIDDEN,DENY/REDIRECT,Page/layout gate; action and endpoint capabilities require separate rows,Tenant scope required,NOT TESTED,NOT TESTED,NOT TESTED,NEEDS DECISION,apps/web/src/app/(dashboard)/admin/rate-cards/page.tsx; apps/web/src/lib/operations/nav-config.ts; apps/web/src/lib/protected-route.ts,Request says viewer sees everything read-only; current sensitive-read policy is narrower
viewer,Admin & Reports,/admin/users,N/A (page resource; endpoint matrix tracked separately),View,DENY (current source policy),PARENT HIDDEN,DENY/REDIRECT,Page/layout gate; action and endpoint capabilities require separate rows,Tenant scope required,NOT TESTED,NOT TESTED,NOT TESTED,NEEDS DECISION,apps/web/src/app/(dashboard)/admin/users/page.tsx; apps/web/src/lib/operations/nav-config.ts; apps/web/src/lib/protected-route.ts,Request says viewer sees everything read-only; current sensitive-read policy is narrower
viewer,Admin & Reports,/admin/users/[id],N/A (page resource; endpoint matrix tracked separately),View,DENY (current source policy),PARENT HIDDEN,DENY/REDIRECT,Page/layout gate; action and endpoint capabilities require separate rows,Tenant scope required,NOT TESTED,NOT TESTED,NOT TESTED,NEEDS DECISION,apps/web/src/app/(dashboard)/admin/users/[id]/page.tsx; apps/web/src/lib/operations/nav-config.ts; apps/web/src/lib/protected-route.ts,Request says viewer sees everything read-only; current sensitive-read policy is narrower
viewer,Admin & Reports,/admin/users/new,N/A (page resource; endpoint matrix tracked separately),View,DENY (current source policy),PARENT HIDDEN,DENY/REDIRECT,Page/layout gate; action and endpoint capabilities require separate rows,Tenant scope required,NOT TESTED,NOT TESTED,NOT TESTED,NEEDS DECISION,apps/web/src/app/(dashboard)/admin/users/new/page.tsx; apps/web/src/lib/operations/nav-config.ts; apps/web/src/lib/protected-route.ts,Request says viewer sees everything read-only; current sensitive-read policy is narrower
viewer,Assets,/assets,N/A (page resource; endpoint matrix tracked separately),View,ALLOW (current source policy),HIDDEN BY CONTROLLED-ROLLOUT FLAG,ALLOW,Page/layout gate; action and endpoint capabilities require separate rows,Tenant scope required,NOT TESTED,NOT TESTED,NOT TESTED,NOT TESTED,apps/web/src/app/(dashboard)/assets/page.tsx; apps/web/src/lib/operations/nav-config.ts; apps/web/src/lib/protected-route.ts,
viewer,Assets,/assets/[assetId],N/A (page resource; endpoint matrix tracked separately),View,ALLOW (current source policy),HIDDEN BY CONTROLLED-ROLLOUT FLAG,ALLOW,Page/layout gate; action and endpoint capabilities require separate rows,Tenant scope required,NOT TESTED,NOT TESTED,NOT TESTED,NOT TESTED,apps/web/src/app/(dashboard)/assets/[assetId]/page.tsx; apps/web/src/lib/operations/nav-config.ts; apps/web/src/lib/protected-route.ts,
viewer,BOM Engine,/bom,N/A (page resource; endpoint matrix tracked separately),View,ALLOW (current source policy),VISIBLE,ALLOW,Page/layout gate; action and endpoint capabilities require separate rows,Tenant scope required,NOT TESTED,NOT TESTED,NOT TESTED,NOT TESTED,apps/web/src/app/(dashboard)/bom/page.tsx; apps/web/src/lib/operations/nav-config.ts; apps/web/src/lib/protected-route.ts,
viewer,Finance & Billing,/claims,N/A (page resource; endpoint matrix tracked separately),View,DENY (current source policy),HIDDEN,DENY/REDIRECT,Page/layout gate; action and endpoint capabilities require separate rows,Tenant scope required,NOT TESTED,NOT TESTED,NOT TESTED,NEEDS DECISION,apps/web/src/app/(dashboard)/claims/page.tsx; apps/web/src/lib/operations/nav-config.ts; apps/web/src/lib/protected-route.ts,Request says viewer sees everything read-only; current sensitive-read policy is narrower
viewer,Finance & Billing,/claims/[id],N/A (page resource; endpoint matrix tracked separately),View,DENY (current source policy),PARENT HIDDEN,DENY/REDIRECT,Page/layout gate; action and endpoint capabilities require separate rows,Tenant scope required,NOT TESTED,NOT TESTED,NOT TESTED,NEEDS DECISION,apps/web/src/app/(dashboard)/claims/[id]/page.tsx; apps/web/src/lib/operations/nav-config.ts; apps/web/src/lib/protected-route.ts,Request says viewer sees everything read-only; current sensitive-read policy is narrower
viewer,Finance & Billing,/claims/new,N/A (page resource; endpoint matrix tracked separately),View,DENY (current source policy),PARENT HIDDEN,DENY/REDIRECT,Page/layout gate; action and endpoint capabilities require separate rows,Tenant scope required,NOT TESTED,NOT TESTED,NOT TESTED,NEEDS DECISION,apps/web/src/app/(dashboard)/claims/new/page.tsx; apps/web/src/lib/operations/nav-config.ts; apps/web/src/lib/protected-route.ts,Request says viewer sees everything read-only; current sensitive-read policy is narrower
viewer,Cortex,/cortex,N/A (page resource; endpoint matrix tracked separately),View,ALLOW (current source policy),VISIBLE,ALLOW,Page/layout gate; action and endpoint capabilities require separate rows,Tenant scope required,NOT TESTED,NOT TESTED,NOT TESTED,NOT TESTED,apps/web/src/app/(dashboard)/cortex/page.tsx; apps/web/src/lib/operations/nav-config.ts; apps/web/src/lib/protected-route.ts,
viewer,CRM & Proposal,/crm,N/A (page resource; endpoint matrix tracked separately),View,ALLOW (current source policy),NO CONFIGURED NAV ITEM,ALLOW BY CATCH-ALL; PAGE GATE VARIES,Page/layout gate; action and endpoint capabilities require separate rows,Tenant scope required,NOT TESTED,NOT TESTED,NOT TESTED,PARTIAL,apps/web/src/app/(dashboard)/crm/page.tsx; apps/web/src/lib/operations/nav-config.ts; apps/web/src/lib/protected-route.ts,
viewer,CRM & Proposal,/crm/accounts,N/A (page resource; endpoint matrix tracked separately),View,ALLOW (current source policy),VISIBLE,ALLOW,Page/layout gate; action and endpoint capabilities require separate rows,Tenant scope required,NOT TESTED,NOT TESTED,NOT TESTED,NOT TESTED,apps/web/src/app/(dashboard)/crm/accounts/page.tsx; apps/web/src/lib/operations/nav-config.ts; apps/web/src/lib/protected-route.ts,
viewer,CRM & Proposal,/crm/accounts/[id],N/A (page resource; endpoint matrix tracked separately),View,ALLOW (current source policy),PARENT VISIBLE,ALLOW,Page/layout gate; action and endpoint capabilities require separate rows,Tenant scope required,NOT TESTED,NOT TESTED,NOT TESTED,NOT TESTED,apps/web/src/app/(dashboard)/crm/accounts/[id]/page.tsx; apps/web/src/lib/operations/nav-config.ts; apps/web/src/lib/protected-route.ts,
viewer,CRM & Proposal,/crm/accounts/new,N/A (page resource; endpoint matrix tracked separately),View,ALLOW (current source policy),PARENT VISIBLE,ALLOW,Page/layout gate; action and endpoint capabilities require separate rows,Tenant scope required,NOT TESTED,NOT TESTED,NOT TESTED,NOT TESTED,apps/web/src/app/(dashboard)/crm/accounts/new/page.tsx; apps/web/src/lib/operations/nav-config.ts; apps/web/src/lib/protected-route.ts,
viewer,CRM & Proposal,/crm/kyc-queue,N/A (page resource; endpoint matrix tracked separately),View,DENY (current source policy),HIDDEN,DENY/REDIRECT,Page/layout gate; action and endpoint capabilities require separate rows,Tenant scope required,NOT TESTED,NOT TESTED,NOT TESTED,NEEDS DECISION,apps/web/src/app/(dashboard)/crm/kyc-queue/page.tsx; apps/web/src/lib/operations/nav-config.ts; apps/web/src/lib/protected-route.ts,Request says viewer sees everything read-only; current sensitive-read policy is narrower
viewer,CRM & Proposal,/crm/opportunities,N/A (page resource; endpoint matrix tracked separately),View,ALLOW (current source policy),NO CONFIGURED NAV ITEM,ALLOW BY CATCH-ALL; PAGE GATE VARIES,Page/layout gate; action and endpoint capabilities require separate rows,Tenant scope required,NOT TESTED,NOT TESTED,NOT TESTED,PARTIAL,apps/web/src/app/(dashboard)/crm/opportunities/page.tsx; apps/web/src/lib/operations/nav-config.ts; apps/web/src/lib/protected-route.ts,
viewer,CRM & Proposal,/crm/opportunities/[id],N/A (page resource; endpoint matrix tracked separately),View,ALLOW (current source policy),NO CONFIGURED NAV ITEM,ALLOW BY CATCH-ALL; PAGE GATE VARIES,Page/layout gate; action and endpoint capabilities require separate rows,Tenant scope required,NOT TESTED,NOT TESTED,NOT TESTED,PARTIAL,apps/web/src/app/(dashboard)/crm/opportunities/[id]/page.tsx; apps/web/src/lib/operations/nav-config.ts; apps/web/src/lib/protected-route.ts,
viewer,CRM & Proposal,/crm/opportunities/[id]/proposal,N/A (page resource; endpoint matrix tracked separately),View,ALLOW (current source policy),NO CONFIGURED NAV ITEM,ALLOW BY CATCH-ALL; PAGE GATE VARIES,Page/layout gate; action and endpoint capabilities require separate rows,Tenant scope required,NOT TESTED,NOT TESTED,NOT TESTED,PARTIAL,apps/web/src/app/(dashboard)/crm/opportunities/[id]/proposal/page.tsx; apps/web/src/lib/operations/nav-config.ts; apps/web/src/lib/protected-route.ts,
viewer,CRM & Proposal,/crm/opportunities/[id]/proposal/change-requests,N/A (page resource; endpoint matrix tracked separately),View,ALLOW (current source policy),NO CONFIGURED NAV ITEM,ALLOW BY CATCH-ALL; PAGE GATE VARIES,Page/layout gate; action and endpoint capabilities require separate rows,Tenant scope required,NOT TESTED,NOT TESTED,NOT TESTED,PARTIAL,apps/web/src/app/(dashboard)/crm/opportunities/[id]/proposal/change-requests/page.tsx; apps/web/src/lib/operations/nav-config.ts; apps/web/src/lib/protected-route.ts,
viewer,CRM & Proposal,/crm/opportunities/[id]/proposal/design,N/A (page resource; endpoint matrix tracked separately),View,ALLOW (current source policy),NO CONFIGURED NAV ITEM,ALLOW BY CATCH-ALL; PAGE GATE VARIES,Page/layout gate; action and endpoint capabilities require separate rows,Tenant scope required,NOT TESTED,NOT TESTED,NOT TESTED,PARTIAL,apps/web/src/app/(dashboard)/crm/opportunities/[id]/proposal/design/page.tsx; apps/web/src/lib/operations/nav-config.ts; apps/web/src/lib/protected-route.ts,
viewer,CRM & Proposal,/crm/opportunities/[id]/proposal/inspection,N/A (page resource; endpoint matrix tracked separately),View,ALLOW (current source policy),NO CONFIGURED NAV ITEM,ALLOW BY CATCH-ALL; PAGE GATE VARIES,Page/layout gate; action and endpoint capabilities require separate rows,Tenant scope required,NOT TESTED,NOT TESTED,NOT TESTED,PARTIAL,apps/web/src/app/(dashboard)/crm/opportunities/[id]/proposal/inspection/page.tsx; apps/web/src/lib/operations/nav-config.ts; apps/web/src/lib/protected-route.ts,
viewer,CRM & Proposal,/crm/opportunities/[id]/proposal/pprf,N/A (page resource; endpoint matrix tracked separately),View,ALLOW (current source policy),NO CONFIGURED NAV ITEM,ALLOW BY CATCH-ALL; PAGE GATE VARIES,Page/layout gate; action and endpoint capabilities require separate rows,Tenant scope required,NOT TESTED,NOT TESTED,NOT TESTED,PARTIAL,apps/web/src/app/(dashboard)/crm/opportunities/[id]/proposal/pprf/page.tsx; apps/web/src/lib/operations/nav-config.ts; apps/web/src/lib/protected-route.ts,
viewer,CRM & Proposal,/crm/opportunities/new/pprf,N/A (page resource; endpoint matrix tracked separately),View,ALLOW (current source policy),NO CONFIGURED NAV ITEM,ALLOW BY CATCH-ALL; PAGE GATE VARIES,Page/layout gate; action and endpoint capabilities require separate rows,Tenant scope required,NOT TESTED,NOT TESTED,NOT TESTED,PARTIAL,apps/web/src/app/(dashboard)/crm/opportunities/new/pprf/page.tsx; apps/web/src/lib/operations/nav-config.ts; apps/web/src/lib/protected-route.ts,
viewer,Dashboard,/dashboard,N/A (page resource; endpoint matrix tracked separately),View,ALLOW (current source policy),VISIBLE,ALLOW,Page/layout gate; action and endpoint capabilities require separate rows,Tenant scope required,NOT TESTED,PASSED - real Supabase login and render,NOT TESTED,PARTIAL,apps/web/src/app/(dashboard)/dashboard/page.tsx; isolated Chromium role matrix 2026-09-02,Full route-state and action coverage remains
viewer,Documents,/documents,N/A (page resource; endpoint matrix tracked separately),View,ALLOW (current source policy),VISIBLE,ALLOW,Page/layout gate; action and endpoint capabilities require separate rows,Tenant scope required,NOT TESTED,NOT TESTED,NOT TESTED,NOT TESTED,apps/web/src/app/(dashboard)/documents/page.tsx; apps/web/src/lib/operations/nav-config.ts; apps/web/src/lib/protected-route.ts,
viewer,Finance,/finance,N/A (page resource; endpoint matrix tracked separately),View,DENY (current source policy),HIDDEN,DENY/REDIRECT,Page/layout gate; action and endpoint capabilities require separate rows,Tenant scope required,NOT TESTED,NOT TESTED,NOT TESTED,NEEDS DECISION,apps/web/src/app/(dashboard)/finance/page.tsx; apps/web/src/lib/operations/nav-config.ts; apps/web/src/lib/protected-route.ts,Request says viewer sees everything read-only; current sensitive-read policy is narrower
viewer,Finance,/finance/cash,N/A (page resource; endpoint matrix tracked separately),View,DENY (current source policy),HIDDEN,DENY/REDIRECT,Page/layout gate; action and endpoint capabilities require separate rows,Tenant scope required,NOT TESTED,NOT TESTED,NOT TESTED,NEEDS DECISION,apps/web/src/app/(dashboard)/finance/cash/page.tsx; apps/web/src/lib/operations/nav-config.ts; apps/web/src/lib/protected-route.ts,Request says viewer sees everything read-only; current sensitive-read policy is narrower
viewer,Finance,/finance/cash/[id],N/A (page resource; endpoint matrix tracked separately),View,DENY (current source policy),PARENT HIDDEN,DENY/REDIRECT,Page/layout gate; action and endpoint capabilities require separate rows,Tenant scope required,NOT TESTED,NOT TESTED,NOT TESTED,NEEDS DECISION,apps/web/src/app/(dashboard)/finance/cash/[id]/page.tsx; apps/web/src/lib/operations/nav-config.ts; apps/web/src/lib/protected-route.ts,Request says viewer sees everything read-only; current sensitive-read policy is narrower
viewer,Finance,/finance/cash/new,N/A (page resource; endpoint matrix tracked separately),View,DENY (current source policy),PARENT HIDDEN,DENY/REDIRECT,Page/layout gate; action and endpoint capabilities require separate rows,Tenant scope required,NOT TESTED,NOT TESTED,NOT TESTED,NEEDS DECISION,apps/web/src/app/(dashboard)/finance/cash/new/page.tsx; apps/web/src/lib/operations/nav-config.ts; apps/web/src/lib/protected-route.ts,Request says viewer sees everything read-only; current sensitive-read policy is narrower
viewer,Finance,/finance/journals/[id],N/A (page resource; endpoint matrix tracked separately),View,DENY (current source policy),PARENT HIDDEN,DENY/REDIRECT,Page/layout gate; action and endpoint capabilities require separate rows,Tenant scope required,NOT TESTED,NOT TESTED,NOT TESTED,NEEDS DECISION,apps/web/src/app/(dashboard)/finance/journals/[id]/page.tsx; apps/web/src/lib/operations/nav-config.ts; apps/web/src/lib/protected-route.ts,Request says viewer sees everything read-only; current sensitive-read policy is narrower
viewer,Finance,/finance/journals/new,N/A (page resource; endpoint matrix tracked separately),View,DENY (current source policy),PARENT HIDDEN,DENY/REDIRECT,Page/layout gate; action and endpoint capabilities require separate rows,Tenant scope required,NOT TESTED,NOT TESTED,NOT TESTED,NEEDS DECISION,apps/web/src/app/(dashboard)/finance/journals/new/page.tsx; apps/web/src/lib/operations/nav-config.ts; apps/web/src/lib/protected-route.ts,Request says viewer sees everything read-only; current sensitive-read policy is narrower
viewer,Finance,/finance/ledger,N/A (page resource; endpoint matrix tracked separately),View,DENY (current source policy),PARENT HIDDEN,DENY/REDIRECT,Page/layout gate; action and endpoint capabilities require separate rows,Tenant scope required,NOT TESTED,NOT TESTED,NOT TESTED,NEEDS DECISION,apps/web/src/app/(dashboard)/finance/ledger/page.tsx; apps/web/src/lib/operations/nav-config.ts; apps/web/src/lib/protected-route.ts,Request says viewer sees everything read-only; current sensitive-read policy is narrower
viewer,Finance,/finance/payables,N/A (page resource; endpoint matrix tracked separately),View,DENY (current source policy),HIDDEN,DENY/REDIRECT,Page/layout gate; action and endpoint capabilities require separate rows,Tenant scope required,NOT TESTED,NOT TESTED,NOT TESTED,NEEDS DECISION,apps/web/src/app/(dashboard)/finance/payables/page.tsx; apps/web/src/lib/operations/nav-config.ts; apps/web/src/lib/protected-route.ts,Request says viewer sees everything read-only; current sensitive-read policy is narrower
viewer,Finance,/finance/payables/[id],N/A (page resource; endpoint matrix tracked separately),View,DENY (current source policy),PARENT HIDDEN,DENY/REDIRECT,Page/layout gate; action and endpoint capabilities require separate rows,Tenant scope required,NOT TESTED,NOT TESTED,NOT TESTED,NEEDS DECISION,apps/web/src/app/(dashboard)/finance/payables/[id]/page.tsx; apps/web/src/lib/operations/nav-config.ts; apps/web/src/lib/protected-route.ts,Request says viewer sees everything read-only; current sensitive-read policy is narrower
viewer,Finance,/finance/payables/[id]/edit,N/A (page resource; endpoint matrix tracked separately),View,DENY (current source policy),PARENT HIDDEN,DENY/REDIRECT,Page/layout gate; action and endpoint capabilities require separate rows,Tenant scope required,NOT TESTED,NOT TESTED,NOT TESTED,NEEDS DECISION,apps/web/src/app/(dashboard)/finance/payables/[id]/edit/page.tsx; apps/web/src/lib/operations/nav-config.ts; apps/web/src/lib/protected-route.ts,Request says viewer sees everything read-only; current sensitive-read policy is narrower
viewer,Finance,/finance/payables/new,N/A (page resource; endpoint matrix tracked separately),View,DENY (current source policy),PARENT HIDDEN,DENY/REDIRECT,Page/layout gate; action and endpoint capabilities require separate rows,Tenant scope required,NOT TESTED,NOT TESTED,NOT TESTED,NEEDS DECISION,apps/web/src/app/(dashboard)/finance/payables/new/page.tsx; apps/web/src/lib/operations/nav-config.ts; apps/web/src/lib/protected-route.ts,Request says viewer sees everything read-only; current sensitive-read policy is narrower
viewer,Finance,/finance/receivables,N/A (page resource; endpoint matrix tracked separately),View,DENY (current source policy),HIDDEN,DENY/REDIRECT,Page/layout gate; action and endpoint capabilities require separate rows,Tenant scope required,NOT TESTED,NOT TESTED,NOT TESTED,NEEDS DECISION,apps/web/src/app/(dashboard)/finance/receivables/page.tsx; apps/web/src/lib/operations/nav-config.ts; apps/web/src/lib/protected-route.ts,Request says viewer sees everything read-only; current sensitive-read policy is narrower
viewer,Finance,/finance/reconciliation,N/A (page resource; endpoint matrix tracked separately),View,DENY (current source policy),HIDDEN,DENY/REDIRECT,Page/layout gate; action and endpoint capabilities require separate rows,Tenant scope required,NOT TESTED,NOT TESTED,NOT TESTED,NEEDS DECISION,apps/web/src/app/(dashboard)/finance/reconciliation/page.tsx; apps/web/src/lib/operations/nav-config.ts; apps/web/src/lib/protected-route.ts,Request says viewer sees everything read-only; current sensitive-read policy is narrower
viewer,Finance,/finance/reconciliation/[id],N/A (page resource; endpoint matrix tracked separately),View,DENY (current source policy),PARENT HIDDEN,DENY/REDIRECT,Page/layout gate; action and endpoint capabilities require separate rows,Tenant scope required,NOT TESTED,NOT TESTED,NOT TESTED,NEEDS DECISION,apps/web/src/app/(dashboard)/finance/reconciliation/[id]/page.tsx; apps/web/src/lib/operations/nav-config.ts; apps/web/src/lib/protected-route.ts,Request says viewer sees everything read-only; current sensitive-read policy is narrower
viewer,Finance,/finance/reconciliation/new,N/A (page resource; endpoint matrix tracked separately),View,DENY (current source policy),PARENT HIDDEN,DENY/REDIRECT,Page/layout gate; action and endpoint capabilities require separate rows,Tenant scope required,NOT TESTED,NOT TESTED,NOT TESTED,NEEDS DECISION,apps/web/src/app/(dashboard)/finance/reconciliation/new/page.tsx; apps/web/src/lib/operations/nav-config.ts; apps/web/src/lib/protected-route.ts,Request says viewer sees everything read-only; current sensitive-read policy is narrower
viewer,Proposal Print,/inspection/[id],N/A (page resource; endpoint matrix tracked separately),View,ALLOW (current source policy),NO CONFIGURED NAV ITEM,ALLOW BY CATCH-ALL; PAGE GATE VARIES,Page/layout gate; action and endpoint capabilities require separate rows,Tenant scope required,NOT TESTED,NOT TESTED,NOT TESTED,PARTIAL,apps/web/src/app/(print)/inspection/[id]/page.tsx; apps/web/src/lib/operations/nav-config.ts; apps/web/src/lib/protected-route.ts,
viewer,Inventory,/inventory,N/A (page resource; endpoint matrix tracked separately),View,ALLOW (current source policy),VISIBLE,ALLOW,Page/layout gate; action and endpoint capabilities require separate rows,Tenant scope required,NOT TESTED,NOT TESTED,NOT TESTED,NOT TESTED,apps/web/src/app/(dashboard)/inventory/page.tsx; apps/web/src/lib/operations/nav-config.ts; apps/web/src/lib/protected-route.ts,
viewer,Inventory,/inventory/movements,N/A (page resource; endpoint matrix tracked separately),View,ALLOW (current source policy),PARENT VISIBLE,ALLOW,Page/layout gate; action and endpoint capabilities require separate rows,Tenant scope required,NOT TESTED,NOT TESTED,NOT TESTED,NOT TESTED,apps/web/src/app/(dashboard)/inventory/movements/page.tsx; apps/web/src/lib/operations/nav-config.ts; apps/web/src/lib/protected-route.ts,
viewer,Inventory,/inventory/movements/[id],N/A (page resource; endpoint matrix tracked separately),View,ALLOW (current source policy),PARENT VISIBLE,ALLOW,Page/layout gate; action and endpoint capabilities require separate rows,Tenant scope required,NOT TESTED,NOT TESTED,NOT TESTED,NOT TESTED,apps/web/src/app/(dashboard)/inventory/movements/[id]/page.tsx; apps/web/src/lib/operations/nav-config.ts; apps/web/src/lib/protected-route.ts,
viewer,Inventory,/inventory/movements/new,N/A (page resource; endpoint matrix tracked separately),View,ALLOW (current source policy),PARENT VISIBLE,ALLOW,Page/layout gate; action and endpoint capabilities require separate rows,Tenant scope required,NOT TESTED,NOT TESTED,NOT TESTED,NOT TESTED,apps/web/src/app/(dashboard)/inventory/movements/new/page.tsx; apps/web/src/lib/operations/nav-config.ts; apps/web/src/lib/protected-route.ts,
viewer,Inventory,/inventory/receipts,N/A (page resource; endpoint matrix tracked separately),View,ALLOW (current source policy),PARENT VISIBLE,ALLOW,Page/layout gate; action and endpoint capabilities require separate rows,Tenant scope required,NOT TESTED,NOT TESTED,NOT TESTED,NOT TESTED,apps/web/src/app/(dashboard)/inventory/receipts/page.tsx; apps/web/src/lib/operations/nav-config.ts; apps/web/src/lib/protected-route.ts,
viewer,Inventory,/inventory/receipts/[id],N/A (page resource; endpoint matrix tracked separately),View,ALLOW (current source policy),PARENT VISIBLE,ALLOW,Page/layout gate; action and endpoint capabilities require separate rows,Tenant scope required,NOT TESTED,NOT TESTED,NOT TESTED,NOT TESTED,apps/web/src/app/(dashboard)/inventory/receipts/[id]/page.tsx; apps/web/src/lib/operations/nav-config.ts; apps/web/src/lib/protected-route.ts,
viewer,Inventory,/inventory/receipts/new,N/A (page resource; endpoint matrix tracked separately),View,ALLOW (current source policy),PARENT VISIBLE,ALLOW,Page/layout gate; action and endpoint capabilities require separate rows,Tenant scope required,NOT TESTED,NOT TESTED,NOT TESTED,NOT TESTED,apps/web/src/app/(dashboard)/inventory/receipts/new/page.tsx; apps/web/src/lib/operations/nav-config.ts; apps/web/src/lib/protected-route.ts,
viewer,Finance,/invoices,N/A (page resource; endpoint matrix tracked separately),View,DENY (current source policy),HIDDEN,DENY/REDIRECT,Page/layout gate; action and endpoint capabilities require separate rows,Tenant scope required,NOT TESTED,NOT TESTED,NOT TESTED,NEEDS DECISION,apps/web/src/app/(dashboard)/invoices/page.tsx; apps/web/src/lib/operations/nav-config.ts; apps/web/src/lib/protected-route.ts,Request says viewer sees everything read-only; current sensitive-read policy is narrower
viewer,Finance,/invoices/[id],N/A (page resource; endpoint matrix tracked separately),View,DENY (current source policy),PARENT HIDDEN,DENY/REDIRECT,Page/layout gate; action and endpoint capabilities require separate rows,Tenant scope required,NOT TESTED,NOT TESTED,NOT TESTED,NEEDS DECISION,apps/web/src/app/(dashboard)/invoices/[id]/page.tsx; apps/web/src/lib/operations/nav-config.ts; apps/web/src/lib/protected-route.ts,Request says viewer sees everything read-only; current sensitive-read policy is narrower
viewer,Finance,/invoices/[id]/bir2307,N/A (page resource; endpoint matrix tracked separately),View,DENY (current source policy),PARENT HIDDEN,DENY/REDIRECT,Page/layout gate; action and endpoint capabilities require separate rows,Tenant scope required,NOT TESTED,NOT TESTED,NOT TESTED,NEEDS DECISION,apps/web/src/app/(print)/invoices/[id]/bir2307/page.tsx; apps/web/src/lib/operations/nav-config.ts; apps/web/src/lib/protected-route.ts,Request says viewer sees everything read-only; current sensitive-read policy is narrower
viewer,Finance,/invoices/[id]/print,N/A (page resource; endpoint matrix tracked separately),View,DENY (current source policy),PARENT HIDDEN,DENY/REDIRECT,Page/layout gate; action and endpoint capabilities require separate rows,Tenant scope required,NOT TESTED,NOT TESTED,NOT TESTED,NEEDS DECISION,apps/web/src/app/(print)/invoices/[id]/print/page.tsx; apps/web/src/lib/operations/nav-config.ts; apps/web/src/lib/protected-route.ts,Request says viewer sees everything read-only; current sensitive-read policy is narrower
viewer,Pre-Construction,/permits,N/A (page resource; endpoint matrix tracked separately),View,ALLOW (current source policy),VISIBLE,ALLOW,Page/layout gate; action and endpoint capabilities require separate rows,Tenant scope required,NOT TESTED,NOT TESTED,NOT TESTED,NOT TESTED,apps/web/src/app/(dashboard)/permits/page.tsx; apps/web/src/lib/operations/nav-config.ts; apps/web/src/lib/protected-route.ts,
viewer,Pipeline,/pipeline,N/A (page resource; endpoint matrix tracked separately),View,ALLOW (current source policy),NO CONFIGURED NAV ITEM,ALLOW BY CATCH-ALL; PAGE GATE VARIES,Page/layout gate; action and endpoint capabilities require separate rows,Tenant scope required,NOT TESTED,NOT TESTED,NOT TESTED,PARTIAL,apps/web/src/app/(dashboard)/pipeline/page.tsx; apps/web/src/lib/operations/nav-config.ts; apps/web/src/lib/protected-route.ts,
viewer,Pipeline,/pipeline/board,N/A (page resource; endpoint matrix tracked separately),View,ALLOW (current source policy),VISIBLE,ALLOW,Page/layout gate; action and endpoint capabilities require separate rows,Tenant scope required,NOT TESTED,NOT TESTED,NOT TESTED,NOT TESTED,apps/web/src/app/(dashboard)/pipeline/board/page.tsx; apps/web/src/lib/operations/nav-config.ts; apps/web/src/lib/protected-route.ts,
viewer,Pipeline,/pipeline/conversion,N/A (page resource; endpoint matrix tracked separately),View,ALLOW (current source policy),NO CONFIGURED NAV ITEM,ALLOW BY CATCH-ALL; PAGE GATE VARIES,Page/layout gate; action and endpoint capabilities require separate rows,Tenant scope required,NOT TESTED,NOT TESTED,NOT TESTED,PARTIAL,apps/web/src/app/(dashboard)/pipeline/conversion/page.tsx; apps/web/src/lib/operations/nav-config.ts; apps/web/src/lib/protected-route.ts,
viewer,Process & SLA,/process,N/A (page resource; endpoint matrix tracked separately),View,ALLOW (current source policy),VISIBLE,ALLOW,Page/layout gate; action and endpoint capabilities require separate rows,Tenant scope required,NOT TESTED,NOT TESTED,NOT TESTED,NOT TESTED,apps/web/src/app/(dashboard)/process/page.tsx; apps/web/src/lib/operations/nav-config.ts; apps/web/src/lib/protected-route.ts,
viewer,Procurement,/procurement,N/A (page resource; endpoint matrix tracked separately),View,ALLOW (current source policy),NO CONFIGURED NAV ITEM,ALLOW BY CATCH-ALL; PAGE GATE VARIES,Page/layout gate; action and endpoint capabilities require separate rows,Tenant scope required,NOT TESTED,NOT TESTED,NOT TESTED,PARTIAL,apps/web/src/app/(dashboard)/procurement/page.tsx; apps/web/src/lib/operations/nav-config.ts; apps/web/src/lib/protected-route.ts,
viewer,Procurement,/procurement/deliveries,N/A (page resource; endpoint matrix tracked separately),View,ALLOW (current source policy),VISIBLE,ALLOW,Page/layout gate; action and endpoint capabilities require separate rows,Tenant scope required,NOT TESTED,NOT TESTED,NOT TESTED,NOT TESTED,apps/web/src/app/(dashboard)/procurement/deliveries/page.tsx; apps/web/src/lib/operations/nav-config.ts; apps/web/src/lib/protected-route.ts,
viewer,Procurement,/procurement/deliveries/[id],N/A (page resource; endpoint matrix tracked separately),View,ALLOW (current source policy),PARENT VISIBLE,ALLOW,Page/layout gate; action and endpoint capabilities require separate rows,Tenant scope required,NOT TESTED,NOT TESTED,NOT TESTED,NOT TESTED,apps/web/src/app/(dashboard)/procurement/deliveries/[id]/page.tsx; apps/web/src/lib/operations/nav-config.ts; apps/web/src/lib/protected-route.ts,
viewer,Procurement,/procurement/deliveries/new,N/A (page resource; endpoint matrix tracked separately),View,ALLOW (current source policy),PARENT VISIBLE,ALLOW,Page/layout gate; action and endpoint capabilities require separate rows,Tenant scope required,NOT TESTED,NOT TESTED,NOT TESTED,NOT TESTED,apps/web/src/app/(dashboard)/procurement/deliveries/new/page.tsx; apps/web/src/lib/operations/nav-config.ts; apps/web/src/lib/protected-route.ts,
viewer,Procurement,/procurement/rfqs,N/A (page resource; endpoint matrix tracked separately),View,ALLOW (current source policy),VISIBLE,ALLOW,Page/layout gate; action and endpoint capabilities require separate rows,Tenant scope required,NOT TESTED,NOT TESTED,NOT TESTED,NOT TESTED,apps/web/src/app/(dashboard)/procurement/rfqs/page.tsx; apps/web/src/lib/operations/nav-config.ts; apps/web/src/lib/protected-route.ts,
viewer,Procurement,/procurement/rfqs/[id],N/A (page resource; endpoint matrix tracked separately),View,ALLOW (current source policy),PARENT VISIBLE,ALLOW,Page/layout gate; action and endpoint capabilities require separate rows,Tenant scope required,NOT TESTED,NOT TESTED,NOT TESTED,NOT TESTED,apps/web/src/app/(dashboard)/procurement/rfqs/[id]/page.tsx; apps/web/src/lib/operations/nav-config.ts; apps/web/src/lib/protected-route.ts,
viewer,Projects,/projects,N/A (page resource; endpoint matrix tracked separately),View,ALLOW (current source policy),VISIBLE,ALLOW,Page/layout gate; action and endpoint capabilities require separate rows,Tenant scope required,NOT TESTED,NOT TESTED,NOT TESTED,NOT TESTED,apps/web/src/app/(dashboard)/projects/page.tsx; apps/web/src/lib/operations/nav-config.ts; apps/web/src/lib/protected-route.ts,
viewer,Projects,/projects/[id],N/A (page resource; endpoint matrix tracked separately),View,ALLOW (current source policy),PARENT VISIBLE,ALLOW,Page/layout gate; action and endpoint capabilities require separate rows,Tenant scope required,NOT TESTED,NOT TESTED,NOT TESTED,NOT TESTED,apps/web/src/app/(dashboard)/projects/[id]/page.tsx; apps/web/src/lib/operations/nav-config.ts; apps/web/src/lib/protected-route.ts,
viewer,Projects,/projects/[id]/access,N/A (page resource; endpoint matrix tracked separately),View,ALLOW (current source policy),PARENT VISIBLE,ALLOW,Page/layout gate; action and endpoint capabilities require separate rows,Tenant scope required,NOT TESTED,NOT TESTED,NOT TESTED,NOT TESTED,apps/web/src/app/(dashboard)/projects/[id]/access/page.tsx; apps/web/src/lib/operations/nav-config.ts; apps/web/src/lib/protected-route.ts,
viewer,Projects,/projects/[id]/audit,N/A (page resource; endpoint matrix tracked separately),View,ALLOW (audit.read policy),AUDIT TAB VISIBLE,ALLOW,Project detail projection plus audit.read route gate,Tenant and requested project scope,PASSED - all-role projection and route tests,PASSED - direct audit route,NOT RUN,PARTIAL,project-detail-access.test.tsx; project-sensitive-routes.test.tsx; isolated Chromium 2026-09-03,Database-backed budget trigger not exercised in the broader project-detail slice
viewer,Projects,/projects/[id]/billing,N/A (page resource; endpoint matrix tracked separately),View,ALLOW (current source policy),PARENT VISIBLE,ALLOW,Page/layout gate; action and endpoint capabilities require separate rows,Tenant scope required,NOT TESTED,NOT TESTED,NOT TESTED,NOT TESTED,apps/web/src/app/(dashboard)/projects/[id]/billing/page.tsx; apps/web/src/lib/operations/nav-config.ts; apps/web/src/lib/protected-route.ts,
viewer,Projects,/projects/[id]/bom,N/A (page resource; endpoint matrix tracked separately),View,ALLOW (current source policy),PARENT VISIBLE,ALLOW,Page/layout gate; action and endpoint capabilities require separate rows,Tenant scope required,NOT TESTED,NOT TESTED,NOT TESTED,NOT TESTED,apps/web/src/app/(dashboard)/projects/[id]/bom/page.tsx; apps/web/src/lib/operations/nav-config.ts; apps/web/src/lib/protected-route.ts,
viewer,Projects,/projects/[id]/bom/togal,N/A (page resource; endpoint matrix tracked separately),View,ALLOW (current source policy),PARENT VISIBLE,ALLOW,Page/layout gate; action and endpoint capabilities require separate rows,Tenant scope required,NOT TESTED,NOT TESTED,NOT TESTED,NOT TESTED,apps/web/src/app/(dashboard)/projects/[id]/bom/togal/page.tsx; apps/web/src/lib/operations/nav-config.ts; apps/web/src/lib/protected-route.ts,
viewer,Projects,/projects/[id]/checklist,N/A (page resource; endpoint matrix tracked separately),View,ALLOW (current source policy),PARENT VISIBLE,ALLOW,Page/layout gate; action and endpoint capabilities require separate rows,Tenant scope required,NOT TESTED,NOT TESTED,NOT TESTED,NOT TESTED,apps/web/src/app/(dashboard)/projects/[id]/checklist/page.tsx; apps/web/src/lib/operations/nav-config.ts; apps/web/src/lib/protected-route.ts,
viewer,Projects,/projects/[id]/coc,N/A (page resource; endpoint matrix tracked separately),View,ALLOW (current source policy),PARENT VISIBLE,ALLOW,Page/layout gate; action and endpoint capabilities require separate rows,Tenant scope required,NOT TESTED,NOT TESTED,NOT TESTED,NOT TESTED,apps/web/src/app/(dashboard)/projects/[id]/coc/page.tsx; apps/web/src/lib/operations/nav-config.ts; apps/web/src/lib/protected-route.ts,
viewer,Projects,/projects/[id]/comments,N/A (page resource; endpoint matrix tracked separately),View,ALLOW (current source policy),PARENT VISIBLE,ALLOW,Page/layout gate; action and endpoint capabilities require separate rows,Tenant scope required,NOT TESTED,NOT TESTED,NOT TESTED,NOT TESTED,apps/web/src/app/(dashboard)/projects/[id]/comments/page.tsx; apps/web/src/lib/operations/nav-config.ts; apps/web/src/lib/protected-route.ts,
viewer,Projects,/projects/[id]/cost,N/A (page resource; endpoint matrix tracked separately),View,ALLOW (current source policy),PARENT VISIBLE,ALLOW,Page/layout gate; action and endpoint capabilities require separate rows,Tenant scope required,NOT TESTED,NOT TESTED,NOT TESTED,NOT TESTED,apps/web/src/app/(dashboard)/projects/[id]/cost/page.tsx; apps/web/src/lib/operations/nav-config.ts; apps/web/src/lib/protected-route.ts,
viewer,Projects,/projects/[id]/cost/budget,N/A (page resource; endpoint matrix tracked separately),View,ALLOW (current source policy),PARENT VISIBLE,ALLOW,Page/layout gate; action and endpoint capabilities require separate rows,Tenant scope required,NOT TESTED,NOT TESTED,NOT TESTED,NOT TESTED,apps/web/src/app/(dashboard)/projects/[id]/cost/budget/page.tsx; apps/web/src/lib/operations/nav-config.ts; apps/web/src/lib/protected-route.ts,
viewer,Projects,/projects/[id]/documents,N/A (page resource; endpoint matrix tracked separately),View,ALLOW (current source policy),PARENT VISIBLE,ALLOW,Page/layout gate; action and endpoint capabilities require separate rows,Tenant scope required,NOT TESTED,NOT TESTED,NOT TESTED,NOT TESTED,apps/web/src/app/(dashboard)/projects/[id]/documents/page.tsx; apps/web/src/lib/operations/nav-config.ts; apps/web/src/lib/protected-route.ts,
viewer,Projects,/projects/[id]/permits,N/A (page resource; endpoint matrix tracked separately),View,ALLOW (current source policy),PARENT VISIBLE,ALLOW,Page/layout gate; action and endpoint capabilities require separate rows,Tenant scope required,NOT TESTED,NOT TESTED,NOT TESTED,NOT TESTED,apps/web/src/app/(dashboard)/projects/[id]/permits/page.tsx; apps/web/src/lib/operations/nav-config.ts; apps/web/src/lib/protected-route.ts,
viewer,Projects,/projects/[id]/progress,N/A (page resource; endpoint matrix tracked separately),View,ALLOW (current source policy),PARENT VISIBLE,ALLOW,Page/layout gate; action and endpoint capabilities require separate rows,Tenant scope required,NOT TESTED,NOT TESTED,NOT TESTED,NOT TESTED,apps/web/src/app/(dashboard)/projects/[id]/progress/page.tsx; apps/web/src/lib/operations/nav-config.ts; apps/web/src/lib/protected-route.ts,
viewer,Projects,/projects/[id]/reports,N/A (page resource; endpoint matrix tracked separately),View,ALLOW (current source policy),PARENT VISIBLE,ALLOW,Page/layout gate; action and endpoint capabilities require separate rows,Tenant scope required,NOT TESTED,NOT TESTED,NOT TESTED,NOT TESTED,apps/web/src/app/(dashboard)/projects/[id]/reports/page.tsx; apps/web/src/lib/operations/nav-config.ts; apps/web/src/lib/protected-route.ts,
viewer,Projects,/projects/[id]/scope,N/A (page resource; endpoint matrix tracked separately),View,ALLOW (current source policy),PARENT VISIBLE,ALLOW,Page/layout gate; action and endpoint capabilities require separate rows,Tenant scope required,NOT TESTED,NOT TESTED,NOT TESTED,NOT TESTED,apps/web/src/app/(dashboard)/projects/[id]/scope/page.tsx; apps/web/src/lib/operations/nav-config.ts; apps/web/src/lib/protected-route.ts,
viewer,Projects,/projects/[id]/turnover,N/A (page resource; endpoint matrix tracked separately),View,ALLOW (current source policy),PARENT VISIBLE,ALLOW,Page/layout gate; action and endpoint capabilities require separate rows,Tenant scope required,NOT TESTED,NOT TESTED,NOT TESTED,NOT TESTED,apps/web/src/app/(dashboard)/projects/[id]/turnover/page.tsx; apps/web/src/lib/operations/nav-config.ts; apps/web/src/lib/protected-route.ts,
viewer,Projects,/projects/[id]/vos,N/A (page resource; endpoint matrix tracked separately),View,ALLOW (current source policy),PARENT VISIBLE,ALLOW,Page/layout gate; action and endpoint capabilities require separate rows,Tenant scope required,NOT TESTED,NOT TESTED,NOT TESTED,NOT TESTED,apps/web/src/app/(dashboard)/projects/[id]/vos/page.tsx; apps/web/src/lib/operations/nav-config.ts; apps/web/src/lib/protected-route.ts,
viewer,Projects,/projects/[id]/vos/[voId],N/A (page resource; endpoint matrix tracked separately),View,ALLOW (current source policy),PARENT VISIBLE,ALLOW,Page/layout gate; action and endpoint capabilities require separate rows,Tenant scope required,NOT TESTED,NOT TESTED,NOT TESTED,NOT TESTED,apps/web/src/app/(dashboard)/projects/[id]/vos/[voId]/page.tsx; apps/web/src/lib/operations/nav-config.ts; apps/web/src/lib/protected-route.ts,
viewer,Projects,/projects/new,N/A (page resource; endpoint matrix tracked separately),View,ALLOW (current source policy),PARENT VISIBLE,ALLOW,Page/layout gate; action and endpoint capabilities require separate rows,Tenant scope required,NOT TESTED,NOT TESTED,NOT TESTED,NOT TESTED,apps/web/src/app/(dashboard)/projects/new/page.tsx; apps/web/src/lib/operations/nav-config.ts; apps/web/src/lib/protected-route.ts,
viewer,Post-Construction,/punchlist,N/A (page resource; endpoint matrix tracked separately),View,ALLOW (current source policy),VISIBLE,ALLOW,Page/layout gate; action and endpoint capabilities require separate rows,Tenant scope required,NOT TESTED,NOT TESTED,NOT TESTED,NOT TESTED,apps/web/src/app/(dashboard)/punchlist/page.tsx; apps/web/src/lib/operations/nav-config.ts; apps/web/src/lib/protected-route.ts,
viewer,Post-Construction,/punchlist/[id],N/A (page resource; endpoint matrix tracked separately),View,ALLOW (current source policy),PARENT VISIBLE,ALLOW,Page/layout gate; action and endpoint capabilities require separate rows,Tenant scope required,NOT TESTED,NOT TESTED,NOT TESTED,NOT TESTED,apps/web/src/app/(dashboard)/punchlist/[id]/page.tsx; apps/web/src/lib/operations/nav-config.ts; apps/web/src/lib/protected-route.ts,
viewer,Post-Construction,/punchlist/new,N/A (page resource; endpoint matrix tracked separately),View,ALLOW (current source policy),PARENT VISIBLE,ALLOW,Page/layout gate; action and endpoint capabilities require separate rows,Tenant scope required,NOT TESTED,NOT TESTED,NOT TESTED,NOT TESTED,apps/web/src/app/(dashboard)/punchlist/new/page.tsx; apps/web/src/lib/operations/nav-config.ts; apps/web/src/lib/protected-route.ts,
viewer,Procurement,/purchase-orders,N/A (page resource; endpoint matrix tracked separately),View,ALLOW (current source policy),VISIBLE,ALLOW,Page/layout gate; action and endpoint capabilities require separate rows,Tenant scope required,NOT TESTED,NOT TESTED,NOT TESTED,NOT TESTED,apps/web/src/app/(dashboard)/purchase-orders/page.tsx; apps/web/src/lib/operations/nav-config.ts; apps/web/src/lib/protected-route.ts,
viewer,Procurement,/purchase-orders/[id],N/A (page resource; endpoint matrix tracked separately),View,ALLOW (current source policy),PARENT VISIBLE,ALLOW,Page/layout gate; action and endpoint capabilities require separate rows,Tenant scope required,NOT TESTED,NOT TESTED,NOT TESTED,NOT TESTED,apps/web/src/app/(dashboard)/purchase-orders/[id]/page.tsx; apps/web/src/lib/operations/nav-config.ts; apps/web/src/lib/protected-route.ts,
viewer,Procurement,/purchase-orders/[id]/print,N/A (page resource; endpoint matrix tracked separately),View,ALLOW (current source policy),PARENT VISIBLE,ALLOW,Page/layout gate; action and endpoint capabilities require separate rows,Tenant scope required,NOT TESTED,NOT TESTED,NOT TESTED,NOT TESTED,apps/web/src/app/(print)/purchase-orders/[id]/print/page.tsx; apps/web/src/lib/operations/nav-config.ts; apps/web/src/lib/protected-route.ts,
viewer,Admin & Reports,/reports,N/A (page resource; endpoint matrix tracked separately),View,DENY (current source policy),HIDDEN,DENY/REDIRECT,Page/layout gate; action and endpoint capabilities require separate rows,Tenant scope required,NOT TESTED,NOT TESTED,NOT TESTED,NEEDS DECISION,apps/web/src/app/(dashboard)/reports/page.tsx; apps/web/src/lib/operations/nav-config.ts; apps/web/src/lib/protected-route.ts,Request says viewer sees everything read-only; current sensitive-read policy is narrower
viewer,Settings & Profile,/settings,N/A (page resource; endpoint matrix tracked separately),View,ALLOW (current source policy),VISIBLE,ALLOW,Page/layout gate; action and endpoint capabilities require separate rows,Tenant scope required,NOT TESTED,NOT TESTED,NOT TESTED,NOT TESTED,apps/web/src/app/(dashboard)/settings/page.tsx; apps/web/src/lib/operations/nav-config.ts; apps/web/src/lib/protected-route.ts,
viewer,Construction Cadence,/tasks,N/A (page resource; endpoint matrix tracked separately),View,ALLOW (current source policy),VISIBLE,ALLOW,Page/layout gate; action and endpoint capabilities require separate rows,Tenant scope required,NOT TESTED,NOT TESTED,NOT TESTED,NOT TESTED,apps/web/src/app/(dashboard)/tasks/page.tsx; apps/web/src/lib/operations/nav-config.ts; apps/web/src/lib/protected-route.ts,
viewer,Warranty & CX,/warranty,N/A (page resource; endpoint matrix tracked separately),View,ALLOW (current source policy),VISIBLE,ALLOW,Page/layout gate; action and endpoint capabilities require separate rows,Tenant scope required,NOT TESTED,NOT TESTED,NOT TESTED,NOT TESTED,apps/web/src/app/(dashboard)/warranty/page.tsx; apps/web/src/lib/operations/nav-config.ts; apps/web/src/lib/protected-route.ts,
viewer,Warranty & CX,/warranty/[id],N/A (page resource; endpoint matrix tracked separately),View,ALLOW (current source policy),PARENT VISIBLE,ALLOW,Page/layout gate; action and endpoint capabilities require separate rows,Tenant scope required,NOT TESTED,NOT TESTED,NOT TESTED,NOT TESTED,apps/web/src/app/(dashboard)/warranty/[id]/page.tsx; apps/web/src/lib/operations/nav-config.ts; apps/web/src/lib/protected-route.ts,
viewer,Warranty & CX,/warranty/cnps,N/A (page resource; endpoint matrix tracked separately),View,ALLOW (current source policy),VISIBLE,ALLOW,Page/layout gate; action and endpoint capabilities require separate rows,Tenant scope required,NOT TESTED,NOT TESTED,NOT TESTED,NOT TESTED,apps/web/src/app/(dashboard)/warranty/cnps/page.tsx; apps/web/src/lib/operations/nav-config.ts; apps/web/src/lib/protected-route.ts,
viewer,Construction Cadence,/weekly-report/[id],N/A (page resource; endpoint matrix tracked separately),View,ALLOW (current source policy),NO CONFIGURED NAV ITEM,ALLOW BY CATCH-ALL; PAGE GATE VARIES,Page/layout gate; action and endpoint capabilities require separate rows,Tenant scope required,NOT TESTED,NOT TESTED,NOT TESTED,PARTIAL,apps/web/src/app/(print)/weekly-report/[id]/page.tsx; apps/web/src/lib/operations/nav-config.ts; apps/web/src/lib/protected-route.ts,
owner,Account settings,/settings/profile,Supabase Auth token and user endpoints,Manage,ALLOW - own account only,VISIBLE FROM SETTINGS,ALLOW,Authenticated reauthentication and same-user update,Own authenticated account,PASSED - unit and E2E contract present,PASSED - fields and action rendered,NOT TESTED,PARTIAL,apps/web/src/app/(dashboard)/settings/profile/page.tsx; apps/web/src/app/(dashboard)/settings/profile/change-password-form.tsx,Live persisted rotation blocked in Docker browser
estimator,Account settings,/settings/profile,Supabase Auth token and user endpoints,Manage,ALLOW - own account only,VISIBLE FROM SETTINGS,ALLOW,Authenticated reauthentication and same-user update,Own authenticated account,PASSED - unit and E2E contract present,BLOCKED,NOT TESTED,BLOCKED,apps/web/src/app/(dashboard)/settings/profile/page.tsx; apps/web/e2e/role-access-production.spec.ts,No supplied or seeded browser identity
pm,Account settings,/settings/profile,Supabase Auth token and user endpoints,Manage,ALLOW - own account only,VISIBLE FROM SETTINGS,ALLOW,Authenticated reauthentication and same-user update,Own authenticated account,PASSED - unit and E2E contract present,BLOCKED,NOT TESTED,BLOCKED,apps/web/src/app/(dashboard)/settings/profile/page.tsx; apps/web/e2e/role-access-production.spec.ts,No supplied or seeded browser identity
admin,Account settings,/settings/profile,Supabase Auth token and user endpoints,Manage,ALLOW - own account only,VISIBLE FROM SETTINGS,ALLOW,Authenticated reauthentication and same-user update,Own authenticated account,PASSED - unit and E2E contract present,PASSED - fields and action rendered,NOT TESTED,PARTIAL,apps/web/src/app/(dashboard)/settings/profile/page.tsx; apps/web/src/app/(dashboard)/settings/profile/change-password-form.tsx,Live persisted rotation blocked in Docker browser
sales,Account settings,/settings/profile,Supabase Auth token and user endpoints,Manage,ALLOW - own account only,VISIBLE FROM SETTINGS,ALLOW,Authenticated reauthentication and same-user update,Own authenticated account,PASSED - unit and E2E contract present,PASSED - fields and action rendered,NOT TESTED,PARTIAL,apps/web/src/app/(dashboard)/settings/profile/page.tsx; apps/web/src/app/(dashboard)/settings/profile/change-password-form.tsx,Live persisted rotation blocked in Docker browser
commercial,Account settings,/settings/profile,Supabase Auth token and user endpoints,Manage,ALLOW - own account only,VISIBLE FROM SETTINGS,ALLOW,Authenticated reauthentication and same-user update,Own authenticated account,PASSED - unit and E2E contract present,PASSED - fields and action rendered,NOT TESTED,PARTIAL,apps/web/src/app/(dashboard)/settings/profile/page.tsx; apps/web/src/app/(dashboard)/settings/profile/change-password-form.tsx,Live persisted rotation blocked in Docker browser
design,Account settings,/settings/profile,Supabase Auth token and user endpoints,Manage,ALLOW - own account only,VISIBLE FROM SETTINGS,ALLOW,Authenticated reauthentication and same-user update,Own authenticated account,PASSED - unit and E2E contract present,PASSED - fields and action rendered,NOT TESTED,PARTIAL,apps/web/src/app/(dashboard)/settings/profile/page.tsx; apps/web/src/app/(dashboard)/settings/profile/change-password-form.tsx,Live persisted rotation blocked in Docker browser
sd_pm_pe,Account settings,/settings/profile,Supabase Auth token and user endpoints,Manage,ALLOW - own account only,VISIBLE FROM SETTINGS,ALLOW,Authenticated reauthentication and same-user update,Own authenticated account,PASSED - unit and E2E contract present,PASSED - fields and action rendered,NOT TESTED,PARTIAL,apps/web/src/app/(dashboard)/settings/profile/page.tsx; apps/web/src/app/(dashboard)/settings/profile/change-password-form.tsx,Live persisted rotation blocked in Docker browser
finance,Account settings,/settings/profile,Supabase Auth token and user endpoints,Manage,ALLOW - own account only,VISIBLE FROM SETTINGS,ALLOW,Authenticated reauthentication and same-user update,Own authenticated account,PASSED - unit and E2E contract present,PASSED - fields and action rendered,NOT TESTED,PARTIAL,apps/web/src/app/(dashboard)/settings/profile/page.tsx; apps/web/src/app/(dashboard)/settings/profile/change-password-form.tsx,Live persisted rotation blocked in Docker browser
procurement,Account settings,/settings/profile,Supabase Auth token and user endpoints,Manage,ALLOW - own account only,VISIBLE FROM SETTINGS,ALLOW,Authenticated reauthentication and same-user update,Own authenticated account,PASSED - unit and E2E contract present,PASSED - fields and action rendered,NOT TESTED,PARTIAL,apps/web/src/app/(dashboard)/settings/profile/page.tsx; apps/web/src/app/(dashboard)/settings/profile/change-password-form.tsx,Live persisted rotation blocked in Docker browser
safety,Account settings,/settings/profile,Supabase Auth token and user endpoints,Manage,ALLOW - own account only,VISIBLE FROM SETTINGS,ALLOW,Authenticated reauthentication and same-user update,Own authenticated account,PASSED - unit and E2E contract present,PASSED - fields and action rendered,NOT TESTED,PARTIAL,apps/web/src/app/(dashboard)/settings/profile/page.tsx; apps/web/src/app/(dashboard)/settings/profile/change-password-form.tsx,Live persisted rotation blocked in Docker browser
cx,Account settings,/settings/profile,Supabase Auth token and user endpoints,Manage,ALLOW - own account only,VISIBLE FROM SETTINGS,ALLOW,Authenticated reauthentication and same-user update,Own authenticated account,PASSED - unit and E2E contract present,PASSED - fields and action rendered,NOT TESTED,PARTIAL,apps/web/src/app/(dashboard)/settings/profile/page.tsx; apps/web/src/app/(dashboard)/settings/profile/change-password-form.tsx,Live persisted rotation blocked in Docker browser
viewer,Account settings,/settings/profile,Supabase Auth token and user endpoints,Manage,ALLOW - own account only,VISIBLE FROM SETTINGS,ALLOW,Authenticated reauthentication and same-user update,Own authenticated account,PASSED - unit and E2E contract present,PASSED - fields and action rendered,NOT TESTED,PARTIAL,apps/web/src/app/(dashboard)/settings/profile/page.tsx; apps/web/src/app/(dashboard)/settings/profile/change-password-form.tsx,Live persisted rotation blocked in Docker browser
owner,Account recovery,/auth/update-password,/api/auth/callback; /api/auth/recovery-complete; Supabase Auth user endpoint,Manage,ALLOW - verified recent recovery session only,HIDDEN,DENY for ordinary session,Recovery code plus bound HttpOnly marker plus authenticated update,Own authenticated account,PASSED - callback middleware and built-app E2E,PASSED - ordinary session denied,NOT TESTED,PARTIAL,apps/web/src/app/api/auth/callback/route.test.ts; apps/web/src/middleware.test.ts; apps/web/e2e/auth.spec.ts,Mailbox delivery and recovery-link completion not verified
estimator,Account recovery,/auth/update-password,/api/auth/callback; /api/auth/recovery-complete; Supabase Auth user endpoint,Manage,ALLOW - verified recent recovery session only,HIDDEN,DENY for ordinary session,Recovery code plus bound HttpOnly marker plus authenticated update,Own authenticated account,PASSED - callback middleware and built-app E2E,BLOCKED,NOT TESTED,BLOCKED,apps/web/src/app/api/auth/callback/route.test.ts; apps/web/src/middleware.test.ts; apps/web/e2e/auth.spec.ts,No browser identity and mailbox delivery not verified
pm,Account recovery,/auth/update-password,/api/auth/callback; /api/auth/recovery-complete; Supabase Auth user endpoint,Manage,ALLOW - verified recent recovery session only,HIDDEN,DENY for ordinary session,Recovery code plus bound HttpOnly marker plus authenticated update,Own authenticated account,PASSED - callback middleware and built-app E2E,BLOCKED,NOT TESTED,BLOCKED,apps/web/src/app/api/auth/callback/route.test.ts; apps/web/src/middleware.test.ts; apps/web/e2e/auth.spec.ts,No browser identity and mailbox delivery not verified
admin,Account recovery,/auth/update-password,/api/auth/callback; /api/auth/recovery-complete; Supabase Auth user endpoint,Manage,ALLOW - verified recent recovery session only,HIDDEN,DENY for ordinary session,Recovery code plus bound HttpOnly marker plus authenticated update,Own authenticated account,PASSED - callback middleware and built-app E2E,PASSED - ordinary session denied,NOT TESTED,PARTIAL,apps/web/src/app/api/auth/callback/route.test.ts; apps/web/src/middleware.test.ts; apps/web/e2e/auth.spec.ts,Mailbox delivery and recovery-link completion not verified
sales,Account recovery,/auth/update-password,/api/auth/callback; /api/auth/recovery-complete; Supabase Auth user endpoint,Manage,ALLOW - verified recent recovery session only,HIDDEN,DENY for ordinary session,Recovery code plus bound HttpOnly marker plus authenticated update,Own authenticated account,PASSED - callback middleware and built-app E2E,PASSED - ordinary session denied,NOT TESTED,PARTIAL,apps/web/src/app/api/auth/callback/route.test.ts; apps/web/src/middleware.test.ts; apps/web/e2e/auth.spec.ts,Mailbox delivery and recovery-link completion not verified
commercial,Account recovery,/auth/update-password,/api/auth/callback; /api/auth/recovery-complete; Supabase Auth user endpoint,Manage,ALLOW - verified recent recovery session only,HIDDEN,DENY for ordinary session,Recovery code plus bound HttpOnly marker plus authenticated update,Own authenticated account,PASSED - callback middleware and built-app E2E,PASSED - ordinary session denied,NOT TESTED,PARTIAL,apps/web/src/app/api/auth/callback/route.test.ts; apps/web/src/middleware.test.ts; apps/web/e2e/auth.spec.ts,Mailbox delivery and recovery-link completion not verified
design,Account recovery,/auth/update-password,/api/auth/callback; /api/auth/recovery-complete; Supabase Auth user endpoint,Manage,ALLOW - verified recent recovery session only,HIDDEN,DENY for ordinary session,Recovery code plus bound HttpOnly marker plus authenticated update,Own authenticated account,PASSED - callback middleware and built-app E2E,PASSED - ordinary session denied,NOT TESTED,PARTIAL,apps/web/src/app/api/auth/callback/route.test.ts; apps/web/src/middleware.test.ts; apps/web/e2e/auth.spec.ts,Mailbox delivery and recovery-link completion not verified
sd_pm_pe,Account recovery,/auth/update-password,/api/auth/callback; /api/auth/recovery-complete; Supabase Auth user endpoint,Manage,ALLOW - verified recent recovery session only,HIDDEN,DENY for ordinary session,Recovery code plus bound HttpOnly marker plus authenticated update,Own authenticated account,PASSED - callback middleware and built-app E2E,PASSED - ordinary session denied,NOT TESTED,PARTIAL,apps/web/src/app/api/auth/callback/route.test.ts; apps/web/src/middleware.test.ts; apps/web/e2e/auth.spec.ts,Mailbox delivery and recovery-link completion not verified
finance,Account recovery,/auth/update-password,/api/auth/callback; /api/auth/recovery-complete; Supabase Auth user endpoint,Manage,ALLOW - verified recent recovery session only,HIDDEN,DENY for ordinary session,Recovery code plus bound HttpOnly marker plus authenticated update,Own authenticated account,PASSED - callback middleware and built-app E2E,PASSED - ordinary session denied,NOT TESTED,PARTIAL,apps/web/src/app/api/auth/callback/route.test.ts; apps/web/src/middleware.test.ts; apps/web/e2e/auth.spec.ts,Mailbox delivery and recovery-link completion not verified
procurement,Account recovery,/auth/update-password,/api/auth/callback; /api/auth/recovery-complete; Supabase Auth user endpoint,Manage,ALLOW - verified recent recovery session only,HIDDEN,DENY for ordinary session,Recovery code plus bound HttpOnly marker plus authenticated update,Own authenticated account,PASSED - callback middleware and built-app E2E,PASSED - ordinary session denied,NOT TESTED,PARTIAL,apps/web/src/app/api/auth/callback/route.test.ts; apps/web/src/middleware.test.ts; apps/web/e2e/auth.spec.ts,Mailbox delivery and recovery-link completion not verified
safety,Account recovery,/auth/update-password,/api/auth/callback; /api/auth/recovery-complete; Supabase Auth user endpoint,Manage,ALLOW - verified recent recovery session only,HIDDEN,DENY for ordinary session,Recovery code plus bound HttpOnly marker plus authenticated update,Own authenticated account,PASSED - callback middleware and built-app E2E,PASSED - ordinary session denied,NOT TESTED,PARTIAL,apps/web/src/app/api/auth/callback/route.test.ts; apps/web/src/middleware.test.ts; apps/web/e2e/auth.spec.ts,Mailbox delivery and recovery-link completion not verified
cx,Account recovery,/auth/update-password,/api/auth/callback; /api/auth/recovery-complete; Supabase Auth user endpoint,Manage,ALLOW - verified recent recovery session only,HIDDEN,DENY for ordinary session,Recovery code plus bound HttpOnly marker plus authenticated update,Own authenticated account,PASSED - callback middleware and built-app E2E,PASSED - ordinary session denied,NOT TESTED,PARTIAL,apps/web/src/app/api/auth/callback/route.test.ts; apps/web/src/middleware.test.ts; apps/web/e2e/auth.spec.ts,Mailbox delivery and recovery-link completion not verified
viewer,Account recovery,/auth/update-password,/api/auth/callback; /api/auth/recovery-complete; Supabase Auth user endpoint,Manage,ALLOW - verified recent recovery session only,HIDDEN,DENY for ordinary session,Recovery code plus bound HttpOnly marker plus authenticated update,Own authenticated account,PASSED - callback middleware and built-app E2E,PASSED - ordinary session denied,NOT TESTED,PARTIAL,apps/web/src/app/api/auth/callback/route.test.ts; apps/web/src/middleware.test.ts; apps/web/e2e/auth.spec.ts,Mailbox delivery and recovery-link completion not verified
owner,AI project chat,/projects/[id],/api/ai/chat,View,ALLOW - context limited by central domain policies,PROJECT DETAIL ASSISTANT,ALLOW WHEN AUTHENTICATED,project.read plus per-domain BOM finance and PO policy,Tenant and requested project scope,PASSED - all-role route tests,NOT TESTED,NOT RUN,PARTIAL,apps/web/src/app/api/ai/chat/route.test.ts; apps/web/src/app/api/ai/chat/route.ts,Live data-bearing provider response not run
estimator,AI project chat,/projects/[id],/api/ai/chat,View,ALLOW - context limited by central domain policies,PROJECT DETAIL ASSISTANT,ALLOW WHEN AUTHENTICATED,project.read plus per-domain BOM finance and PO policy,Tenant and requested project scope,PASSED - all-role route tests,BLOCKED,NOT RUN,BLOCKED,apps/web/src/app/api/ai/chat/route.test.ts; apps/web/src/app/api/ai/chat/route.ts,No supplied or seeded browser identity
pm,AI project chat,/projects/[id],/api/ai/chat,View,ALLOW - context limited by central domain policies,PROJECT DETAIL ASSISTANT,ALLOW WHEN AUTHENTICATED,project.read plus per-domain BOM finance and PO policy,Tenant and requested project scope,PASSED - all-role route tests,BLOCKED,NOT RUN,BLOCKED,apps/web/src/app/api/ai/chat/route.test.ts; apps/web/src/app/api/ai/chat/route.ts,No supplied or seeded browser identity
admin,AI project chat,/projects/[id],/api/ai/chat,View,ALLOW - context limited by central domain policies,PROJECT DETAIL ASSISTANT,ALLOW WHEN AUTHENTICATED,project.read plus per-domain BOM finance and PO policy,Tenant and requested project scope,PASSED - all-role route tests,NOT TESTED,NOT RUN,PARTIAL,apps/web/src/app/api/ai/chat/route.test.ts; apps/web/src/app/api/ai/chat/route.ts,Live data-bearing provider response not run
sales,AI project chat,/projects/[id],/api/ai/chat,View,ALLOW - context limited by central domain policies,PROJECT DETAIL ASSISTANT,ALLOW WHEN AUTHENTICATED,project.read plus per-domain BOM finance and PO policy,Tenant and requested project scope,PASSED - all-role route tests,NOT TESTED,NOT RUN,PARTIAL,apps/web/src/app/api/ai/chat/route.test.ts; apps/web/src/app/api/ai/chat/route.ts,Live data-bearing provider response not run
commercial,AI project chat,/projects/[id],/api/ai/chat,View,ALLOW - context limited by central domain policies,PROJECT DETAIL ASSISTANT,ALLOW WHEN AUTHENTICATED,project.read plus per-domain BOM finance and PO policy,Tenant and requested project scope,PASSED - all-role route tests,PASSED - project UI and API 400,NOT RUN,PARTIAL,apps/web/src/app/api/ai/chat/route.test.ts; isolated Chromium API and UI 2026-09-02,Live data-bearing provider response not run
design,AI project chat,/projects/[id],/api/ai/chat,View,ALLOW - context limited by central domain policies,PROJECT DETAIL ASSISTANT,ALLOW WHEN AUTHENTICATED,project.read plus per-domain BOM finance and PO policy,Tenant and requested project scope,PASSED - all-role route tests,NOT TESTED,NOT RUN,PARTIAL,apps/web/src/app/api/ai/chat/route.test.ts; apps/web/src/app/api/ai/chat/route.ts,Live data-bearing provider response not run
sd_pm_pe,AI project chat,/projects/[id],/api/ai/chat,View,ALLOW - context limited by central domain policies,PROJECT DETAIL ASSISTANT,ALLOW WHEN AUTHENTICATED,project.read plus per-domain BOM finance and PO policy,Tenant and requested project scope,PASSED - all-role route tests,NOT TESTED,NOT RUN,PARTIAL,apps/web/src/app/api/ai/chat/route.test.ts; apps/web/src/app/api/ai/chat/route.ts,Live data-bearing provider response not run
finance,AI project chat,/projects/[id],/api/ai/chat,View,ALLOW - context limited by central domain policies,PROJECT DETAIL ASSISTANT,ALLOW WHEN AUTHENTICATED,project.read plus per-domain BOM finance and PO policy,Tenant and requested project scope,PASSED - all-role route tests,PASSED - project UI and API 400,NOT RUN,PARTIAL,apps/web/src/app/api/ai/chat/route.test.ts; isolated Chromium API and UI 2026-09-02,Live data-bearing provider response not run
procurement,AI project chat,/projects/[id],/api/ai/chat,View,ALLOW - context limited by central domain policies,PROJECT DETAIL ASSISTANT,ALLOW WHEN AUTHENTICATED,project.read plus per-domain BOM finance and PO policy,Tenant and requested project scope,PASSED - all-role route tests,NOT TESTED,NOT RUN,PARTIAL,apps/web/src/app/api/ai/chat/route.test.ts; apps/web/src/app/api/ai/chat/route.ts,Live data-bearing provider response not run
safety,AI project chat,/projects/[id],/api/ai/chat,View,ALLOW - context limited by central domain policies,PROJECT DETAIL ASSISTANT,ALLOW WHEN AUTHENTICATED,project.read plus per-domain BOM finance and PO policy,Tenant and requested project scope,PASSED - all-role route tests,NOT TESTED,NOT RUN,PARTIAL,apps/web/src/app/api/ai/chat/route.test.ts; apps/web/src/app/api/ai/chat/route.ts,Live data-bearing provider response not run
cx,AI project chat,/projects/[id],/api/ai/chat,View,ALLOW - context limited by central domain policies,PROJECT DETAIL ASSISTANT,ALLOW WHEN AUTHENTICATED,project.read plus per-domain BOM finance and PO policy,Tenant and requested project scope,PASSED - all-role route tests,NOT TESTED,NOT RUN,PARTIAL,apps/web/src/app/api/ai/chat/route.test.ts; apps/web/src/app/api/ai/chat/route.ts,Live data-bearing provider response not run
viewer,AI project chat,/projects/[id],/api/ai/chat,View,ALLOW - project context only under current policy,PROJECT DETAIL ASSISTANT,ALLOW WHEN AUTHENTICATED,project.read allowed; BOM finance and PO context denied,Tenant and requested project scope,PASSED - all-role route tests,PASSED - 401 400 503 and project UI,NOT RUN,PARTIAL,apps/web/src/app/api/ai/chat/route.test.ts; isolated Chromium API and UI 2026-09-02,Live data-bearing provider response not run
owner,Project detail authorization,/projects/[id] and sensitive sub-routes,N/A (server pages and actions),View,ALLOW project BOM PO Cost Billing Delivery Audit Access,POLICY FILTERED,ALLOW by domain policy,getProjectDetailAccess before domain query; existing action capabilities retained,Tenant and requested project scope,PASSED - all-role projection and focused route tests,PASSED - six sensitive routes plus overview,NOT RUN,PARTIAL,project-detail-access.test.tsx; project-sensitive-routes.test.tsx; isolated Chromium 2026-09-03,Database-backed budget trigger not exercised
estimator,Project detail authorization,/projects/[id] and sensitive sub-routes,N/A (server pages and actions),View,ALLOW project BOM PO Cost; DENY Billing Delivery Audit Access,POLICY FILTERED,ALLOW or DENY by domain policy,getProjectDetailAccess before domain query; existing action capabilities retained,Tenant and requested project scope,PASSED - all-role projection and focused route tests,BLOCKED,NOT RUN,BLOCKED,project-detail-access.test.tsx; project-sensitive-routes.test.tsx,No supplied or seeded browser identity
pm,Project detail authorization,/projects/[id] and sensitive sub-routes,N/A (server pages and actions),View,ALLOW project PO Cost Delivery Audit; DENY BOM Billing Access,POLICY FILTERED,ALLOW or DENY by domain policy,getProjectDetailAccess before domain query; existing action capabilities retained,Tenant and requested project scope,PASSED - all-role projection and focused route tests,BLOCKED,NOT RUN,BLOCKED,project-detail-access.test.tsx; project-sensitive-routes.test.tsx,No supplied or seeded browser identity
admin,Project detail authorization,/projects/[id] and sensitive sub-routes,N/A (server pages and actions),View,ALLOW project BOM PO Cost Billing Delivery Audit Access,POLICY FILTERED,ALLOW by domain policy,getProjectDetailAccess before domain query; existing action capabilities retained,Tenant and requested project scope,PASSED - all-role projection and focused route tests,PASSED - six sensitive routes plus overview,NOT RUN,PARTIAL,project-detail-access.test.tsx; project-sensitive-routes.test.tsx; isolated Chromium 2026-09-03,Database-backed budget trigger not exercised
sales,Project detail authorization,/projects/[id] and sensitive sub-routes,N/A (server pages and actions),View,ALLOW project; DENY BOM PO Cost Billing Delivery Audit Access,POLICY FILTERED,ALLOW base; DENY sensitive routes,getProjectDetailAccess before domain query; existing action capabilities retained,Tenant and requested project scope,PASSED - all-role projection and focused route tests,PASSED - six sensitive routes plus overview,NOT RUN,PARTIAL,project-detail-access.test.tsx; project-sensitive-routes.test.tsx; isolated Chromium 2026-09-03,Database-backed budget trigger not exercised
commercial,Project detail authorization,/projects/[id] and sensitive sub-routes,N/A (server pages and actions),View,ALLOW project BOM PO Cost; DENY Billing Delivery Audit Access,POLICY FILTERED,ALLOW or DENY by domain policy,getProjectDetailAccess before domain query; existing action capabilities retained,Tenant and requested project scope,PASSED - all-role projection and focused route tests,PASSED - six sensitive routes plus overview,NOT RUN,PARTIAL,project-detail-access.test.tsx; project-sensitive-routes.test.tsx; isolated Chromium 2026-09-03,Database-backed budget trigger not exercised
design,Project detail authorization,/projects/[id] and sensitive sub-routes,N/A (server pages and actions),View,ALLOW project; DENY BOM PO Cost Billing Delivery Audit Access,POLICY FILTERED,ALLOW base; DENY sensitive routes,getProjectDetailAccess before domain query; existing action capabilities retained,Tenant and requested project scope,PASSED - all-role projection and focused route tests,PASSED - six sensitive routes plus overview,NOT RUN,PARTIAL,project-detail-access.test.tsx; project-sensitive-routes.test.tsx; isolated Chromium 2026-09-03,Database-backed budget trigger not exercised
sd_pm_pe,Project detail authorization,/projects/[id] and sensitive sub-routes,N/A (server pages and actions),View,ALLOW project PO Cost Delivery; DENY BOM Billing Audit Access,POLICY FILTERED,ALLOW or DENY by domain policy,getProjectDetailAccess before domain query; existing action capabilities retained,Tenant and requested project scope,PASSED - all-role projection and focused route tests,PASSED - six sensitive routes plus overview,NOT RUN,PARTIAL,project-detail-access.test.tsx; project-sensitive-routes.test.tsx; isolated Chromium 2026-09-03,Database-backed budget trigger not exercised
finance,Project detail authorization,/projects/[id] and sensitive sub-routes,N/A (server pages and actions),View,ALLOW project Cost Billing Audit; DENY BOM PO Delivery Access,POLICY FILTERED,ALLOW or DENY by domain policy,getProjectDetailAccess before domain query; existing action capabilities retained,Tenant and requested project scope,PASSED - all-role projection and focused route tests,PASSED - six sensitive routes plus overview,NOT RUN,PARTIAL,project-detail-access.test.tsx; project-sensitive-routes.test.tsx; isolated Chromium 2026-09-03,Database-backed budget trigger not exercised
procurement,Project detail authorization,/projects/[id] and sensitive sub-routes,N/A (server pages and actions),View,ALLOW project PO Cost Delivery; DENY BOM Billing Audit Access,POLICY FILTERED,ALLOW or DENY by domain policy,getProjectDetailAccess before domain query; existing action capabilities retained,Tenant and requested project scope,PASSED - all-role projection and focused route tests,PASSED - six sensitive routes plus overview,NOT RUN,PARTIAL,project-detail-access.test.tsx; project-sensitive-routes.test.tsx; isolated Chromium 2026-09-03,Database-backed budget trigger not exercised
safety,Project detail authorization,/projects/[id] and sensitive sub-routes,N/A (server pages and actions),View,ALLOW project; DENY BOM PO Cost Billing Delivery Audit Access,POLICY FILTERED,ALLOW base; DENY sensitive routes,getProjectDetailAccess before domain query; existing action capabilities retained,Tenant and requested project scope,PASSED - all-role projection and focused route tests,PASSED - six sensitive routes plus overview,NOT RUN,PARTIAL,project-detail-access.test.tsx; project-sensitive-routes.test.tsx; isolated Chromium 2026-09-03,Database-backed budget trigger not exercised
cx,Project detail authorization,/projects/[id] and sensitive sub-routes,N/A (server pages and actions),View,ALLOW project; DENY BOM PO Cost Billing Delivery Audit Access,POLICY FILTERED,ALLOW base; DENY sensitive routes,getProjectDetailAccess before domain query; existing action capabilities retained,Tenant and requested project scope,PASSED - all-role projection and focused route tests,PASSED - six sensitive routes plus overview,NOT RUN,PARTIAL,project-detail-access.test.tsx; project-sensitive-routes.test.tsx; isolated Chromium 2026-09-03,Database-backed budget trigger not exercised
viewer,Project detail authorization,/projects/[id] and sensitive sub-routes,N/A (server pages and actions),View,ALLOW project Cost Audit; DENY BOM PO Billing Delivery Access,POLICY FILTERED,ALLOW or DENY by domain policy,getProjectDetailAccess before domain query; existing action capabilities retained,Tenant and requested project scope,PASSED - all-role projection and focused route tests,PASSED - six sensitive routes plus overview,NOT RUN,PARTIAL,project-detail-access.test.tsx; project-sensitive-routes.test.tsx; isolated Chromium 2026-09-03,Database-backed budget trigger not exercised
